row_index,fold
0,3
1,3
2,4
3,4
4,0
5,1
6,0
7,3
8,2
9,4
10,4
11,3
12,4
13,4
14,2
15,1
16,1
17,4
18,2
19,3
20,3
21,0
22,2
23,4
24,3
25,1
26,1
27,0
28,2
29,1
30,4
31,1
32,1
33,0
34,3
35,3
36,3
37,0
38,1
39,3
40,0
41,3
42,1
43,4
44,4
45,0
46,4
47,2
48,0
49,2
50,4
51,0
52,4
53,2
54,3
55,1
56,1
57,2
58,4
59,4
60,3
61,0
62,2
63,3
64,1
65,3
66,1
67,0
68,1
69,3
70,4
71,4
72,4
73,0
74,3
75,4
76,0
77,2
78,3
79,2
80,3
81,3
82,3
83,3
84,0
85,3
86,4
87,1
88,4
89,3
90,1
91,4
92,0
93,1
94,3
95,4
96,3
97,4
98,3
99,2
100,3
101,4
102,1
103,2
104,3
105,3
106,4
107,1
108,2
109,4
110,2
111,1
112,2
113,0
114,3
115,3
116,4
117,3
118,2
119,0
120,0
121,0
122,3
123,0
124,0
125,1
126,1
127,2
128,0
129,2
130,4
131,0
132,3
133,2
134,4
135,3
136,3
137,4
138,0
139,3
140,3
141,3
142,2
143,4
144,2
145,4
146,4
147,1
148,3
149,2
150,1
151,1
152,4
153,3
154,1
155,1
156,2
157,1
158,0
159,3
160,4
161,0
162,0
163,4
164,0
165,3
166,0
167,4
168,0
169,0
170,3
171,3
172,4
173,1
174,3
175,4
176,1
177,2
178,1
179,3
180,4
181,4
182,1
183,4
184,0
185,1
186,0
187,1
188,1
189,3
190,1
191,0
192,3
193,2
194,3
195,3
196,4
197,3
198,3
199,4
200,2
201,4
202,4
203,0
204,4
205,0
206,1
207,3
208,4
209,1
210,1
211,4
212,4
213,0
214,4
215,2
216,2
217,1
218,3
219,4
220,2
221,4
222,4
223,4
224,0
225,3
226,4
227,2
228,1
229,3
230,1
231,0
232,1
233,4
234,0
235,4
236,2
237,1
238,0
239,2
240,1
241,1
242,3
243,3
244,1
245,0
246,2
247,4
248,4
249,0
250,4
251,1
252,2
253,3
254,3
255,0
256,4
257,1
258,3
259,1
260,2
261,1
262,3
263,3
264,0
265,4
266,3
267,0
268,4
269,2
270,4
271,1
272,3
273,3
274,2
275,1
276,3
277,3
278,4
279,1
280,3
281,1
282,0
283,3
284,3
285,2
286,2
287,3
288,3
289,3
290,4
291,3
292,0
293,3
294,0
295,2
296,0
297,2
298,4
299,0
300,2
301,2
302,3
303,3
304,0
305,1
306,1
307,0
308,3
309,1
310,2
311,0
312,4
313,2
314,1
315,2
316,2
317,3
318,0
319,4
320,1
321,2
322,2
323,4
324,3
325,1
326,0
327,1
328,2
329,1
330,2
331,1
332,4
333,1
334,3
335,2
336,4
337,0
338,2
339,1
340,4
341,4
342,4
343,1
344,3
345,0
346,1
347,2
348,0
349,2
350,2
351,1
352,4
353,4
354,0
355,1
356,0
357,2
358,2
359,0
360,4
361,1
362,2
363,3
364,4
365,2
366,2
367,1
368,0
369,2
370,4
371,2
372,1
373,1
374,0
375,0
376,3
377,1
378,1
379,3
380,0
381,2
382,1
383,3
384,2
385,1
386,2
387,1
388,4
389,3
390,2
391,4
392,1
393,1
394,2
395,0
396,1
397,3
398,0
399,3
400,2
401,1
402,4
403,2
404,3
405,1
406,3
407,0
408,3
409,3
410,0
411,2
412,1
413,2
414,4
415,3
416,1
417,0
418,1
419,3
420,2
421,1
422,2
423,0
424,4
425,4
426,0
427,0
428,3
429,1
430,4
431,4
432,1
433,0
434,0
435,2
436,0
437,4
438,4
439,1
440,1
441,0
442,2
443,0
444,4
445,1
446,3
447,0
448,3
449,2
450,3
451,2
452,1
453,3
454,3
455,1
456,4
457,0
458,0
459,0
460,1
461,4
462,4
463,2
464,4
465,0
466,0
467,2
468,2
469,2
470,3
471,4
472,1
473,4
474,4
475,1
476,1
477,1
478,4
479,1
480,4
481,0
482,2
483,0
484,2
485,2
486,2
487,2
488,2
489,3
490,2
491,4
492,3
493,0
494,0
495,1
496,3
497,2
498,2
499,0
500,3
501,3
502,0
503,0
504,1
505,2
506,4
507,1
508,1
509,3
510,1
511,4
512,1
513,2
514,2
515,3
516,1
517,1
518,2
519,3
520,0
521,2
522,0
523,3
524,2
525,2
526,4
527,2
528,2
529,4
530,3
531,2
532,2
533,4
534,4
535,1
536,1
537,1
538,0
539,1
540,2
541,4
542,0
543,2
544,4
545,3
546,2
547,2
548,3
549,1
550,4
551,3
552,2
553,3
554,3
555,3
556,4
557,3
558,0
559,3
560,3
561,0
562,1
563,0
564,2
565,1
566,3
567,0
568,4
569,2
570,1
571,2
572,2
573,1
574,1
575,2
576,0
577,4
578,2
579,0
580,4
581,1
582,3
583,4
584,1
585,2
586,2
587,1
588,0
589,3
590,4
591,4
592,4
593,2
594,4
595,3
596,2
597,0
598,4
599,3
600,0
601,0
602,3
603,2
604,3
605,3
606,0
607,0
608,3
609,2
610,2
611,3
612,0
613,3
614,4
615,3
616,0
617,3
618,0
619,2
620,3
621,1
622,2
623,4
624,1
625,3
626,4
627,3
628,3
629,4
630,2
631,4
632,2
633,1
634,2
635,2
636,4
637,0
638,4
639,2
640,0
641,4
642,4
643,2
644,3
645,3
646,4
647,3
648,3
649,2
650,0
651,3
652,3
653,3
654,2
655,2
656,2
657,3
658,3
659,1
660,4
661,2
662,4
663,4
664,4
665,2
666,2
667,4
668,0
669,4
670,1
671,3
672,0
673,1
674,1
675,2
676,4
677,4
678,3
679,4
680,1
681,1
682,3
683,0
684,3
685,0
686,1
687,1
688,2
689,4
690,0
691,3
692,1
693,3
694,4
695,2
696,3
697,2
698,3
699,4
700,2
701,1
702,0
703,0
704,4
705,2
706,1
707,3
708,3
709,1
710,1
711,1
712,0
713,0
714,4
715,0
716,1
717,3
718,1
719,4
720,4
721,4
722,4
723,0
724,1
725,4
726,0
727,0
728,3
729,3
730,3
731,0
732,4
733,0
734,2
735,2
736,0
737,3
738,1
739,3
740,2
741,0
742,4
743,1
744,0
745,2
746,1
747,3
748,1
749,1
750,4
751,3
752,4
753,4
754,2
755,1
756,2
757,0
758,4
759,0
760,0
761,1
762,2
763,2
764,0
765,2
766,2
767,3
768,3
769,1
770,4
771,4
772,4
773,4
774,1
775,0
776,1
777,0
778,0
779,1
780,4
781,4
782,1
783,1
784,0
785,0
786,1
787,2
788,4
789,0
790,0
791,1
792,2
793,4
794,4
795,0
796,4
797,2
798,3
799,4
800,3
801,1
802,0
803,3
804,2
805,2
806,1
807,2
808,2
809,1
810,4
811,4
812,4
813,3
814,4
815,4
816,4
817,2
818,4
819,3
820,4
821,1
822,3
823,3
824,3
825,3
826,2
827,0
828,0
829,2
830,1
831,2
832,2
833,2
834,0
835,4
836,1
837,4
838,2
839,2
840,0
841,1
842,0
843,4
844,0
845,2
846,4
847,1
848,2
849,4
850,4
851,0
852,1
853,0
854,0
855,3
856,0
857,0
858,3
859,1
860,3
861,0
862,3
863,4
864,2
865,4
866,3
867,2
868,1
869,3
870,2
871,4
872,1
873,4
874,1
875,4
876,3
877,3
878,3
879,4
880,2
881,2
882,3
883,0
884,3
885,0
886,2
887,3
888,1
889,1
890,1
891,3
892,2
893,4
894,2
895,1
896,3
897,1
898,4
899,3
900,1
901,3
902,3
903,2
904,2
905,1
906,4
907,0
908,4
909,2
910,3
911,0
912,3
913,4
914,2
915,1
916,3
917,4
918,4
919,2
920,2
921,4
922,2
923,1
924,3
925,1
926,1
927,4
928,3
929,2
930,0
931,1
932,2
933,4
934,2
935,4
936,3
937,1
938,4
939,0
940,2
941,2
942,3
943,0
944,3
945,2
946,1
947,2
948,1
949,4
950,1
951,2
952,1
953,1
954,2
955,3
956,4
957,3
958,1
959,3
960,1
961,1
962,2
963,1
964,2
965,0
966,3
967,0
968,4
969,0
970,0
971,0
972,3
973,2
974,3
975,4
976,3
977,1
978,0
979,3
980,1
981,2
982,2
983,2
984,3
985,1
986,3
987,4
988,2
989,3
990,2
991,2
992,0
993,4
994,1
995,1
996,1
997,3
998,0
999,4
1000,0
1001,1
1002,2
1003,3
1004,0
1005,2
1006,1
1007,1
1008,3
1009,1
1010,4
1011,1
1012,1
1013,3
1014,1
1015,3
1016,1
1017,2
1018,0
1019,1
1020,4
1021,0
1022,3
1023,2
1024,0
1025,2
1026,3
1027,3
1028,0
1029,2
1030,3
1031,0
1032,1
1033,1
1034,0
1035,0
1036,4
1037,1
1038,3
1039,0
1040,2
1041,4
1042,1
1043,3
1044,4
1045,1
1046,0
1047,0
1048,4
1049,3
1050,4
1051,1
1052,3
1053,1
1054,2
1055,4
1056,3
1057,0
1058,4
1059,4
1060,4
1061,0
1062,0
1063,2
1064,0
1065,4
1066,3
1067,0
1068,3
1069,0
1070,2
1071,4
1072,0
1073,4
1074,3
1075,0
1076,1
1077,0
1078,3
1079,3
1080,4
1081,1
1082,1
1083,0
1084,2
1085,4
1086,4
1087,4
1088,1
1089,1
1090,0
1091,3
1092,3
1093,1
1094,2
1095,3
1096,4
1097,2
1098,0
1099,4
1100,3
1101,3
1102,3
1103,0
1104,0
1105,1
1106,2
1107,3
1108,2
1109,4
1110,1
1111,0
1112,1
1113,3
1114,1
1115,3
1116,0
1117,0
1118,2
1119,0
1120,4
1121,2
1122,2
1123,2
1124,0
1125,2
1126,4
1127,4
1128,2
1129,3
1130,4
1131,0
1132,1
1133,0
1134,1
1135,0
1136,3
1137,0
1138,0
1139,2
1140,4
1141,2
1142,4
1143,4
1144,3
1145,0
1146,0
1147,0
1148,3
1149,1
1150,2
1151,2
1152,3
1153,3
1154,2
1155,4
1156,3
1157,4
1158,1
1159,4
1160,0
1161,4
1162,4
1163,1
1164,3
1165,4
1166,1
1167,3
1168,1
1169,2
1170,3
1171,2
1172,4
1173,1
1174,3
1175,0
1176,0
1177,3
1178,3
1179,0
1180,4
1181,3
1182,3
1183,0
1184,4
1185,1
1186,0
1187,1
1188,2
1189,1
1190,0
1191,3
1192,0
1193,1
1194,1
1195,0
1196,0
1197,0
1198,4
1199,4
1200,1
1201,0
1202,1
1203,0
1204,3
1205,2
1206,3
1207,4
1208,3
1209,0
1210,3
1211,2
1212,3
1213,2
1214,0
1215,3
1216,0
1217,2
1218,1
1219,3
1220,4
1221,3
1222,0
1223,0
1224,4
1225,2
1226,1
1227,2
1228,4
1229,3
1230,3
1231,0
1232,3
1233,2
1234,4
1235,3
1236,2
1237,2
1238,0
1239,1
1240,4
1241,3
1242,0
1243,0
1244,3
1245,2
1246,0
1247,1
1248,4
1249,1
1250,4
1251,3
1252,1
1253,0
1254,1
1255,1
1256,2
1257,4
1258,2
1259,2
1260,2
1261,4
1262,3
1263,1
1264,4
1265,2
1266,3
1267,0
1268,2
1269,0
1270,4
1271,4
1272,2
1273,4
1274,4
1275,0
1276,0
1277,0
1278,1
1279,2
1280,3
1281,2
1282,2
1283,2
1284,2
1285,1
1286,4
1287,1
1288,3
1289,2
1290,1
1291,2
1292,3
1293,2
1294,3
1295,2
1296,2
1297,3
1298,3
1299,1
1300,2
1301,1
1302,1
1303,1
1304,0
1305,0
1306,1
1307,1
1308,4
1309,1
1310,0
1311,4
1312,0
1313,1
1314,4
1315,4
1316,1
1317,4
1318,3
1319,4
1320,4
1321,4
1322,0
1323,0
1324,3
1325,2
1326,1
1327,3
1328,2
1329,3
1330,2
1331,1
1332,0
1333,0
1334,0
1335,2
1336,2
1337,3
1338,4
1339,3
1340,2
1341,0
1342,0
1343,3
1344,2
1345,4
1346,0
1347,3
1348,3
1349,1
1350,2
1351,1
1352,3
1353,3
1354,2
1355,3
1356,0
1357,2
1358,2
1359,2
1360,0
1361,2
1362,4
1363,0
1364,1
1365,0
1366,4
1367,0
1368,3
1369,1
1370,0
1371,4
1372,2
1373,4
1374,2
1375,4
1376,4
1377,4
1378,2
1379,1
1380,1
1381,2
1382,3
1383,1
1384,0
1385,3
1386,4
1387,4
1388,1
1389,2
1390,0
1391,4
1392,3
1393,3
1394,4
1395,4
1396,2
1397,1
1398,3
1399,4
1400,4
1401,0
1402,0
1403,4
1404,1
1405,4
1406,4
1407,2
1408,4
1409,1
1410,1
1411,4
1412,3
1413,1
1414,3
1415,4
1416,1
1417,4
1418,2
1419,3
1420,0
1421,4
1422,1
1423,0
1424,2
1425,0
1426,0
1427,3
1428,1
1429,1
1430,0
1431,3
1432,0
1433,2
1434,1
1435,2
1436,4
1437,2
1438,4
1439,4
1440,3
1441,1
1442,3
1443,3
1444,4
1445,3
1446,2
1447,0
1448,2
1449,2
1450,1
1451,2
1452,3
1453,4
1454,4
1455,2
1456,2
1457,1
1458,3
1459,4
1460,2
1461,3
1462,2
1463,2
1464,2
1465,3
1466,0
1467,0
1468,0
1469,2
1470,4
1471,3
1472,0
1473,1
1474,1
1475,4
1476,3
1477,0
1478,2
1479,4
1480,3
1481,0
1482,3
1483,3
1484,2
1485,1
1486,0
1487,3
1488,4
1489,2
1490,3
1491,0
1492,2
1493,1
1494,1
1495,2
1496,0
1497,4
1498,2
1499,2
1500,1
1501,1
1502,3
1503,4
1504,4
1505,3
1506,0
1507,1
1508,4
1509,3
1510,1
1511,0
1512,4
1513,0
1514,1
1515,3
1516,0
1517,3
1518,1
1519,1
1520,2
1521,1
1522,0
1523,3
1524,0
1525,3
1526,3
1527,1
1528,3
1529,1
1530,3
1531,0
1532,2
1533,2
1534,4
1535,1
1536,4
1537,3
1538,3
1539,0
1540,0
1541,4
1542,4
1543,1
1544,4
1545,1
1546,2
1547,1
1548,2
1549,4
1550,0
1551,0
1552,0
1553,2
1554,3
1555,0
1556,0
1557,2
1558,4
1559,4
1560,4
1561,3
1562,0
1563,3
1564,2
1565,0
1566,1
1567,3
1568,2
1569,3
1570,2
1571,0
1572,0
1573,2
1574,0
1575,4
1576,1
1577,3
1578,1
1579,0
1580,0
1581,3
1582,3
1583,0
1584,2
1585,3
1586,1
1587,4
1588,3
1589,0
1590,1
1591,0
1592,1
1593,4
1594,1
1595,1
1596,2
1597,3
1598,4
1599,4
1600,4
1601,3
1602,4
1603,1
1604,2
1605,2
1606,4
1607,4
1608,1
1609,3
1610,1
1611,3
1612,0
1613,1
1614,2
1615,3
1616,3
1617,2
1618,1
1619,3
1620,1
1621,4
1622,3
1623,4
1624,0
1625,0
1626,4
1627,3
1628,1
1629,2
1630,1
1631,1
1632,0
1633,1
1634,1
1635,4
1636,2
1637,2
1638,4
1639,2
1640,4
1641,1
1642,2
1643,4
1644,1
1645,2
1646,2
1647,0
1648,0
1649,2
1650,1
1651,4
1652,2
1653,2
1654,2
1655,1
1656,0
1657,1
1658,4
1659,0
1660,0
1661,4
1662,4
1663,4
1664,0
1665,0
1666,3
1667,2
1668,3
1669,3
1670,0
1671,0
1672,4
1673,0
1674,4
1675,4
1676,4
1677,1
1678,3
1679,1
1680,2
1681,2
1682,4
1683,3
1684,4
1685,3
1686,2
1687,3
1688,2
1689,0
1690,2
1691,2
1692,4
1693,1
1694,0
1695,3
1696,0
1697,3
1698,2
1699,3
1700,0
1701,0
1702,0
1703,0
1704,2
1705,0
1706,0
1707,1
1708,4
1709,1
1710,3
1711,1
1712,0
1713,3
1714,3
1715,0
1716,0
1717,3
1718,4
1719,0
1720,3
1721,1
1722,0
1723,4
1724,0
1725,3
1726,4
1727,2
1728,2
1729,3
1730,0
1731,1
1732,1
1733,3
1734,4
1735,4
1736,2
1737,2
1738,1
1739,1
1740,2
1741,4
1742,2
1743,1
1744,4
1745,1
1746,4
1747,4
1748,3
1749,0
1750,1
1751,2
1752,3
1753,1
1754,3
1755,2
1756,1
1757,1
1758,1
1759,4
1760,0
1761,2
1762,4
1763,0
1764,0
1765,1
1766,0
1767,2
1768,1
1769,0
1770,3
1771,3
1772,2
1773,3
1774,2
1775,3
1776,1
1777,0
1778,4
1779,0
1780,3
1781,2
1782,3
1783,2
1784,0
1785,2
1786,1
1787,4
1788,2
1789,4
1790,4
1791,4
1792,2
1793,2
1794,4
1795,1
1796,2
1797,4
1798,2
1799,2
1800,0
1801,0
1802,3
1803,3
1804,0
1805,0
1806,2
1807,4
1808,4
1809,2
1810,4
1811,0
1812,1
1813,0
1814,4
1815,4
1816,2
1817,2
1818,3
1819,2
1820,1
1821,2
1822,1
1823,2
1824,4
1825,4
1826,3
1827,4
1828,2
1829,1
1830,4
1831,1
1832,3
1833,0
1834,2
1835,0
1836,4
1837,0
1838,3
1839,2
1840,4
1841,0
1842,2
1843,0
1844,3
1845,1
1846,1
1847,0
1848,3
1849,1
1850,3
1851,2
1852,3
1853,4
1854,2
1855,2
1856,4
1857,3
1858,4
1859,3
1860,3
1861,4
1862,0
1863,2
1864,3
1865,2
1866,4
1867,0
1868,4
1869,1
1870,3
1871,4
1872,3
1873,0
1874,2
1875,3
1876,0
1877,3
1878,2
1879,3
1880,0
1881,3
1882,1
1883,3
1884,0
1885,3
1886,3
1887,4
1888,3
1889,2
1890,0
1891,0
1892,0
1893,0
1894,1
1895,3
1896,1
1897,2
1898,0
1899,4
1900,0
1901,1
1902,4
1903,1
1904,2
1905,2
1906,4
1907,3
1908,2
1909,4
1910,3
1911,3
1912,2
1913,4
1914,4
1915,4
1916,3
1917,0
1918,2
1919,0
1920,0
1921,2
1922,3
1923,4
1924,0
1925,2
1926,3
1927,0
1928,2
1929,1
1930,1
1931,3
1932,0
1933,2
1934,4
1935,0
1936,3
1937,4
1938,4
1939,3
1940,2
1941,4
1942,0
1943,1
1944,3
1945,2
1946,3
1947,1
1948,1
1949,0
1950,2
1951,4
1952,2
1953,3
1954,1
1955,4
1956,1
1957,1
1958,3
1959,4
1960,4
1961,1
1962,0
1963,3
1964,0
1965,3
1966,2
1967,4
1968,1
1969,0
1970,0
1971,4
1972,4
1973,4
1974,1
1975,3
1976,4
1977,2
1978,2
1979,0
1980,3
1981,1
1982,0
1983,1
1984,2
1985,0
1986,4
1987,4
1988,3
1989,4
1990,0
1991,0
1992,0
1993,3
1994,0
1995,3
1996,3
1997,0
1998,0
1999,4
2000,4
2001,1
2002,4
2003,4
2004,3
2005,2
2006,3
2007,1
2008,2
2009,0
2010,3
2011,0
2012,3
2013,0
2014,0
2015,1
2016,1
2017,3
2018,4
2019,0
2020,2
2021,3
2022,0
2023,3
2024,1
2025,3
2026,3
2027,0
2028,4
2029,4
2030,2
2031,3
2032,1
2033,0
2034,4
2035,0
2036,3
2037,4
2038,0
2039,4
2040,2
2041,4
2042,1
2043,2
2044,1
2045,4
2046,1
2047,3
2048,1
2049,2
2050,4
2051,2
2052,1
2053,2
2054,1
2055,2
2056,1
2057,4
2058,3
2059,1
2060,2
2061,3
2062,2
2063,0
2064,1
2065,0
2066,3
2067,2
2068,0
2069,3
2070,2
2071,2
2072,4
2073,2
2074,1
2075,1
2076,4
2077,2
2078,4
2079,2
2080,1
2081,1
2082,4
2083,4
2084,0
2085,2
2086,0
2087,0
2088,0
2089,2
2090,0
2091,0
2092,0
2093,1
2094,4
2095,0
2096,3
2097,4
2098,4
2099,0
2100,2
2101,3
2102,4
2103,4
2104,4
2105,0
2106,3
2107,4
2108,3
2109,4
2110,4
2111,0
2112,3
2113,2
2114,3
2115,4
2116,4
2117,4
2118,0
2119,4
2120,4
2121,2
2122,1
2123,3
2124,2
2125,2
2126,3
2127,3
2128,4
2129,1
2130,0
2131,3
2132,2
2133,2
2134,2
2135,2
2136,2
2137,0
2138,4
2139,0
2140,2
2141,0
2142,4
2143,0
2144,3
2145,2
2146,0
2147,3
2148,3
2149,4
2150,0
2151,3
2152,0
2153,0
2154,2
2155,3
2156,1
2157,0
2158,4
2159,0
2160,1
2161,4
2162,4
2163,1
2164,0
2165,3
2166,1
2167,1
2168,4
2169,2
2170,0
2171,0
2172,3
2173,4
2174,3
2175,3
2176,3
2177,2
2178,3
2179,4
2180,0
2181,1
2182,0
2183,2
2184,1
2185,2
2186,1
2187,2
2188,4
2189,3
2190,4
2191,2
2192,1
2193,1
2194,4
2195,2
2196,1
2197,2
2198,3
2199,3
2200,2
2201,3
2202,3
2203,4
2204,2
2205,1
2206,3
2207,0
2208,1
2209,3
2210,3
2211,2
2212,3
2213,4
2214,4
2215,0
2216,4
2217,0
2218,0
2219,2
2220,2
2221,3
2222,0
2223,0
2224,4
2225,0
2226,1
2227,0
2228,1
2229,3
2230,1
2231,1
2232,4
2233,4
2234,4
2235,3
2236,0
2237,4
2238,1
2239,3
2240,1
2241,3
2242,2
2243,3
2244,0
2245,0
2246,4
2247,2
2248,0
2249,0
2250,4
2251,2
2252,3
2253,0
2254,2
2255,1
2256,2
2257,3
2258,2
2259,2
2260,2
2261,4
2262,0
2263,3
2264,4
2265,4
2266,0
2267,0
2268,3
2269,4
2270,0
2271,4
2272,2
2273,1
2274,3
2275,0
2276,4
2277,2
2278,2
2279,1
2280,1
2281,1
2282,2
2283,0
2284,3
2285,0
2286,3
2287,4
2288,2
2289,0
2290,3
2291,4
2292,3
2293,1
2294,3
2295,1
2296,0
2297,1
2298,3
2299,1
2300,0
2301,2
2302,2
2303,1
2304,4
2305,2
2306,1
2307,1
2308,4
2309,1
2310,1
2311,4
2312,4
2313,0
2314,1
2315,2
2316,4
2317,0
2318,2
2319,1
2320,0
2321,4
2322,4
2323,4
2324,1
2325,2
2326,1
2327,2
2328,0
2329,3
2330,0
2331,1
2332,1
2333,2
2334,3
2335,0
2336,3
2337,1
2338,2
2339,2
2340,1
2341,2
2342,1
2343,3
2344,1
2345,1
2346,2
2347,1
2348,2
2349,4
2350,3
2351,3
2352,3
2353,0
2354,4
2355,3
2356,2
2357,2
2358,3
2359,1
2360,4
2361,4
2362,3
2363,4
2364,0
2365,4
2366,4
2367,3
2368,3
2369,0
2370,3
2371,3
2372,4
2373,3
2374,0
2375,0
2376,3
2377,2
2378,1
2379,4
2380,2
2381,0
2382,4
2383,3
2384,4
2385,4
2386,2
2387,1
2388,4
2389,1
2390,2
2391,4
2392,4
2393,3
2394,3
2395,4
2396,1
2397,4
2398,3
2399,4
2400,0
2401,1
2402,2
2403,0
2404,2
2405,0
2406,4
2407,1
2408,3
2409,4
2410,0
2411,0
2412,2
2413,4
2414,2
2415,4
2416,1
2417,1
2418,1
2419,3
2420,2
2421,3
2422,3
2423,4
2424,1
2425,1
2426,2
2427,1
2428,3
2429,0
2430,3
2431,0
2432,4
2433,1
2434,0
2435,0
2436,2
2437,2
2438,3
2439,3
2440,2
2441,1
2442,4
2443,0
2444,3
2445,2
2446,4
2447,0
2448,2
2449,0
2450,2
2451,4
2452,0
2453,1
2454,3
2455,0
2456,3
2457,2
2458,1
2459,3
2460,0
2461,1
2462,1
2463,1
2464,4
2465,4
2466,0
2467,2
2468,3
2469,4
2470,4
2471,4
2472,4
2473,2
2474,0
2475,0
2476,0
2477,0
2478,4
2479,4
2480,3
2481,4
2482,2
2483,2
2484,4
2485,2
2486,3
2487,1
2488,0
2489,0
2490,4
2491,4
2492,0
2493,4
2494,4
2495,1
2496,4
2497,4
2498,2
2499,4
2500,1
2501,4
2502,0
2503,0
2504,4
2505,3
2506,2
2507,3
2508,2
2509,1
2510,4
2511,3
2512,3
2513,0
2514,4
2515,4
2516,0
2517,3
2518,0
2519,3
2520,0
2521,0
2522,2
2523,4
2524,3
2525,3
2526,1
2527,2
2528,2
2529,2
2530,4
2531,4
2532,4
2533,4
2534,3
2535,3
2536,3
2537,1
2538,1
2539,2
2540,2
2541,1
2542,1
2543,0
2544,3
2545,3
2546,4
2547,4
2548,1
2549,3
2550,2
2551,1
2552,4
2553,1
2554,0
2555,2
2556,0
2557,2
2558,1
2559,0
2560,2
2561,1
2562,0
2563,1
2564,0
2565,4
2566,4
2567,0
2568,2
2569,1
2570,2
2571,4
2572,2
2573,0
2574,2
2575,4
2576,1
2577,3
2578,0
2579,1
2580,4
2581,1
2582,3
2583,1
2584,3
2585,2
2586,1
2587,0
2588,0
2589,0
2590,0
2591,0
2592,3
2593,4
2594,1
2595,3
2596,4
2597,4
2598,0
2599,3
2600,3
2601,1
2602,4
2603,3
2604,4
2605,4
2606,2
2607,0
2608,0
2609,1
2610,0
2611,3
2612,0
2613,3
2614,1
2615,3
2616,2
2617,4
2618,3
2619,1
2620,4
2621,3
2622,2
2623,1
2624,4
2625,0
2626,2
2627,1
2628,1
2629,4
2630,4
2631,0
2632,2
2633,3
2634,3
2635,3
2636,2
2637,2
2638,2
2639,1
2640,2
2641,3
2642,2
2643,0
2644,3
2645,1
2646,0
2647,1
2648,4
2649,1
2650,1
2651,4
2652,3
2653,4
2654,2
2655,0
2656,4
2657,2
2658,0
2659,1
2660,2
2661,3
2662,1
2663,3
2664,4
2665,2
2666,4
2667,0
2668,3
2669,2
2670,1
2671,2
2672,0
2673,0
2674,0
2675,0
2676,0
2677,4
2678,0
2679,4
2680,0
2681,2
2682,2
2683,4
2684,3
2685,3
2686,3
2687,1
2688,0
2689,4
2690,2
2691,1
2692,1
2693,0
2694,1
2695,1
2696,1
2697,4
2698,4
2699,4
2700,2
2701,0
2702,3
2703,2
2704,1
2705,1
2706,3
2707,1
2708,4
2709,2
2710,3
2711,3
2712,2
2713,1
2714,1
2715,4
2716,3
2717,1
2718,1
2719,3
2720,1
2721,4
2722,1
2723,3
2724,3
2725,2
2726,1
2727,4
2728,3
2729,3
2730,3
2731,0
2732,0
2733,0
2734,3
2735,0
2736,4
2737,4
2738,1
2739,1
2740,4
2741,2
2742,1
2743,1
2744,2
2745,2
2746,3
2747,0
2748,2
2749,3
2750,2
2751,4
2752,1
2753,1
2754,3
2755,0
2756,1
2757,3
2758,4
2759,0
2760,3
2761,3
2762,3
2763,0
2764,3
2765,4
2766,0
2767,4
2768,3
2769,0
2770,3
2771,0
2772,1
2773,1
2774,2
2775,2
2776,4
2777,3
2778,0
2779,1
2780,2
2781,0
2782,3
2783,0
2784,0
2785,0
2786,2
2787,1
2788,0
2789,4
2790,4
2791,4
2792,3
2793,2
2794,1
2795,1
2796,2
2797,1
2798,0
2799,4
2800,0
2801,3
2802,3
2803,1
2804,4
2805,0
2806,1
2807,2
2808,4
2809,0
2810,0
2811,0
2812,1
2813,0
2814,2
2815,2
2816,1
2817,4
2818,2
2819,1
2820,1
2821,3
2822,0
2823,0
2824,2
2825,1
2826,4
2827,4
2828,2
2829,4
2830,2
2831,4
2832,0
2833,0
2834,1
2835,1
2836,1
2837,2
2838,4
2839,2
2840,4
2841,1
2842,1
2843,4
2844,2
2845,0
2846,0
2847,2
2848,4
2849,0
2850,2
2851,1
2852,2
2853,4
2854,3
2855,1
2856,2
2857,2
2858,2
2859,4
2860,3
2861,0
2862,0
2863,4
2864,4
2865,3
2866,3
2867,2
2868,2
2869,3
2870,0
2871,3
2872,2
2873,4
2874,3
2875,4
2876,1
2877,4
2878,1
2879,0
2880,1
2881,4
2882,4
2883,1
2884,2
2885,3
2886,2
2887,0
2888,0
2889,4
2890,1
2891,4
2892,0
2893,0
2894,0
2895,1
2896,4
2897,4
2898,2
2899,3
2900,1
2901,4
2902,1
2903,0
2904,2
2905,0
2906,1
2907,2
2908,1
2909,1
2910,4
2911,1
2912,1
2913,4
2914,4
2915,3
2916,4
2917,0
2918,2
2919,0
2920,1
2921,1
2922,3
2923,2
2924,2
2925,4
2926,3
2927,1
2928,2
2929,3
2930,0
2931,2
2932,4
2933,1
2934,1
2935,3
2936,4
2937,2
2938,4
2939,0
2940,3
2941,4
2942,2
2943,0
2944,2
2945,2
2946,4
2947,4
2948,3
2949,4
2950,0
2951,4
2952,1
2953,2
2954,0
2955,3
2956,0
2957,1
2958,2
2959,1
2960,4
2961,2
2962,4
2963,3
2964,4
2965,0
2966,1
2967,0
2968,2
2969,4
2970,4
2971,4
2972,1
2973,0
2974,0
2975,3
2976,0
2977,4
2978,0
2979,4
2980,3
2981,3
2982,0
2983,2
2984,2
2985,3
2986,2
2987,0
2988,0
2989,4
2990,0
2991,2
2992,1
2993,0
2994,2
2995,3
2996,4
2997,4
2998,4
2999,4
3000,4
3001,0
3002,3
3003,2
3004,1
3005,1
3006,4
3007,3
3008,0
3009,0
3010,0
3011,4
3012,4
3013,4
3014,1
3015,3
3016,1
3017,0
3018,2
3019,0
3020,0
3021,1
3022,0
3023,1
3024,2
3025,4
3026,0
3027,3
3028,4
3029,2
3030,0
3031,1
3032,1
3033,1
3034,2
3035,1
3036,2
3037,2
3038,3
3039,4
3040,3
3041,2
3042,1
3043,1
3044,1
3045,1
3046,4
3047,2
3048,3
3049,2
3050,1
3051,4
3052,2
3053,3
3054,3
3055,2
3056,3
3057,0
3058,4
3059,2
3060,0
3061,3
3062,3
3063,4
3064,2
3065,4
3066,3
3067,1
3068,4
3069,3
3070,3
3071,2
3072,2
3073,0
3074,0
3075,4
3076,2
3077,2
3078,1
3079,3
3080,2
3081,4
3082,0
3083,0
3084,4
3085,4
3086,0
3087,3
3088,4
3089,2
3090,3
3091,4
3092,0
3093,2
3094,2
3095,0
3096,0
3097,1
3098,3
3099,2
3100,1
3101,0
3102,1
3103,3
3104,1
3105,2
3106,4
3107,1
3108,1
3109,2
3110,2
3111,4
3112,2
3113,1
3114,3
3115,2
3116,0
3117,4
3118,4
3119,4
3120,4
3121,4
3122,4
3123,0
3124,2
3125,3
3126,2
3127,3
3128,0
3129,0
3130,3
3131,0
3132,1
3133,0
3134,0
3135,2
3136,3
3137,4
3138,3
3139,2
3140,1
3141,3
3142,4
3143,3
3144,0
3145,1
3146,3
3147,4
3148,3
3149,1
3150,2
3151,0
3152,3
3153,1
3154,4
3155,1
3156,1
3157,1
3158,4
3159,0
3160,2
3161,3
3162,3
3163,1
3164,0
3165,4
3166,3
3167,3
3168,1
3169,2
3170,1
3171,3
3172,0
3173,1
3174,3
3175,1
3176,2
3177,3
3178,1
3179,0
3180,2
3181,3
3182,0
3183,2
3184,2
3185,1
3186,0
3187,3
3188,4
3189,4
3190,2
3191,1
3192,1
3193,2
3194,2
3195,1
3196,2
3197,0
3198,0
3199,0
3200,3
3201,1
3202,3
3203,1
3204,3
3205,1
3206,2
3207,1
3208,2
3209,3
3210,3
3211,0
3212,4
3213,0
3214,0
3215,1
3216,0
3217,1
3218,2
3219,0
3220,3
3221,4
3222,1
3223,2
3224,2
3225,2
3226,2
3227,0
3228,2
3229,3
3230,1
3231,3
3232,0
3233,1
3234,0
3235,0
3236,2
3237,3
3238,3
3239,1
3240,1
3241,1
3242,3
3243,0
3244,1
3245,2
3246,3
3247,1
3248,4
3249,4
3250,3
3251,0
3252,2
3253,4
3254,4
3255,3
3256,2
3257,1
3258,2
3259,2
3260,1
3261,2
3262,2
3263,3
3264,2
3265,2
3266,0
3267,3
3268,4
3269,4
3270,2
3271,2
3272,0
3273,4
3274,4
3275,2
3276,2
3277,2
3278,0
3279,0
3280,3
3281,3
3282,3
3283,2
3284,0
3285,4
3286,0
3287,3
3288,1
3289,1
3290,0
3291,3
3292,3
3293,0
3294,4
3295,0
3296,3
3297,3
3298,2
3299,2
3300,0
3301,1
3302,0
3303,2
3304,4
3305,0
3306,1
3307,1
3308,3
3309,0
3310,1
3311,0
3312,2
3313,4
3314,2
3315,4
3316,1
3317,1
3318,0
3319,4
3320,2
3321,0
3322,4
3323,3
3324,3
3325,2
3326,0
3327,2
3328,2
3329,3
3330,3
3331,1
3332,2
3333,0
3334,1
3335,2
3336,1
3337,0
3338,0
3339,1
3340,2
3341,4
3342,2
3343,0
3344,4
3345,3
3346,1
3347,2
3348,0
3349,0
3350,2
3351,4
3352,1
3353,1
3354,4
3355,4
3356,1
3357,2
3358,4
3359,2
3360,2
3361,3
3362,0
3363,1
3364,2
3365,4
3366,2
3367,2
3368,4
3369,2
3370,3
3371,1
3372,1
3373,0
3374,1
3375,1
3376,4
3377,3
3378,0
3379,0
3380,3
3381,3
3382,3
3383,0
3384,1
3385,2
3386,1
3387,0
3388,1
3389,4
3390,0
3391,0
3392,2
3393,0
3394,3
3395,3
3396,2
3397,0
3398,4
3399,2
3400,3
3401,0
3402,0
3403,1
3404,3
3405,2
3406,3
3407,4
3408,0
3409,4
3410,3
3411,2
3412,3
3413,0
3414,1
3415,3
3416,2
3417,4
3418,1
3419,1
3420,0
3421,3
3422,2
3423,2
3424,0
3425,0
3426,0
3427,3
3428,0
3429,1
3430,2
3431,2
3432,0
3433,0
3434,4
3435,1
3436,0
3437,2
3438,0
3439,1
3440,2
3441,0
3442,2
3443,1
3444,4
3445,3
3446,2
3447,2
3448,2
3449,3
3450,2
3451,1
3452,3
3453,0
3454,0
3455,0
3456,2
3457,4
3458,3
3459,1
3460,0
3461,2
3462,0
3463,0
3464,2
3465,4
3466,4
3467,3
3468,0
3469,4
3470,4
3471,2
3472,4
3473,1
3474,4
3475,1
3476,2
3477,2
3478,1
3479,1
3480,3
3481,2
3482,2
3483,4
3484,4
3485,2
3486,4
3487,3
3488,2
3489,1
3490,4
3491,0
3492,0
3493,0
3494,2
3495,2
3496,4
3497,2
3498,1
3499,0
3500,2
3501,0
3502,3
3503,2
3504,3
3505,1
3506,2
3507,4
3508,3
3509,0
3510,1
3511,2
3512,0
3513,0
3514,2
3515,4
3516,2
3517,0
3518,0
3519,4
3520,2
3521,0
3522,2
3523,2
3524,0
3525,2
3526,1
3527,1
3528,2
3529,3
3530,1
3531,0
3532,4
3533,3
3534,0
3535,2
3536,3
3537,4
3538,0
3539,4
3540,4
3541,3
3542,0
3543,4
3544,2
3545,2
3546,1
3547,4
3548,1
3549,1
3550,1
3551,0
3552,0
3553,3
3554,1
3555,1
3556,3
3557,1
3558,1
3559,2
3560,3
3561,2
3562,2
3563,4
3564,4
3565,2
3566,1
3567,0
3568,3
3569,3
3570,1
3571,1
3572,1
3573,0
3574,3
3575,2
3576,4
3577,4
3578,2
3579,0
3580,2
3581,1
3582,0
3583,2
3584,0
3585,4
3586,0
3587,3
3588,1
3589,0
3590,4
3591,2
3592,0
3593,4
3594,2
3595,4
3596,1
3597,3
3598,1
3599,0
3600,0
3601,2
3602,3
3603,4
3604,2
3605,1
3606,2
3607,1
3608,4
3609,3
3610,4
3611,1
3612,2
3613,4
3614,3
3615,1
3616,2
3617,4
3618,3
3619,2
3620,1
3621,1
3622,4
3623,4
3624,3
3625,3
3626,0
3627,3
3628,1
3629,2
3630,4
3631,4
3632,3
3633,1
3634,4
3635,0
3636,2
3637,1
3638,3
3639,2
3640,2
3641,4
3642,0
3643,0
3644,0
3645,2
3646,3
3647,2
3648,1
3649,2
3650,2
3651,2
3652,0
3653,2
3654,3
3655,1
3656,1
3657,0
3658,3
3659,0
3660,0
3661,0
3662,3
3663,3
3664,0
3665,1
3666,4
3667,3
3668,4
3669,1
3670,0
3671,4
3672,3
3673,2
3674,2
3675,3
3676,1
3677,1
3678,1
3679,4
3680,2
3681,3
3682,3
3683,2
3684,2
3685,3
3686,0
3687,4
3688,4
3689,4
3690,0
3691,1
3692,4
3693,2
3694,2
3695,1
3696,3
3697,3
3698,2
3699,2
3700,0
3701,1
3702,2
3703,3
3704,0
3705,1
3706,0
3707,3
3708,2
3709,0
3710,2
3711,3
3712,0
3713,3
3714,4
3715,4
3716,2
3717,4
3718,4
3719,0
3720,1
3721,3
3722,2
3723,3
3724,3
3725,2
3726,0
3727,3
3728,2
3729,2
3730,0
3731,3
3732,1
3733,2
3734,3
3735,3
3736,3
3737,2
3738,2
3739,1
3740,2
3741,1
3742,2
3743,0
3744,0
3745,4
3746,2
3747,0
3748,4
3749,1
3750,2
3751,4
3752,4
3753,0
3754,4
3755,2
3756,4
3757,0
3758,3
3759,1
3760,1
3761,1
3762,2
3763,0
3764,3
3765,0
3766,2
3767,0
3768,2
3769,2
3770,3
3771,3
3772,1
3773,0
3774,0
3775,4
3776,2
3777,0
3778,4
3779,0
3780,3
3781,2
3782,2
3783,2
3784,0
3785,1
3786,0
3787,0
3788,3
3789,1
3790,0
3791,0
3792,2
3793,4
3794,0
3795,3
3796,4
3797,2
3798,0
3799,0
3800,4
3801,1
3802,1
3803,1
3804,1
3805,1
3806,2
3807,0
3808,3
3809,4
3810,4
3811,0
3812,1
3813,4
3814,4
3815,3
3816,1
3817,3
3818,3
3819,2
3820,4
3821,4
3822,2
3823,4
3824,0
3825,1
3826,1
3827,3
3828,4
3829,2
3830,0
3831,4
3832,1
3833,0
3834,3
3835,0
3836,2
3837,2
3838,1
3839,0
3840,2
3841,0
3842,2
3843,4
3844,2
3845,3
3846,1
3847,4
3848,0
3849,2
3850,2
3851,2
3852,3
3853,4
3854,1
3855,1
3856,3
3857,0
3858,4
3859,4
3860,3
3861,2
3862,4
3863,3
3864,2
3865,0
3866,2
3867,1
3868,4
3869,2
3870,0
3871,4
3872,2
3873,0
3874,2
3875,4
3876,2
3877,0
3878,4
3879,2
3880,1
3881,3
3882,4
3883,2
3884,0
3885,2
3886,2
3887,1
3888,3
3889,4
3890,3
3891,3
3892,3
3893,0
3894,3
3895,3
3896,3
3897,4
3898,4
3899,3
3900,4
3901,4
3902,1
3903,1
3904,1
3905,1
3906,0
3907,4
3908,2
3909,3
3910,1
3911,0
3912,2
3913,0
3914,2
3915,1
3916,1
3917,3
3918,1
3919,3
3920,2
3921,3
3922,3
3923,0
3924,1
3925,2
3926,0
3927,0
3928,2
3929,2
3930,0
3931,0
3932,3
3933,0
3934,1
3935,0
3936,3
3937,4
3938,2
3939,1
3940,2
3941,4
3942,1
3943,4
3944,3
3945,3
3946,2
3947,0
3948,4
3949,2
3950,0
3951,1
3952,4
3953,0
3954,0
3955,0
3956,4
3957,0
3958,3
3959,0
3960,2
3961,0
3962,3
3963,1
3964,0
3965,4
3966,3
3967,0
3968,2
3969,4
3970,0
3971,4
3972,1
3973,3
3974,0
3975,3
3976,1
3977,3
3978,2
3979,0
3980,4
3981,1
3982,1
3983,1
3984,2
3985,0
3986,3
3987,4
3988,3
3989,0
3990,4
3991,2
3992,3
3993,0
3994,0
3995,2
3996,1
3997,2
3998,1
3999,4
4000,2
4001,3
4002,2
4003,1
4004,4
4005,3
4006,0
4007,3
4008,4
4009,0
4010,1
4011,3
4012,2
4013,3
4014,2
4015,3
4016,3
4017,3
4018,4
4019,3
4020,4
4021,2
4022,3
4023,4
4024,3
4025,1
4026,2
4027,3
4028,4
4029,4
4030,4
4031,0
4032,3
4033,4
4034,3
4035,2
4036,3
4037,2
4038,4
4039,2
4040,1
4041,0
4042,1
4043,2
4044,3
4045,4
4046,3
4047,4
4048,2
4049,4
4050,1
4051,1
4052,2
4053,3
4054,0
4055,2
4056,3
4057,2
4058,0
4059,1
4060,4
4061,1
4062,2
4063,0
4064,4
4065,4
4066,3
4067,2
4068,1
4069,1
4070,4
4071,1
4072,2
4073,2
4074,4
4075,1
4076,0
4077,3
4078,1
4079,0
4080,2
4081,4
4082,0
4083,0
4084,4
4085,2
4086,0
4087,4
4088,2
4089,1
4090,2
4091,1
4092,2
4093,4
4094,4
4095,4
4096,4
4097,3
4098,0
4099,0
4100,3
4101,1
4102,2
4103,1
4104,4
4105,0
4106,4
4107,3
4108,3
4109,3
4110,0
4111,4
4112,1
4113,0
4114,2
4115,2
4116,2
4117,2
4118,3
4119,3
4120,1
4121,3
4122,2
4123,2
4124,3
4125,1
4126,1
4127,3
4128,0
4129,0
4130,1
4131,2
4132,0
4133,3
4134,3
4135,0
4136,2
4137,2
4138,3
4139,3
4140,4
4141,4
4142,4
4143,0
4144,2
4145,4
4146,3
4147,4
4148,0
4149,1
4150,4
4151,4
4152,4
4153,0
4154,1
4155,4
4156,0
4157,2
4158,3
4159,4
4160,0
4161,0
4162,4
4163,4
4164,3
4165,1
4166,2
4167,2
4168,2
4169,3
4170,1
4171,4
4172,0
4173,0
4174,4
4175,1
4176,3
4177,3
4178,0
4179,4
4180,2
4181,0
4182,1
4183,1
4184,2
4185,1
4186,3
4187,1
4188,3
4189,4
4190,4
4191,2
4192,4
4193,4
4194,0
4195,3
4196,1
4197,2
4198,0
4199,0
4200,1
4201,0
4202,0
4203,2
4204,4
4205,1
4206,2
4207,2
4208,1
4209,3
4210,1
4211,1
4212,2
4213,1
4214,1
4215,3
4216,0
4217,0
4218,1
4219,2
4220,3
4221,2
4222,1
4223,3
4224,4
4225,0
4226,3
4227,1
4228,1
4229,3
4230,1
4231,2
4232,3
4233,3
4234,3
4235,3
4236,0
4237,3
4238,0
4239,0
4240,2
4241,3
4242,2
4243,3
4244,4
4245,3
4246,4
4247,0
4248,2
4249,3
4250,4
4251,4
4252,1
4253,0
4254,1
4255,2
4256,1
4257,1
4258,3
4259,4
4260,2
4261,2
4262,4
4263,1
4264,3
4265,4
4266,1
4267,4
4268,2
4269,0
4270,2
4271,3
4272,2
4273,4
4274,4
4275,1
4276,0
4277,2
4278,2
4279,3
4280,1
4281,0
4282,0
4283,0
4284,3
4285,4
4286,2
4287,3
4288,3
4289,4
4290,0
4291,4
4292,4
4293,4
4294,2
4295,0
4296,2
4297,1
4298,1
4299,1
4300,2
4301,3
4302,4
4303,1
4304,2
4305,3
4306,3
4307,1
4308,3
4309,4
4310,1
4311,3
4312,2
4313,4
4314,2
4315,4
4316,2
4317,3
4318,2
4319,1
4320,4
4321,3
4322,0
4323,1
4324,2
4325,0
4326,4
4327,3
4328,2
4329,0
4330,4
4331,0
4332,2
4333,4
4334,2
4335,2
4336,4
4337,1
4338,2
4339,1
4340,4
4341,1
4342,0
4343,2
4344,3
4345,1
4346,4
4347,4
4348,3
4349,2
4350,4
4351,1
4352,0
4353,3
4354,1
4355,0
4356,4
4357,4
4358,4
4359,4
4360,3
4361,3
4362,4
4363,0
4364,2
4365,0
4366,4
4367,4
4368,4
4369,1
4370,3
4371,3
4372,0
4373,0
4374,3
4375,0
4376,2
4377,3
4378,4
4379,2
4380,1
4381,0
4382,4
4383,3
4384,0
4385,1
4386,1
4387,2
4388,0
4389,3
4390,4
4391,0
4392,0
4393,2
4394,0
4395,3
4396,3
4397,2
4398,1
4399,1
4400,0
4401,1
4402,1
4403,1
4404,3
4405,0
4406,1
4407,0
4408,0
4409,2
4410,1
4411,3
4412,4
4413,0
4414,2
4415,4
4416,0
4417,0
4418,2
4419,3
4420,4
4421,1
4422,0
4423,4
4424,2
4425,3
4426,4
4427,2
4428,3
4429,4
4430,3
4431,2
4432,3
4433,3
4434,4
4435,0
4436,0
4437,3
4438,4
4439,2
4440,2
4441,2
4442,2
4443,0
4444,1
4445,2
4446,1
4447,4
4448,4
4449,4
4450,0
4451,3
4452,0
4453,1
4454,0
4455,2
4456,4
4457,4
4458,1
4459,1
4460,0
4461,0
4462,2
4463,3
4464,0
4465,4
4466,1
4467,3
4468,1
4469,2
4470,4
4471,2
4472,4
4473,1
4474,2
4475,1
4476,2
4477,4
4478,1
4479,0
4480,3
4481,1
4482,3
4483,1
4484,1
4485,4
4486,4
4487,1
4488,4
4489,2
4490,0
4491,2
4492,3
4493,1
4494,2
4495,1
4496,4
4497,1
4498,3
4499,4
4500,3
4501,2
4502,3
4503,3
4504,3
4505,4
4506,1
4507,1
4508,0
4509,4
4510,4
4511,2
4512,0
4513,1
4514,1
4515,4
4516,1
4517,2
4518,0
4519,1
4520,1
4521,1
4522,0
4523,2
4524,2
4525,0
4526,0
4527,0
4528,1
4529,3
4530,4
4531,4
4532,0
4533,2
4534,1
4535,2
4536,0
4537,4
4538,3
4539,1
4540,1
4541,0
4542,4
4543,1
4544,3
4545,2
4546,1
4547,3
4548,1
4549,4
4550,1
4551,4
4552,3
4553,2
4554,4
4555,1
4556,1
4557,0
4558,3
4559,4
4560,0
4561,0
4562,1
4563,3
4564,1
4565,1
4566,2
4567,4
4568,2
4569,1
4570,1
4571,3
4572,3
4573,3
4574,0
4575,0
4576,4
4577,0
4578,3
4579,3
4580,0
4581,0
4582,0
4583,3
4584,0
4585,1
4586,0
4587,2
4588,0
4589,4
4590,1
4591,4
4592,0
4593,1
4594,3
4595,4
4596,1
4597,3
4598,4
4599,3
4600,0
4601,3
4602,1
4603,0
4604,1
4605,1
4606,0
4607,2
4608,1
4609,3
4610,1
4611,0
4612,1
4613,0
4614,3
4615,2
4616,2
4617,4
4618,4
4619,0
4620,2
4621,2
4622,3
4623,3
4624,3
4625,2
4626,1
4627,3
4628,3
4629,4
4630,4
4631,4
4632,1
4633,3
4634,3
4635,0
4636,3
4637,3
4638,2
4639,1
4640,2
4641,3
4642,3
4643,0
4644,1
4645,2
4646,2
4647,4
4648,0
4649,1
4650,4
4651,4
4652,3
4653,1
4654,2
4655,3
4656,2
4657,3
4658,4
4659,1
4660,0
4661,1
4662,0
4663,3
4664,2
4665,3
4666,4
4667,4
4668,1
4669,4
4670,1
4671,3
4672,4
4673,1
4674,1
4675,2
4676,2
4677,1
4678,0
4679,4
4680,1
4681,0
4682,0
4683,0
4684,3
4685,0
4686,0
4687,4
4688,0
4689,0
4690,1
4691,0
4692,0
4693,1
4694,1
4695,4
4696,3
4697,4
4698,2
4699,3
4700,3
4701,0
4702,1
4703,1
4704,0
4705,4
4706,1
4707,4
4708,3
4709,4
4710,0
4711,3
4712,4
4713,2
4714,3
4715,3
4716,3
4717,4
4718,2
4719,2
4720,4
4721,3
4722,4
4723,3
4724,1
4725,0
4726,4
4727,3
4728,3
4729,2
4730,4
4731,4
4732,3
4733,1
4734,4
4735,2
4736,0
4737,3
4738,0
4739,2
4740,3
4741,4
4742,0
4743,0
4744,2
4745,1
4746,4
4747,1
4748,1
4749,1
4750,1
4751,3
4752,1
4753,2
4754,3
4755,2
4756,2
4757,0
4758,3
4759,4
4760,0
4761,4
4762,1
4763,0
4764,1
4765,3
4766,3
4767,2
4768,3
4769,0
4770,4
4771,1
4772,1
4773,4
4774,0
4775,2
4776,4
4777,0
4778,3
4779,0
4780,3
4781,1
4782,3
4783,0
4784,3
4785,2
4786,0
4787,1
4788,2
4789,2
4790,4
4791,4
4792,0
4793,4
4794,3
4795,2
4796,0
4797,3
4798,0
4799,3
4800,4
4801,3
4802,4
4803,2
4804,4
4805,0
4806,3
4807,2
4808,2
4809,4
4810,3
4811,0
4812,3
4813,3
4814,4
4815,4
4816,3
4817,2
4818,3
4819,3
4820,4
4821,3
4822,3
4823,1
4824,2
4825,2
4826,1
4827,0
4828,3
4829,0
4830,4
4831,2
4832,4
4833,2
4834,3
4835,2
4836,2
4837,4
4838,1
4839,3
4840,4
4841,1
4842,4
4843,2
4844,3
4845,2
4846,4
4847,0
4848,3
4849,4
4850,0
4851,2
4852,1
4853,1
4854,4
4855,3
4856,4
4857,2
4858,2
4859,1
4860,1
4861,3
4862,4
4863,1
4864,0
4865,2
4866,1
4867,2
4868,4
4869,4
4870,4
4871,3
4872,2
4873,4
4874,0
4875,2
4876,3
4877,3
4878,2
4879,1
4880,4
4881,4
4882,3
4883,2
4884,3
4885,1
4886,2
4887,0
4888,3
4889,2
4890,4
4891,3
4892,0
4893,1
4894,3
4895,3
4896,4
4897,2
4898,4
4899,0
4900,4
4901,4
4902,2
4903,3
4904,2
4905,0
4906,2
4907,2
4908,4
4909,3
4910,1
4911,3
4912,1
4913,3
4914,1
4915,2
4916,3
4917,1
4918,0
4919,3
4920,3
4921,3
4922,0
4923,4
4924,4
4925,1
4926,4
4927,3
4928,1
4929,0
4930,2
4931,3
4932,3
4933,2
4934,4
4935,1
4936,2
4937,1
4938,3
4939,0
4940,1
4941,2
4942,4
4943,4
4944,2
4945,4
4946,1
4947,3
4948,0
4949,2
4950,3
4951,4
4952,2
4953,4
4954,3
4955,3
4956,1
4957,2
4958,0
4959,3
4960,2
4961,4
4962,1
4963,3
4964,1
4965,2
4966,0
4967,2
4968,0
4969,1
4970,0
4971,2
4972,2
4973,3
4974,1
4975,2
4976,2
4977,2
4978,4
4979,2
4980,4
4981,0
4982,4
4983,0
4984,2
4985,4
4986,3
4987,3
4988,1
4989,4
4990,0
4991,0
4992,2
4993,4
4994,3
4995,2
4996,2
4997,3
4998,3
4999,2
5000,0
5001,3
5002,1
5003,0
5004,1
5005,4
5006,1
5007,3
5008,3
5009,2
5010,4
5011,0
5012,3
5013,4
5014,4
5015,0
5016,1
5017,4
5018,2
5019,0
5020,2
5021,1
5022,2
5023,4
5024,3
5025,3
5026,1
5027,3
5028,0
5029,4
5030,2
5031,3
5032,0
5033,4
5034,1
5035,4
5036,1
5037,0
5038,1
5039,0
5040,2
5041,4
5042,1
5043,2
5044,4
5045,2
5046,0
5047,4
5048,1
5049,3
5050,4
5051,1
5052,4
5053,3
5054,3
5055,0
5056,4
5057,0
5058,1
5059,4
5060,4
5061,0
5062,3
5063,0
5064,3
5065,2
5066,3
5067,3
5068,0
5069,3
5070,3
5071,0
5072,1
5073,1
5074,0
5075,4
5076,2
5077,0
5078,4
5079,1
5080,2
5081,4
5082,2
5083,3
5084,1
5085,0
5086,4
5087,3
5088,3
5089,1
5090,1
5091,0
5092,1
5093,2
5094,3
5095,4
5096,3
5097,4
5098,3
5099,0
5100,4
5101,3
5102,4
5103,2
5104,3
5105,4
5106,4
5107,1
5108,3
5109,1
5110,1
5111,0
5112,4
5113,2
5114,3
5115,4
5116,3
5117,4
5118,1
5119,3
5120,1
5121,2
5122,1
5123,2
5124,2
5125,3
5126,0
5127,1
5128,0
5129,3
5130,0
5131,3
5132,0
5133,3
5134,2
5135,4
5136,3
5137,0
5138,0
5139,2
5140,0
5141,3
5142,2
5143,0
5144,2
5145,3
5146,2
5147,0
5148,4
5149,2
5150,4
5151,3
5152,3
5153,0
5154,3
5155,4
5156,2
5157,4
5158,1
5159,4
5160,4
5161,3
5162,1
5163,3
5164,2
5165,3
5166,1
5167,3
5168,1
5169,2
5170,2
5171,2
5172,0
5173,1
5174,0
5175,2
5176,1
5177,4
5178,1
5179,3
5180,2
5181,1
5182,4
5183,1
5184,2
5185,3
5186,3
5187,1
5188,4
5189,3
5190,1
5191,2
5192,4
5193,1
5194,2
5195,3
5196,3
5197,1
5198,2
5199,4
5200,2
5201,4
5202,3
5203,4
5204,3
5205,4
5206,2
5207,3
5208,0
5209,3
5210,3
5211,1
5212,0
5213,4
5214,0
5215,4
5216,1
5217,2
5218,3
5219,0
5220,0
5221,3
5222,2
5223,3
5224,1
5225,3
5226,0
5227,2
5228,2
5229,2
5230,3
5231,3
5232,1
5233,0
5234,2
5235,4
5236,2
5237,2
5238,1
5239,1
5240,2
5241,3
5242,4
5243,0
5244,4
5245,0
5246,1
5247,4
5248,0
5249,3
5250,0
5251,4
5252,4
5253,3
5254,0
5255,0
5256,0
5257,1
5258,4
5259,3
5260,2
5261,4
5262,0
5263,1
5264,4
5265,2
5266,1
5267,1
5268,4
5269,1
5270,1
5271,1
5272,1
5273,2
5274,1
5275,3
5276,2
5277,3
5278,1
5279,0
5280,0
5281,3
5282,4
5283,2
5284,3
5285,3
5286,1
5287,4
5288,2
5289,1
5290,3
5291,2
5292,4
5293,1
5294,1
5295,2
5296,1
5297,0
5298,1
5299,2
5300,0
5301,1
5302,3
5303,4
5304,3
5305,3
5306,3
5307,4
5308,1
5309,2
5310,0
5311,0
5312,3
5313,3
5314,1
5315,1
5316,1
5317,3
5318,2
5319,0
5320,1
5321,0
5322,4
5323,3
5324,0
5325,4
5326,0
5327,3
5328,3
5329,3
5330,4
5331,0
5332,3
5333,2
5334,0
5335,1
5336,0
5337,3
5338,1
5339,4
5340,2
5341,2
5342,2
5343,0
5344,3
5345,1
5346,2
5347,4
5348,1
5349,3
5350,2
5351,0
5352,1
5353,4
5354,3
5355,0
5356,1
5357,1
5358,2
5359,1
5360,3
5361,4
5362,3
5363,2
5364,4
5365,0
5366,3
5367,2
5368,0
5369,3
5370,4
5371,0
5372,2
5373,4
5374,2
5375,3
5376,2
5377,4
5378,1
5379,4
5380,3
5381,3
5382,2
5383,1
5384,1
5385,0
5386,2
5387,4
5388,4
5389,3
5390,2
5391,4
5392,2
5393,1
5394,4
5395,0
5396,0
5397,2
5398,1
5399,2
5400,3
5401,0
5402,4
5403,2
5404,4
5405,4
5406,1
5407,0
5408,1
5409,2
5410,0
5411,1
5412,0
5413,0
5414,4
5415,2
5416,2
5417,3
5418,0
5419,2
5420,3
5421,4
5422,1
5423,1
5424,3
5425,0
5426,1
5427,3
5428,1
5429,2
5430,4
5431,2
5432,2
5433,1
5434,4
5435,4
5436,2
5437,4
5438,1
5439,4
5440,3
5441,1
5442,1
5443,2
5444,4
5445,4
5446,1
5447,4
5448,4
5449,3
5450,4
5451,0
5452,0
5453,2
5454,4
5455,4
5456,4
5457,2
5458,4
5459,4
5460,4
5461,0
5462,3
5463,3
5464,3
5465,3
5466,4
5467,2
5468,3
5469,2
5470,4
5471,4
5472,4
5473,4
5474,1
5475,0
5476,2
5477,4
5478,4
5479,0
5480,4
5481,3
5482,2
5483,0
5484,0
5485,3
5486,1
5487,4
5488,1
5489,2
5490,0
5491,1
5492,4
5493,2
5494,2
5495,1
5496,3
5497,3
5498,1
5499,3
5500,1
5501,2
5502,0
5503,4
5504,2
5505,2
5506,4
5507,1
5508,4
5509,2
5510,1
5511,4
5512,2
5513,3
5514,4
5515,4
5516,2
5517,2
5518,2
5519,0
5520,1
5521,0
5522,0
5523,1
5524,1
5525,1
5526,1
5527,4
5528,1
5529,1
5530,4
5531,0
5532,3
5533,3
5534,0
5535,0
5536,1
5537,4
5538,0
5539,1
5540,3
5541,4
5542,1
5543,2
5544,1
5545,1
5546,0
5547,1
5548,4
5549,2
5550,4
5551,4
5552,1
5553,2
5554,3
5555,4
5556,2
5557,3
5558,2
5559,1
5560,3
5561,0
5562,1
5563,1
5564,3
5565,4
5566,1
5567,4
5568,3
5569,2
5570,0
5571,2
5572,4
5573,2
5574,3
5575,0
5576,2
5577,0
5578,1
5579,2
5580,4
5581,3
5582,3
5583,0
5584,4
5585,2
5586,4
5587,3
5588,2
5589,0
5590,0
5591,1
5592,1
5593,4
5594,0
5595,3
5596,4
5597,4
5598,0
5599,1
5600,4
5601,4
5602,2
5603,0
5604,1
5605,1
5606,2
5607,4
5608,0
5609,3
5610,3
5611,2
5612,2
5613,4
5614,4
5615,0
5616,1
5617,0
5618,1
5619,0
5620,0
5621,1
5622,4
5623,3
5624,4
5625,2
5626,4
5627,4
5628,0
5629,4
5630,1
5631,4
5632,3
5633,3
5634,1
5635,4
5636,1
5637,4
5638,3
5639,2
5640,0
5641,3
5642,3
5643,0
5644,4
5645,0
5646,1
5647,2
5648,1
5649,1
5650,4
5651,3
5652,3
5653,2
5654,3
5655,0
5656,1
5657,1
5658,0
5659,0
5660,3
5661,4
5662,3
5663,3
5664,1
5665,4
5666,1
5667,2
5668,1
5669,0
5670,4
5671,4
5672,0
5673,4
5674,3
5675,1
5676,0
5677,0
5678,1
5679,2
5680,4
5681,1
5682,0
5683,2
5684,1
5685,4
5686,0
5687,4
5688,2
5689,4
5690,1
5691,3
5692,3
5693,0
5694,3
5695,2
5696,0
5697,1
5698,0
5699,1
5700,3
5701,0
5702,1
5703,1
5704,0
5705,4
5706,4
5707,0
5708,1
5709,2
5710,1
5711,1
5712,1
5713,2
5714,4
5715,1
5716,0
5717,1
5718,2
5719,2
5720,1
5721,4
5722,2
5723,3
5724,0
5725,2
5726,3
5727,0
5728,4
5729,2
5730,3
5731,4
5732,1
5733,0
5734,0
5735,4
5736,3
5737,3
5738,3
5739,1
5740,3
5741,2
5742,2
5743,2
5744,1
5745,0
5746,3
5747,3
5748,2
5749,3
5750,0
5751,1
5752,4
5753,4
5754,2
5755,2
5756,0
5757,2
5758,1
5759,3
5760,2
5761,4
5762,2
5763,0
5764,0
5765,2
5766,1
5767,1
5768,0
5769,4
5770,2
5771,1
5772,4
5773,3
5774,4
5775,3
5776,3
5777,0
5778,4
5779,2
5780,3
5781,3
5782,3
5783,2
5784,1
5785,2
5786,0
5787,3
5788,1
5789,4
5790,4
5791,3
5792,4
5793,3
5794,2
5795,1
5796,3
5797,2
5798,4
5799,0
5800,4
5801,0
5802,1
5803,0
5804,1
5805,2
5806,1
5807,1
5808,4
5809,1
5810,1
5811,0
5812,0
5813,3
5814,0
5815,4
5816,2
5817,1
5818,3
5819,3
5820,2
5821,2
5822,1
5823,0
5824,0
5825,2
5826,0
5827,1
5828,0
5829,3
5830,1
5831,2
5832,3
5833,1
5834,0
5835,4
5836,4
5837,4
5838,4
5839,2
5840,3
5841,4
5842,3
5843,0
5844,3
5845,3
5846,1
5847,1
5848,4
5849,2
5850,2
5851,4
5852,2
5853,2
5854,3
5855,4
5856,3
5857,0
5858,2
5859,4
5860,3
5861,0
5862,3
5863,3
5864,3
5865,0
5866,2
5867,4
5868,1
5869,4
5870,3
5871,3
5872,1
5873,3
5874,3
5875,0
5876,3
5877,4
5878,0
5879,3
5880,4
5881,3
5882,2
5883,3
5884,3
5885,2
5886,0
5887,3
5888,1
5889,4
5890,3
5891,1
5892,0
5893,0
5894,0
5895,3
5896,1
5897,3
5898,2
5899,4
5900,4
5901,4
5902,3
5903,2
5904,4
5905,0
5906,2
5907,0
5908,2
5909,1
5910,2
5911,3
5912,1
5913,2
5914,0
5915,4
5916,4
5917,0
5918,4
5919,3
5920,1
5921,4
5922,1
5923,4
5924,2
5925,2
5926,0
5927,1
5928,4
5929,1
5930,3
5931,2
5932,0
5933,0
5934,2
5935,0
5936,2
5937,3
5938,3
5939,0
5940,3
5941,0
5942,3
5943,1
5944,1
5945,0
5946,0
5947,0
5948,2
5949,3
5950,0
5951,0
5952,3
5953,4
5954,4
5955,0
5956,2
5957,4
5958,0
5959,2
5960,3
5961,4
5962,1
5963,4
5964,1
5965,4
5966,3
5967,0
5968,1
5969,3
5970,4
5971,4
5972,2
5973,0
5974,4
5975,3
5976,0
5977,3
5978,1
5979,0
5980,2
5981,0
5982,2
5983,2
5984,4
5985,4
5986,0
5987,1
5988,4
5989,1
5990,0
5991,3
5992,0
5993,3
5994,0
5995,0
5996,3
5997,3
5998,1
5999,4
6000,1
6001,2
6002,2
6003,1
6004,4
6005,2
6006,2
6007,2
6008,4
6009,3
6010,0
6011,2
6012,4
6013,2
6014,1
6015,1
6016,2
6017,2
6018,0
6019,2
6020,0
6021,3
6022,3
6023,4
6024,2
6025,2
6026,1
6027,4
6028,2
6029,4
6030,2
6031,1
6032,2
6033,2
6034,2
6035,1
6036,2
6037,1
6038,3
6039,4
6040,3
6041,2
6042,3
6043,3
6044,3
6045,2
6046,0
6047,0
6048,3
6049,4
6050,3
6051,4
6052,2
6053,1
6054,4
6055,1
6056,1
6057,1
6058,0
6059,0
6060,4
6061,4
6062,2
6063,3
6064,0
6065,3
6066,0
6067,0
6068,4
6069,4
6070,1
6071,1
6072,3
6073,2
6074,3
6075,2
6076,3
6077,4
6078,0
6079,4
6080,1
6081,3
6082,4
6083,3
6084,4
6085,3
6086,1
6087,2
6088,1
6089,1
6090,3
6091,2
6092,0
6093,4
6094,0
6095,1
6096,3
6097,0
6098,0
6099,4
6100,1
6101,3
6102,2
6103,4
6104,2
6105,0
6106,3
6107,0
6108,2
6109,3
6110,3
6111,1
6112,4
6113,4
6114,1
6115,1
6116,0
6117,2
6118,1
6119,0
6120,1
6121,4
6122,1
6123,0
6124,1
6125,2
6126,0
6127,4
6128,2
6129,2
6130,4
6131,4
6132,2
6133,4
6134,2
6135,2
6136,1
6137,2
6138,2
6139,4
6140,1
6141,1
6142,0
6143,0
6144,3
6145,0
6146,1
6147,1
6148,4
6149,0
6150,3
6151,1
6152,3
6153,4
6154,2
6155,3
6156,2
6157,4
6158,1
6159,3
6160,1
6161,1
6162,4
6163,2
6164,1
6165,0
6166,0
6167,4
6168,1
6169,0
6170,4
6171,1
6172,3
6173,3
6174,4
6175,2
6176,3
6177,1
6178,2
6179,1
6180,1
6181,4
6182,0
6183,0
6184,4
6185,2
6186,1
6187,4
6188,3
6189,2
6190,2
6191,2
6192,0
6193,1
6194,2
6195,3
6196,3
6197,4
6198,2
6199,4
6200,3
6201,3
6202,3
6203,1
6204,4
6205,4
6206,3
6207,1
6208,0
6209,0
6210,0
6211,1
6212,0
6213,0
6214,0
6215,1
6216,0
6217,2
6218,3
6219,2
6220,0
6221,3
6222,0
6223,3
6224,1
6225,4
6226,0
6227,3
6228,4
6229,2
6230,2
6231,3
6232,0
6233,4
6234,0
6235,0
6236,1
6237,2
6238,0
6239,3
6240,0
6241,1
6242,3
6243,2
6244,2
6245,2
6246,3
6247,1
6248,4
6249,2
6250,3
6251,1
6252,1
6253,2
6254,4
6255,1
6256,4
6257,2
6258,0
6259,1
6260,0
6261,2
6262,2
6263,2
6264,1
6265,0
6266,2
6267,3
6268,1
6269,1
6270,3
6271,4
6272,2
6273,3
6274,3
6275,1
6276,1
6277,2
6278,0
6279,3
6280,3
6281,3
6282,4
6283,1
6284,2
6285,4
6286,3
6287,1
6288,4
6289,3
6290,2
6291,3
6292,4
6293,1
6294,1
6295,3
6296,4
6297,0
6298,1
6299,4
6300,0
6301,0
6302,0
6303,3
6304,2
6305,4
6306,4
6307,3
6308,1
6309,0
6310,0
6311,1
6312,2
6313,3
6314,1
6315,1
6316,4
6317,3
6318,3
6319,0
6320,0
6321,3
6322,1
6323,0
6324,1
6325,1
6326,2
6327,4
6328,1
6329,1
6330,2
6331,4
6332,3
6333,0
6334,0
6335,2
6336,2
6337,3
6338,1
6339,2
6340,4
6341,4
6342,1
6343,0
6344,4
6345,2
6346,2
6347,1
6348,2
6349,4
6350,1
6351,3
6352,1
6353,3
6354,3
6355,0
6356,4
6357,1
6358,3
6359,0
6360,4
6361,3
6362,0
6363,3
6364,2
6365,2
6366,4
6367,1
6368,3
6369,1
6370,2
6371,4
6372,3
6373,0
6374,2
6375,4
6376,2
6377,3
6378,3
6379,2
6380,4
6381,3
6382,2
6383,4
6384,0
6385,0
6386,3
6387,4
6388,0
6389,2
6390,2
6391,2
6392,4
6393,2
6394,1
6395,4
6396,2
6397,2
6398,4
6399,0
6400,3
6401,1
6402,4
6403,3
6404,0
6405,0
6406,2
6407,3
6408,1
6409,3
6410,4
6411,0
6412,0
6413,4
6414,2
6415,4
6416,3
6417,3
6418,4
6419,2
6420,1
6421,2
6422,2
6423,1
6424,1
6425,3
6426,3
6427,2
6428,4
6429,0
6430,3
6431,0
6432,2
6433,0
6434,0
6435,4
6436,2
6437,4
6438,0
6439,3
6440,4
6441,4
6442,2
6443,4
6444,1
6445,1
6446,1
6447,1
6448,0
6449,2
6450,3
6451,3
6452,4
6453,2
6454,2
6455,2
6456,3
6457,2
6458,1
6459,0
6460,3
6461,1
6462,0
6463,1
6464,1
6465,0
6466,4
6467,1
6468,4
6469,2
6470,2
6471,0
6472,4
6473,3
6474,2
6475,4
6476,0
6477,3
6478,4
6479,2
6480,4
6481,1
6482,1
6483,2
6484,1
6485,0
6486,0
6487,3
6488,4
6489,3
6490,2
6491,3
6492,0
6493,0
6494,3
6495,3
6496,1
6497,4
6498,2
6499,1
6500,3
6501,4
6502,4
6503,3
6504,1
6505,3
6506,4
6507,2
6508,3
6509,3
6510,3
6511,2
6512,0
6513,4
6514,4
6515,4
6516,1
6517,2
6518,0
6519,4
6520,1
6521,0
6522,3
6523,4
6524,1
6525,0
6526,0
6527,3
6528,1
6529,2
6530,4
6531,3
6532,2
6533,0
6534,4
6535,4
6536,3
6537,2
6538,2
6539,0
6540,0
6541,2
6542,2
6543,2
6544,0
6545,3
6546,2
6547,1
6548,2
6549,0
6550,1
6551,4
6552,1
6553,4
6554,0
6555,3
6556,1
6557,1
6558,2
6559,1
6560,2
6561,1
6562,1
6563,0
6564,2
6565,0
6566,2
6567,3
6568,4
6569,4
6570,2
6571,1
6572,1
6573,2
6574,3
6575,2
6576,1
6577,0
6578,2
6579,3
6580,4
6581,1
6582,4
6583,4
6584,4
6585,2
6586,1
6587,4
6588,1
6589,3
6590,3
6591,1
6592,4
6593,2
6594,0
6595,3
6596,3
6597,3
6598,3
6599,4
6600,1
6601,4
6602,0
6603,0
6604,0
6605,1
6606,4
6607,4
6608,0
6609,1
6610,2
6611,0
6612,3
6613,1
6614,2
6615,4
6616,1
6617,4
6618,4
6619,3
6620,0
6621,3
6622,4
6623,1
6624,0
6625,4
6626,4
6627,4
6628,0
6629,3
6630,1
6631,1
6632,2
6633,2
6634,4
6635,0
6636,1
6637,0
6638,0
6639,1
6640,4
6641,1
6642,4
6643,2
6644,3
6645,2
6646,0
6647,1
6648,3
6649,0
6650,3
6651,2
6652,1
6653,2
6654,2
6655,1
6656,0
6657,2
6658,3
6659,2
6660,1
6661,3
6662,1
6663,1
6664,4
6665,4
6666,2
6667,1
6668,4
6669,2
6670,3
6671,0
6672,2
6673,3
6674,1
6675,1
6676,0
6677,2
6678,4
6679,3
6680,4
6681,4
6682,3
6683,3
6684,3
6685,2
6686,3
6687,0
6688,2
6689,0
6690,0
6691,0
6692,1
6693,0
6694,1
6695,4
6696,3
6697,3
6698,0
6699,2
6700,1
6701,0
6702,1
6703,2
6704,4
6705,3
6706,1
6707,1
6708,4
6709,3
6710,2
6711,2
6712,1
6713,3
6714,4
6715,3
6716,1
6717,0
6718,4
6719,1
6720,2
6721,3
6722,0
6723,4
6724,2
6725,2
6726,1
6727,1
6728,2
6729,1
6730,0
6731,0
6732,0
6733,2
6734,4
6735,3
6736,4
6737,1
6738,1
6739,4
6740,0
6741,3
6742,4
6743,3
6744,2
6745,1
6746,4
6747,4
6748,3
6749,3
6750,2
6751,0
6752,4
6753,2
6754,2
6755,0
6756,3
6757,3
6758,0
6759,2
6760,4
6761,2
6762,4
6763,3
6764,2
6765,1
6766,3
6767,3
6768,0
6769,4
6770,0
6771,1
6772,3
6773,0
6774,4
6775,2
6776,4
6777,4
6778,0
6779,2
6780,1
6781,3
6782,1
6783,1
6784,4
6785,0
6786,4
6787,2
6788,1
6789,3
6790,1
6791,1
6792,3
6793,3
6794,0
6795,0
6796,4
6797,1
6798,0
6799,4
6800,4
6801,2
6802,3
6803,3
6804,2
6805,4
6806,4
6807,1
6808,3
6809,3
6810,3
6811,4
6812,4
6813,0
6814,1
6815,4
6816,1
6817,3
6818,2
6819,0
6820,2
6821,3
6822,2
6823,0
6824,3
6825,3
6826,0
6827,3
6828,3
6829,3
6830,3
6831,3
6832,1
6833,2
6834,2
6835,2
6836,4
6837,0
6838,4
6839,2
6840,0
6841,1
6842,0
6843,4
6844,0
6845,3
6846,2
6847,4
6848,0
6849,4
6850,4
6851,1
6852,3
6853,0
6854,3
6855,0
6856,1
6857,2
6858,0
6859,1
6860,4
6861,1
6862,2
6863,0
6864,0
6865,0
6866,1
6867,4
6868,4
6869,2
6870,0
6871,0
6872,4
6873,4
6874,2
6875,3
6876,3
6877,1
6878,2
6879,4
6880,1
6881,1
6882,4
6883,3
6884,1
6885,1
6886,0
6887,1
6888,1
6889,0
6890,2
6891,4
6892,0
6893,1
6894,3
6895,2
6896,3
6897,0
6898,3
6899,3
6900,0
6901,0
6902,3
6903,0
6904,2
6905,2
6906,1
6907,2
6908,0
6909,2
6910,4
6911,1
6912,4
6913,4
6914,3
6915,3
6916,3
6917,4
6918,3
6919,1
6920,2
6921,2
6922,2
6923,2
6924,3
6925,4
6926,4
6927,0
6928,4
6929,0
6930,4
6931,1
6932,4
6933,0
6934,2
6935,2
6936,3
6937,1
6938,4
6939,2
6940,3
6941,0
6942,4
6943,0
6944,0
6945,3
6946,2
6947,0
6948,4
6949,3
6950,2
6951,1
6952,1
6953,2
6954,0
6955,2
6956,2
6957,3
6958,3
6959,0
6960,4
6961,4
6962,1
6963,1
6964,4
6965,0
6966,3
6967,0
6968,1
6969,2
6970,2
6971,1
6972,1
6973,2
6974,2
6975,3
6976,4
6977,4
6978,3
6979,0
6980,4
6981,2
6982,2
6983,2
6984,1
6985,1
6986,0
6987,3
6988,2
6989,2
6990,2
6991,4
6992,1
6993,2
6994,2
6995,4
6996,4
6997,3
6998,3
6999,3
7000,3
7001,0
7002,0
7003,4
7004,1
7005,1
7006,4
7007,1
7008,4
7009,1
7010,4
7011,3
7012,4
7013,3
7014,1
7015,4
7016,3
7017,2
7018,1
7019,2
7020,4
7021,3
7022,0
7023,3
7024,2
7025,3
7026,1
7027,1
7028,0
7029,3
7030,2
7031,3
7032,0
7033,3
7034,4
7035,4
7036,0
7037,2
7038,1
7039,2
7040,1
7041,2
7042,0
7043,4
7044,0
7045,1
7046,3
7047,3
7048,2
7049,0
7050,2
7051,0
7052,1
7053,2
7054,2
7055,1
7056,4
7057,3
7058,4
7059,0
7060,2
7061,3
7062,1
7063,2
7064,2
7065,2
7066,1
7067,1
7068,0
7069,2
7070,4
7071,2
7072,0
7073,2
7074,4
7075,0
7076,2
7077,0
7078,1
7079,3
7080,4
7081,1
7082,1
7083,3
7084,4
7085,2
7086,3
7087,2
7088,0
7089,3
7090,2
7091,2
7092,2
7093,0
7094,3
7095,1
7096,0
7097,1
7098,2
7099,3
7100,0
7101,1
7102,1
7103,0
7104,3
7105,0
7106,4
7107,3
7108,4
7109,1
7110,3
7111,4
7112,2
7113,0
7114,2
7115,1
7116,0
7117,4
7118,1
7119,3
7120,1
7121,2
7122,0
7123,0
7124,1
7125,2
7126,1
7127,1
7128,0
7129,2
7130,1
7131,1
7132,2
7133,2
7134,2
7135,3
7136,2
7137,3
7138,2
7139,2
7140,1
7141,1
7142,0
7143,1
7144,1
7145,3
7146,2
7147,0
7148,3
7149,0
7150,4
7151,4
7152,3
7153,0
7154,2
7155,3
7156,0
7157,2
7158,3
7159,2
7160,4
7161,3
7162,3
7163,1
7164,3
7165,1
7166,3
7167,3
7168,1
7169,3
7170,0
7171,0
7172,4
7173,2
7174,0
7175,0
7176,0
7177,2
7178,3
7179,1
7180,0
7181,4
7182,2
7183,1
7184,3
7185,0
7186,2
7187,2
7188,1
7189,0
7190,0
7191,3
7192,0
7193,0
7194,3
7195,4
7196,4
7197,4
7198,0
7199,1
7200,0
7201,3
7202,3
7203,3
7204,3
7205,1
7206,0
7207,3
7208,1
7209,4
7210,2
7211,1
7212,3
7213,0
7214,2
7215,1
7216,4
7217,2
7218,2
7219,4
7220,0
7221,1
7222,2
7223,4
7224,2
7225,0
7226,0
7227,4
7228,4
7229,4
7230,2
7231,3
7232,4
7233,3
7234,3
7235,0
7236,2
7237,2
7238,0
7239,3
7240,4
7241,1
7242,3
7243,0
7244,3
7245,2
7246,1
7247,0
7248,3
7249,4
7250,0
7251,2
7252,4
7253,3
7254,3
7255,2
7256,1
7257,2
7258,1
7259,1
7260,4
7261,3
7262,1
7263,1
7264,4
7265,3
7266,2
7267,0
7268,2
7269,0
7270,0
7271,2
7272,4
7273,3
7274,2
7275,1
7276,0
7277,2
7278,0
7279,3
7280,3
7281,3
7282,3
7283,2
7284,4
7285,1
7286,1
7287,2
7288,4
7289,4
7290,3
7291,2
7292,0
7293,1
7294,2
7295,0
7296,0
7297,1
7298,2
7299,4
7300,0
7301,2
7302,2
7303,2
7304,3
7305,3
7306,0
7307,2
7308,4
7309,0
7310,4
7311,1
7312,4
7313,0
7314,1
7315,3
7316,2
7317,3
7318,4
7319,0
7320,2
7321,2
7322,0
7323,1
7324,0
7325,4
7326,1
7327,3
7328,0
7329,2
7330,0
7331,4
7332,0
7333,0
7334,3
7335,4
7336,4
7337,1
7338,0
7339,2
7340,3
7341,1
7342,3
7343,4
7344,1
7345,0
7346,3
7347,3
7348,3
7349,2
7350,1
7351,0
7352,0
7353,2
7354,2
7355,2
7356,0
7357,1
7358,3
7359,3
7360,1
7361,3
7362,3
7363,0
7364,0
7365,1
7366,1
7367,2
7368,3
7369,4
7370,1
7371,1
7372,0
7373,2
7374,0
7375,0
7376,0
7377,0
7378,2
7379,0
7380,0
7381,3
7382,4
7383,2
7384,4
7385,0
7386,3
7387,3
7388,2
7389,4
7390,3
7391,3
7392,2
7393,1
7394,0
7395,0
7396,2
7397,4
7398,0
7399,2
7400,0
7401,0
7402,4
7403,0
7404,3
7405,2
7406,0
7407,4
7408,3
7409,2
7410,0
7411,4
7412,3
7413,4
7414,0
7415,2
7416,1
7417,3
7418,1
7419,4
7420,4
7421,1
7422,3
7423,4
7424,4
7425,4
7426,3
7427,3
7428,3
7429,2
7430,3
7431,2
7432,2
7433,3
7434,3
7435,4
7436,2
7437,3
7438,4
7439,0
7440,3
7441,4
7442,0
7443,2
7444,1
7445,4
7446,1
7447,2
7448,2
7449,1
7450,4
7451,1
7452,2
7453,3
7454,0
7455,4
7456,0
7457,3
7458,4
7459,0
7460,4
7461,0
7462,0
7463,3
7464,0
7465,2
7466,2
7467,4
7468,2
7469,0
7470,2
7471,0
7472,2
7473,2
7474,2
7475,3
7476,0
7477,3
7478,2
7479,0
7480,3
7481,3
7482,2
7483,1
7484,4
7485,4
7486,0
7487,2
7488,2
7489,1
7490,4
7491,2
7492,0
7493,2
7494,0
7495,3
7496,2
7497,0
7498,2
7499,1
7500,1
7501,4
7502,2
7503,4
7504,1
7505,1
7506,1
7507,2
7508,0
7509,3
7510,1
7511,3
7512,3
7513,3
7514,4
7515,4
7516,0
7517,2
7518,1
7519,4
7520,3
7521,4
7522,4
7523,2
7524,3
7525,3
7526,3
7527,0
7528,2
7529,1
7530,1
7531,3
7532,2
7533,4
7534,0
7535,2
7536,4
7537,0
7538,4
7539,4
7540,0
7541,3
7542,3
7543,3
7544,4
7545,1
7546,1
7547,1
7548,0
7549,2
7550,1
7551,0
7552,2
7553,1
7554,1
7555,3
7556,0
7557,2
7558,0
7559,2
7560,0
7561,0
7562,2
7563,0
7564,4
7565,2
7566,4
7567,4
7568,3
7569,3
7570,0
7571,0
7572,1
7573,0
7574,1
7575,1
7576,2
7577,0
7578,4
7579,1
7580,2
7581,1
7582,2
7583,2
7584,4
7585,3
7586,4
7587,4
7588,3
7589,1
7590,4
7591,4
7592,4
7593,2
7594,4
7595,2
7596,1
7597,3
7598,3
7599,2
7600,4
7601,2
7602,2
7603,3
7604,0
7605,1
7606,2
7607,0
7608,2
7609,4
7610,3
7611,4
7612,2
7613,2
7614,0
7615,3
7616,4
7617,2
7618,1
7619,1
7620,0
7621,4
7622,4
7623,0
7624,3
7625,0
7626,3
7627,0
7628,3
7629,4
7630,3
7631,0
7632,3
7633,0
7634,3
7635,0
7636,3
7637,4
7638,1
7639,0
7640,4
7641,4
7642,0
7643,4
7644,1
7645,1
7646,1
7647,3
7648,0
7649,4
7650,3
7651,0
7652,0
7653,0
7654,0
7655,1
7656,0
7657,4
7658,4
7659,1
7660,1
7661,0
7662,3
7663,3
7664,2
7665,4
7666,3
7667,4
7668,1
7669,1
7670,4
7671,2
7672,4
7673,4
7674,0
7675,2
7676,4
7677,0
7678,0
7679,4
7680,0
7681,4
7682,1
7683,4
7684,0
7685,4
7686,2
7687,2
7688,1
7689,3
7690,2
7691,1
7692,4
7693,2
7694,4
7695,1
7696,1
7697,1
7698,4
7699,1
7700,4
7701,3
7702,3
7703,1
7704,2
7705,0
7706,3
7707,2
7708,3
7709,2
7710,1
7711,1
7712,2
7713,4
7714,0
7715,0
7716,3
7717,3
7718,3
7719,0
7720,3
7721,4
7722,0
7723,1
7724,1
7725,2
7726,4
7727,2
7728,4
7729,1
7730,1
7731,2
7732,0
7733,2
7734,1
7735,0
7736,3
7737,1
7738,3
7739,2
7740,4
7741,2
7742,2
7743,4
7744,0
7745,1
7746,0
7747,2
7748,0
7749,0
7750,4
7751,0
7752,2
7753,2
7754,4
7755,0
7756,2
7757,0
7758,3
7759,3
7760,2
7761,0
7762,1
7763,3
7764,4
7765,2
7766,1
7767,4
7768,2
7769,2
7770,1
7771,0
7772,1
7773,2
7774,1
7775,0
7776,3
7777,4
7778,0
7779,0
7780,1
7781,4
7782,2
7783,4
7784,1
7785,0
7786,2
7787,0
7788,3
7789,3
7790,1
7791,0
7792,4
7793,4
7794,1
7795,3
7796,2
7797,2
7798,0
7799,1
7800,2
7801,2
7802,4
7803,4
7804,3
7805,4
7806,1
7807,1
7808,1
7809,1
7810,4
7811,0
7812,4
7813,4
7814,3
7815,4
7816,4
7817,4
7818,2
7819,2
7820,0
7821,0
7822,1
7823,2
7824,3
7825,0
7826,2
7827,4
7828,3
7829,1
7830,2
7831,0
7832,4
7833,3
7834,1
7835,1
7836,0
7837,2
7838,3
7839,1
7840,3
7841,0
7842,1
7843,4
7844,1
7845,1
7846,4
7847,4
7848,1
7849,4
7850,3
7851,0
7852,4
7853,1
7854,0
7855,0
7856,4
7857,3
7858,3
7859,4
7860,2
7861,2
7862,2
7863,0
7864,0
7865,4
7866,2
7867,4
7868,3
7869,1
7870,1
7871,2
7872,0
7873,1
7874,3
7875,3
7876,4
7877,1
7878,3
7879,2
7880,3
7881,3
7882,4
7883,0
7884,1
7885,4
7886,0
7887,3
7888,3
7889,2
7890,1
7891,4
7892,4
7893,1
7894,1
7895,0
7896,3
7897,0
7898,0
7899,1
7900,4
7901,2
7902,2
7903,0
7904,3
7905,4
7906,1
7907,0
7908,3
7909,3
7910,1
7911,3
7912,4
7913,1
7914,1
7915,1
7916,1
7917,0
7918,3
7919,4
7920,0
7921,1
7922,1
7923,4
7924,0
7925,2
7926,0
7927,1
7928,3
7929,3
7930,4
7931,4
7932,0
7933,0
7934,3
7935,4
7936,3
7937,2
7938,2
7939,4
7940,1
7941,1
7942,3
7943,1
7944,3
7945,1
7946,2
7947,4
7948,0
7949,1
7950,3
7951,0
7952,4
7953,0
7954,1
7955,0
7956,4
7957,2
7958,0
7959,3
7960,0
7961,4
7962,3
7963,2
7964,2
7965,0
7966,0
7967,4
7968,2
7969,3
7970,1
7971,0
7972,1
7973,1
7974,3
7975,4
7976,4
7977,3
7978,3
7979,3
7980,3
7981,2
7982,2
7983,2
7984,0
7985,2
7986,0
7987,1
7988,0
7989,1
7990,1
7991,4
7992,0
7993,4
7994,2
7995,4
7996,0
7997,0
7998,0
7999,0
8000,1
8001,1
8002,4
8003,1
8004,0
8005,3
8006,1
8007,3
8008,3
8009,2
8010,1
8011,1
8012,1
8013,1
8014,0
8015,0
8016,4
8017,4
8018,0
8019,4
8020,1
8021,2
8022,1
8023,0
8024,4
8025,2
8026,1
8027,4
8028,2
8029,0
8030,0
8031,2
8032,1
8033,4
8034,0
8035,1
8036,1
8037,4
8038,4
8039,3
8040,0
8041,0
8042,2
8043,4
8044,0
8045,4
8046,0
8047,2
8048,2
8049,1
8050,4
8051,0
8052,3
8053,4
8054,4
8055,2
8056,0
8057,4
8058,1
8059,0
8060,2
8061,0
8062,1
8063,1
8064,2
8065,3
8066,3
8067,2
8068,3
8069,4
8070,1
8071,2
8072,2
8073,0
8074,0
8075,3
8076,4
8077,3
8078,3
8079,0
8080,2
8081,3
8082,1
8083,2
8084,4
8085,1
8086,4
8087,1
8088,1
8089,1
8090,4
8091,0
8092,4
8093,4
8094,0
8095,0
8096,1
8097,1
8098,0
8099,0
8100,1
8101,3
8102,0
8103,2
8104,4
8105,1
8106,1
8107,4
8108,0
8109,1
8110,0
8111,3
8112,0
8113,1
8114,1
8115,0
8116,2
8117,0
8118,4
8119,3
8120,4
8121,4
8122,0
8123,4
8124,4
8125,0
8126,0
8127,1
8128,1
8129,1
8130,2
8131,0
8132,0
8133,2
8134,2
8135,4
8136,4
8137,0
8138,3
8139,3
8140,1
8141,4
8142,1
8143,2
8144,3
8145,4
8146,3
8147,3
8148,4
8149,3
8150,0
8151,1
8152,1
8153,3
8154,4
8155,4
8156,2
8157,2
8158,0
8159,3
8160,4
8161,0
8162,1
8163,0
8164,4
8165,3
8166,4
8167,0
8168,1
8169,1
8170,4
8171,3
8172,4
8173,3
8174,0
8175,1
8176,3
8177,2
8178,2
8179,2
8180,1
8181,3
8182,4
8183,4
8184,2
8185,3
8186,0
8187,3
8188,4
8189,0
8190,4
8191,1
8192,2
8193,1
8194,0
8195,2
8196,4
8197,0
8198,4
8199,0
8200,1
8201,0
8202,3
8203,1
8204,0
8205,4
8206,1
8207,0
8208,2
8209,4
8210,3
8211,3
8212,0
8213,4
8214,4
8215,4
8216,2
8217,2
8218,4
8219,0
8220,3
8221,4
8222,0
8223,1
8224,3
8225,3
8226,4
8227,3
8228,3
8229,0
8230,4
8231,1
8232,1
8233,4
8234,4
8235,3
8236,2
8237,0
8238,2
8239,3
8240,2
8241,3
8242,0
8243,4
8244,3
8245,2
8246,1
8247,4
8248,1
8249,2
8250,3
8251,4
8252,1
8253,4
8254,3
8255,4
8256,3
8257,0
8258,2
8259,1
8260,1
8261,4
8262,3
8263,4
8264,4
8265,3
8266,4
8267,0
8268,1
8269,2
8270,2
8271,2
8272,3
8273,0
8274,2
8275,3
8276,1
8277,3
8278,4
8279,3
8280,2
8281,0
8282,1
8283,1
8284,4
8285,0
8286,3
8287,2
8288,4
8289,4
8290,1
8291,1
8292,3
8293,4
8294,1
8295,2
8296,1
8297,2
8298,1
8299,1
8300,2
8301,4
8302,1
8303,0
8304,4
8305,2
8306,0
8307,2
8308,2
8309,1
8310,2
8311,0
8312,4
8313,0
8314,0
8315,4
8316,3
8317,1
8318,3
8319,1
8320,1
8321,1
8322,0
8323,1
8324,1
8325,2
8326,2
8327,4
8328,0
8329,4
8330,4
8331,0
8332,0
8333,1
8334,0
8335,4
8336,4
8337,2
8338,2
8339,0
8340,2
8341,4
8342,3
8343,2
8344,2
8345,4
8346,4
8347,1
8348,4
8349,2
8350,1
8351,1
8352,1
8353,1
8354,4
8355,0
8356,3
8357,0
8358,2
8359,1
8360,4
8361,4
8362,2
8363,3
8364,4
8365,4
8366,2
8367,4
8368,4
8369,0
8370,2
8371,3
8372,3
8373,4
8374,3
8375,0
8376,3
8377,3
8378,1
8379,1
8380,0
8381,2
8382,4
8383,4
8384,4
8385,4
8386,1
8387,1
8388,1
8389,0
8390,3
8391,0
8392,2
8393,0
8394,3
8395,2
8396,0
8397,2
8398,3
8399,0
8400,3
8401,3
8402,2
8403,1
8404,2
8405,0
8406,0
8407,0
8408,3
8409,2
8410,3
8411,0
8412,1
8413,4
8414,2
8415,3
8416,0
8417,1
8418,4
8419,0
8420,4
8421,4
8422,2
8423,3
8424,4
8425,2
8426,0
8427,4
8428,1
8429,4
8430,1
8431,2
8432,0
8433,2
8434,4
8435,2
8436,3
8437,0
8438,3
8439,2
8440,1
8441,2
8442,2
8443,4
8444,3
8445,2
8446,1
8447,4
8448,2
8449,1
8450,4
8451,2
8452,2
8453,4
8454,0
8455,2
8456,2
8457,3
8458,2
8459,0
8460,1
8461,0
8462,2
8463,3
8464,1
8465,3
8466,4
8467,4
8468,2
8469,3
8470,2
8471,0
8472,0
8473,2
8474,4
8475,0
8476,4
8477,4
8478,1
8479,0
8480,0
8481,4
8482,1
8483,1
8484,2
8485,2
8486,3
8487,2
8488,1
8489,3
8490,4
8491,3
8492,2
8493,4
8494,4
8495,4
8496,0
8497,2
8498,2
8499,2
8500,0
8501,0
8502,1
8503,0
8504,2
8505,0
8506,3
8507,3
8508,2
8509,0
8510,1
8511,1
8512,3
8513,0
8514,3
8515,2
8516,1
8517,0
8518,0
8519,3
8520,0
8521,4
8522,4
8523,1
8524,0
8525,4
8526,3
8527,3
8528,1
8529,1
8530,2
8531,3
8532,3
8533,4
8534,4
8535,2
8536,0
8537,0
8538,2
8539,1
8540,1
8541,1
8542,3
8543,1
8544,4
8545,0
8546,3
8547,1
8548,2
8549,2
8550,0
8551,3
8552,2
8553,4
8554,3
8555,3
8556,0
8557,3
8558,3
8559,2
8560,0
8561,3
8562,0
8563,3
8564,4
8565,4
8566,4
8567,0
8568,1
8569,1
8570,3
8571,4
8572,3
8573,0
8574,1
8575,3
8576,0
8577,0
8578,1
8579,4
8580,0
8581,3
8582,0
8583,1
8584,1
8585,3
8586,4
8587,0
8588,3
8589,1
8590,0
8591,1
8592,4
8593,1
8594,3
8595,0
8596,4
8597,4
8598,0
8599,2
8600,1
8601,4
8602,0
8603,3
8604,4
8605,1
8606,4
8607,2
8608,1
8609,4
8610,4
8611,4
8612,1
8613,4
8614,0
8615,2
8616,0
8617,2
8618,0
8619,0
8620,3
8621,3
8622,4
8623,2
8624,0
8625,4
8626,4
8627,3
8628,2
8629,3
8630,4
8631,3
8632,4
8633,1
8634,1
8635,4
8636,0
8637,2
8638,4
8639,1
8640,4
8641,4
8642,1
8643,4
8644,2
8645,4
8646,4
8647,3
8648,1
8649,1
8650,2
8651,4
8652,2
8653,1
8654,2
8655,0
8656,0
8657,1
8658,4
8659,1
8660,4
8661,1
8662,0
8663,0
8664,0
8665,0
8666,0
8667,2
8668,4
8669,1
8670,1
8671,4
8672,3
8673,3
8674,2
8675,1
8676,1
8677,1
8678,2
8679,1
8680,1
8681,1
8682,4
8683,0
8684,3
8685,1
8686,1
8687,0
8688,1
8689,3
8690,1
8691,2
8692,0
8693,2
8694,2
8695,0
8696,1
8697,2
8698,2
8699,2
8700,4
8701,4
8702,3
8703,4
8704,0
8705,3
8706,4
8707,4
8708,3
8709,4
8710,2
8711,2
8712,2
8713,2
8714,4
8715,2
8716,0
8717,4
8718,1
8719,3
8720,1
8721,1
8722,0
8723,0
8724,3
8725,3
8726,3
8727,1
8728,2
8729,4
8730,1
8731,4
8732,1
8733,0
8734,0
8735,1
8736,4
8737,2
8738,1
8739,0
8740,3
8741,0
8742,0
8743,0
8744,2
8745,3
8746,4
8747,0
8748,3
8749,3
8750,2
8751,3
8752,1
8753,3
8754,2
8755,1
8756,2
8757,2
8758,1
8759,4
8760,0
8761,0
8762,2
8763,2
8764,1
8765,3
8766,0
8767,2
8768,4
8769,4
8770,2
8771,3
8772,1
8773,2
8774,4
8775,1
8776,4
8777,3
8778,1
8779,0
8780,3
8781,4
8782,3
8783,3
8784,0
8785,4
8786,2
8787,3
8788,4
8789,2
8790,4
8791,3
8792,3
8793,1
8794,2
8795,1
8796,0
8797,1
8798,0
8799,4
8800,4
8801,4
8802,0
8803,3
8804,3
8805,3
8806,4
8807,0
8808,3
8809,1
8810,3
8811,3
8812,0
8813,0
8814,0
8815,3
8816,3
8817,1
8818,0
8819,1
8820,4
8821,0
8822,2
8823,1
8824,2
8825,0
8826,0
8827,2
8828,1
8829,4
8830,2
8831,3
8832,2
8833,0
8834,2
8835,2
8836,2
8837,3
8838,3
8839,4
8840,4
8841,2
8842,3
8843,3
8844,0
8845,2
8846,3
8847,2
8848,3
8849,2
8850,0
8851,4
8852,3
8853,1
8854,2
8855,0
8856,1
8857,2
8858,3
8859,4
8860,3
8861,2
8862,0
8863,4
8864,3
8865,2
8866,3
8867,1
8868,2
8869,0
8870,0
8871,0
8872,1
8873,2
8874,1
8875,0
8876,1
8877,2
8878,3
8879,4
8880,2
8881,4
8882,0
8883,1
8884,1
8885,4
8886,4
8887,4
8888,0
8889,0
8890,2
8891,4
8892,4
8893,0
8894,0
8895,4
8896,0
8897,4
8898,0
8899,2
8900,4
8901,4
8902,3
8903,2
8904,2
8905,2
8906,3
8907,0
8908,2
8909,3
8910,2
8911,0
8912,3
8913,4
8914,2
8915,1
8916,2
8917,3
8918,2
8919,2
8920,2
8921,0
8922,2
8923,0
8924,3
8925,3
8926,1
8927,4
8928,4
8929,2
8930,3
8931,0
8932,0
8933,2
8934,2
8935,0
8936,1
8937,4
8938,1
8939,0
8940,3
8941,4
8942,1
8943,1
8944,1
8945,4
8946,1
8947,2
8948,2
8949,2
8950,0
8951,4
8952,3
8953,1
8954,1
8955,0
8956,2
8957,4
8958,4
8959,4
8960,1
8961,3
8962,3
8963,1
8964,0
8965,4
8966,3
8967,1
8968,2
8969,2
8970,4
8971,0
8972,1
8973,3
8974,0
8975,1
8976,4
8977,0
8978,4
8979,1
8980,3
8981,0
8982,2
8983,0
8984,1
8985,0
8986,3
8987,1
8988,3
8989,0
8990,4
8991,3
8992,2
8993,0
8994,4
8995,2
8996,3
8997,0
8998,3
8999,0
9000,4
9001,3
9002,3
9003,4
9004,0
9005,3
9006,1
9007,2
9008,4
9009,2
9010,0
9011,4
9012,1
9013,1
9014,1
9015,2
9016,1
9017,4
9018,2
9019,3
9020,1
9021,0
9022,0
9023,1
9024,1
9025,1
9026,3
9027,0
9028,3
9029,3
9030,2
9031,3
9032,0
9033,1
9034,0
9035,0
9036,2
9037,0
9038,4
9039,0
9040,2
9041,0
9042,3
9043,0
9044,0
9045,3
9046,1
9047,1
9048,1
9049,4
9050,3
9051,2
9052,2
9053,1
9054,0
9055,1
9056,0
9057,2
9058,2
9059,1
9060,0
9061,4
9062,1
9063,2
9064,3
9065,4
9066,4
9067,0
9068,1
9069,2
9070,2
9071,1
9072,3
9073,3
9074,0
9075,1
9076,2
9077,4
9078,2
9079,2
9080,2
9081,1
9082,4
9083,1
9084,3
9085,1
9086,1
9087,1
9088,1
9089,1
9090,2
9091,1
9092,3
9093,2
9094,4
9095,4
9096,3
9097,3
9098,3
9099,3
9100,1
9101,0
9102,0
9103,0
9104,3
9105,2
9106,3
9107,2
9108,4
9109,3
9110,4
9111,1
9112,0
9113,3
9114,1
9115,3
9116,1
9117,0
9118,1
9119,3
9120,1
9121,0
9122,1
9123,1
9124,2
9125,1
9126,4
9127,1
9128,4
9129,3
9130,3
9131,0
9132,0
9133,0
9134,4
9135,0
9136,4
9137,0
9138,2
9139,4
9140,4
9141,2
9142,4
9143,4
9144,3
9145,4
9146,3
9147,3
9148,1
9149,1
9150,0
9151,1
9152,3
9153,3
9154,0
9155,4
9156,2
9157,3
9158,0
9159,3
9160,2
9161,4
9162,4
9163,0
9164,3
9165,2
9166,3
9167,4
9168,3
9169,1
9170,4
9171,3
9172,0
9173,1
9174,0
9175,4
9176,1
9177,2
9178,2
9179,1
9180,2
9181,2
9182,1
9183,0
9184,3
9185,4
9186,0
9187,4
9188,2
9189,0
9190,3
9191,2
9192,0
9193,1
9194,3
9195,4
9196,1
9197,1
9198,3
9199,3
9200,0
9201,4
9202,1
9203,1
9204,1
9205,1
9206,1
9207,1
9208,0
9209,4
9210,3
9211,0
9212,2
9213,4
9214,3
9215,3
9216,3
9217,1
9218,0
9219,0
9220,1
9221,0
9222,0
9223,4
9224,0
9225,2
9226,0
9227,3
9228,1
9229,2
9230,2
9231,1
9232,0
9233,1
9234,3
9235,0
9236,2
9237,4
9238,2
9239,0
9240,2
9241,1
9242,3
9243,1
9244,0
9245,1
9246,3
9247,3
9248,1
9249,4
9250,1
9251,3
9252,4
9253,1
9254,2
9255,1
9256,2
9257,2
9258,4
9259,0
9260,4
9261,3
9262,2
9263,1
9264,2
9265,2
9266,1
9267,3
9268,4
9269,3
9270,4
9271,2
9272,0
9273,4
9274,3
9275,0
9276,3
9277,4
9278,1
9279,2
9280,0
9281,0
9282,3
9283,3
9284,3
9285,1
9286,4
9287,1
9288,0
9289,0
9290,2
9291,4
9292,4
9293,3
9294,3
9295,0
9296,2
9297,0
9298,3
9299,1
9300,2
9301,0
9302,3
9303,1
9304,0
9305,0
9306,3
9307,2
9308,4
9309,3
9310,1
9311,1
9312,0
9313,1
9314,2
9315,4
9316,2
9317,4
9318,0
9319,0
9320,3
9321,1
9322,1
9323,3
9324,0
9325,0
9326,1
9327,2
9328,3
9329,1
9330,3
9331,3
9332,2
9333,2
9334,0
9335,3
9336,2
9337,1
9338,3
9339,1
9340,1
9341,3
9342,3
9343,4
9344,0
9345,3
9346,1
9347,4
9348,2
9349,1
9350,1
9351,4
9352,3
9353,2
9354,0
9355,3
9356,1
9357,0
9358,1
9359,2
9360,2
9361,1
9362,0
9363,0
9364,4
9365,1
9366,4
9367,4
9368,0
9369,3
9370,3
9371,3
9372,3
9373,2
9374,2
9375,2
9376,4
9377,2
9378,2
9379,2
9380,1
9381,2
9382,1
9383,0
9384,4
9385,3
9386,1
9387,4
9388,3
9389,0
9390,0
9391,4
9392,1
9393,1
9394,1
9395,2
9396,3
9397,0
9398,4
9399,4
9400,3
9401,1
9402,0
9403,2
9404,3
9405,4
9406,4
9407,2
9408,4
9409,0
9410,0
9411,2
9412,0
9413,2
9414,2
9415,4
9416,4
9417,2
9418,2
9419,1
9420,1
9421,0
9422,4
9423,3
9424,0
9425,4
9426,3
9427,2
9428,1
9429,4
9430,2
9431,0
9432,0
9433,3
9434,3
9435,0
9436,3
9437,1
9438,0
9439,4
9440,0
9441,0
9442,3
9443,4
9444,2
9445,2
9446,3
9447,0
9448,1
9449,0
9450,3
9451,2
9452,2
9453,3
9454,1
9455,3
9456,3
9457,0
9458,3
9459,4
9460,2
9461,1
9462,1
9463,3
9464,1
9465,3
9466,1
9467,1
9468,4
9469,3
9470,4
9471,3
9472,1
9473,0
9474,4
9475,1
9476,0
9477,3
9478,3
9479,3
9480,0
9481,4
9482,0
9483,1
9484,2
9485,3
9486,1
9487,1
9488,0
9489,0
9490,4
9491,0
9492,4
9493,3
9494,0
9495,4
9496,0
9497,4
9498,2
9499,1
9500,0
9501,0
9502,3
9503,1
9504,1
9505,1
9506,3
9507,2
9508,3
9509,1
9510,1
9511,0
9512,1
9513,2
9514,3
9515,3
9516,1
9517,2
9518,1
9519,2
9520,2
9521,3
9522,3
9523,2
9524,0
9525,4
9526,3
9527,4
9528,2
9529,0
9530,3
9531,1
9532,4
9533,4
9534,3
9535,2
9536,0
9537,3
9538,4
9539,0
9540,0
9541,3
9542,3
9543,2
9544,3
9545,2
9546,3
9547,0
9548,3
9549,2
9550,0
9551,3
9552,1
9553,0
9554,4
9555,4
9556,3
9557,4
9558,0
9559,4
9560,1
9561,1
9562,0
9563,4
9564,1
9565,2
9566,0
9567,1
9568,3
9569,0
9570,0
9571,4
9572,2
9573,0
9574,0
9575,0
9576,2
9577,1
9578,1
9579,2
9580,1
9581,4
9582,4
9583,2
9584,3
9585,1
9586,3
9587,0
9588,2
9589,2
9590,1
9591,0
9592,0
9593,2
9594,2
9595,1
9596,0
9597,3
9598,2
9599,1
9600,4
9601,2
9602,2
9603,4
9604,2
9605,3
9606,1
9607,0
9608,4
9609,0
9610,0
9611,1
9612,1
9613,3
9614,3
9615,2
9616,1
9617,0
9618,4
9619,1
9620,2
9621,0
9622,3
9623,3
9624,0
9625,4
9626,3
9627,4
9628,1
9629,1
9630,3
9631,2
9632,4
9633,2
9634,1
9635,4
9636,2
9637,2
9638,1
9639,4
9640,3
9641,1
9642,3
9643,0
9644,0
9645,0
9646,2
9647,2
9648,2
9649,2
9650,2
9651,2
9652,3
9653,1
9654,0
9655,2
9656,0
9657,2
9658,2
9659,2
9660,3
9661,3
9662,0
9663,0
9664,3
9665,3
9666,2
9667,2
9668,4
9669,1
9670,2
9671,2
9672,3
9673,4
9674,3
9675,3
9676,4
9677,0
9678,2
9679,4
9680,4
9681,4
9682,1
9683,2
9684,2
9685,4
9686,0
9687,4
9688,2
9689,1
9690,3
9691,2
9692,1
9693,3
9694,3
9695,1
9696,4
9697,0
9698,4
9699,4
9700,3
9701,3
9702,0
9703,2
9704,4
9705,3
9706,0
9707,0
9708,2
9709,0
9710,0
9711,1
9712,3
9713,3
9714,1
9715,2
9716,1
9717,0
9718,4
9719,4
9720,4
9721,1
9722,0
9723,3
9724,2
9725,2
9726,4
9727,3
9728,2
9729,0
9730,1
9731,1
9732,4
9733,3
9734,2
9735,3
9736,4
9737,1
9738,0
9739,4
9740,2
9741,2
9742,0
9743,3
9744,3
9745,3
9746,3
9747,2
9748,3
9749,1
9750,1
9751,1
9752,3
9753,0
9754,0
9755,4
9756,2
9757,0
9758,4
9759,4
9760,4
9761,0
9762,1
9763,0
9764,0
9765,4
9766,4
9767,3
9768,3
9769,2
9770,3
9771,3
9772,1
9773,0
9774,0
9775,3
9776,1
9777,2
9778,2
9779,4
9780,4
9781,1
9782,3
9783,1
9784,4
9785,4
9786,4
9787,4
9788,3
9789,1
9790,0
9791,4
9792,3
9793,1
9794,2
9795,0
9796,0
9797,1
9798,1
9799,4
9800,4
9801,3
9802,0
9803,3
9804,3
9805,4
9806,4
9807,1
9808,0
9809,4
9810,3
9811,3
9812,4
9813,3
9814,3
9815,2
9816,1
9817,4
9818,4
9819,4
9820,2
9821,0
9822,3
9823,2
9824,2
9825,1
9826,4
9827,1
9828,0
9829,0
9830,0
9831,0
9832,1
9833,2
9834,4
9835,4
9836,2
9837,3
9838,2
9839,2
9840,1
9841,0
9842,3
9843,2
9844,1
9845,0
9846,0
9847,3
9848,1
9849,4
9850,3
9851,4
9852,0
9853,3
9854,3
9855,3
9856,1
9857,2
9858,2
9859,1
9860,1
9861,0
9862,0
9863,3
9864,1
9865,2
9866,2
9867,1
9868,2
9869,1
9870,2
9871,1
9872,2
9873,3
9874,0
9875,1
9876,2
9877,3
9878,1
9879,3
9880,2
9881,4
9882,0
9883,1
9884,2
9885,3
9886,3
9887,4
9888,0
9889,0
9890,2
9891,0
9892,0
9893,1
9894,1
9895,1
9896,4
9897,2
9898,4
9899,4
9900,2
9901,0
9902,3
9903,1
9904,4
9905,0
9906,0
9907,4
9908,1
9909,3
9910,2
9911,2
9912,0
9913,1
9914,0
9915,2
9916,0
9917,4
9918,2
9919,4
9920,0
9921,1
9922,4
9923,2
9924,1
9925,1
9926,0
9927,0
9928,4
9929,4
9930,0
9931,2
9932,0
9933,4
9934,3
9935,4
9936,0
9937,2
9938,2
9939,3
9940,3
9941,4
9942,2
9943,1
9944,2
9945,0
9946,4
9947,2
9948,1
9949,4
9950,1
9951,4
9952,3
9953,1
9954,4
9955,3
9956,4
9957,1
9958,0
9959,2
9960,0
9961,0
9962,1
9963,0
9964,1
9965,2
9966,0
9967,3
9968,3
9969,2
9970,0
9971,2
9972,3
9973,1
9974,0
9975,1
9976,2
9977,2
9978,3
9979,2
9980,0
9981,3
9982,1
9983,2
9984,3
9985,3
9986,3
9987,4
9988,0
9989,0
9990,3
9991,1
9992,2
9993,0
9994,0
9995,1
9996,0
9997,3
9998,0
9999,0
10000,0
10001,3
10002,0
10003,1
10004,2
10005,1
10006,2
10007,1
10008,2
10009,0
10010,2
10011,3
10012,1
10013,1
10014,2
10015,2
10016,2
10017,0
10018,4
10019,2
10020,4
10021,1
10022,1
10023,3
10024,4
10025,0
10026,4
10027,3
10028,1
10029,3
10030,0
10031,3
10032,3
10033,2
10034,4
10035,2
10036,1
10037,0
10038,1
10039,1
10040,3
10041,3
10042,3
10043,4
10044,1
10045,0
10046,2
10047,1
10048,1
10049,4
10050,4
10051,2
10052,0
10053,1
10054,2
10055,4
10056,0
10057,1
10058,1
10059,4
10060,1
10061,0
10062,4
10063,4
10064,4
10065,2
10066,3
10067,0
10068,1
10069,0
10070,3
10071,2
10072,4
10073,4
10074,1
10075,1
10076,2
10077,2
10078,4
10079,3
10080,4
10081,1
10082,2
10083,1
10084,4
10085,0
10086,0
10087,0
10088,2
10089,2
10090,3
10091,4
10092,0
10093,4
10094,2
10095,4
10096,2
10097,4
10098,0
10099,2
10100,0
10101,4
10102,4
10103,2
10104,4
10105,2
10106,0
10107,4
10108,1
10109,3
10110,3
10111,3
10112,1
10113,0
10114,2
10115,1
10116,0
10117,2
10118,1
10119,1
10120,1
10121,3
10122,3
10123,3
10124,1
10125,1
10126,2
10127,4
10128,0
10129,1
10130,0
10131,4
10132,4
10133,0
10134,3
10135,3
10136,0
10137,4
10138,4
10139,0
10140,3
10141,3
10142,0
10143,3
10144,2
10145,4
10146,4
10147,0
10148,4
10149,2
10150,1
10151,3
10152,0
10153,2
10154,1
10155,2
10156,2
10157,1
10158,2
10159,1
10160,0
10161,1
10162,0
10163,2
10164,2
10165,4
10166,0
10167,4
10168,4
10169,3
10170,1
10171,3
10172,2
10173,4
10174,3
10175,1
10176,4
10177,2
10178,2
10179,4
10180,1
10181,2
10182,2
10183,1
10184,1
10185,2
10186,0
10187,3
10188,1
10189,1
10190,3
10191,2
10192,1
10193,3
10194,4
10195,4
10196,2
10197,1
10198,3
10199,2
10200,2
10201,2
10202,4
10203,3
10204,3
10205,0
10206,2
10207,0
10208,3
10209,0
10210,3
10211,0
10212,2
10213,4
10214,4
10215,0
10216,2
10217,0
10218,4
10219,1
10220,1
10221,0
10222,1
10223,2
10224,3
10225,1
10226,2
10227,0
10228,1
10229,3
10230,4
10231,0
10232,1
10233,4
10234,1
10235,3
10236,2
10237,0
10238,2
10239,1
10240,4
10241,3
10242,3
10243,1
10244,0
10245,4
10246,2
10247,0
10248,4
10249,2
10250,0
10251,0
10252,4
10253,0
10254,2
10255,4
10256,0
10257,0
10258,0
10259,0
10260,4
10261,0
10262,4
10263,2
10264,2
10265,0
10266,0
10267,3
10268,4
10269,1
10270,1
10271,4
10272,1
10273,2
10274,1
10275,1
10276,4
10277,2
10278,3
10279,3
10280,4
10281,0
10282,2
10283,4
10284,3
10285,2
10286,4
10287,3
10288,2
10289,0
10290,3
10291,1
10292,0
10293,0
10294,2
10295,3
10296,1
10297,4
10298,2
10299,0
10300,2
10301,0
10302,4
10303,2
10304,0
10305,0
10306,2
10307,0
10308,0
10309,4
10310,0
10311,3
10312,0
10313,1
10314,4
10315,0
10316,0
10317,2
10318,1
10319,0
10320,0
10321,1
10322,2
10323,0
10324,2
10325,4
10326,1
10327,2
10328,1
10329,0
10330,1
10331,0
10332,4
10333,3
10334,2
10335,3
10336,1
10337,4
10338,2
10339,0
10340,2
10341,0
10342,0
10343,2
10344,2
10345,0
10346,2
10347,3
10348,0
10349,0
10350,3
10351,3
10352,4
10353,2
10354,3
10355,1
10356,2
10357,2
10358,1
10359,2
10360,1
10361,1
10362,1
10363,2
10364,3
10365,1
10366,3
10367,0
10368,0
10369,1
10370,4
10371,1
10372,4
10373,3
10374,1
10375,3
10376,4
10377,0
10378,3
10379,2
10380,3
10381,4
10382,2
10383,2
10384,2
10385,4
10386,3
10387,0
10388,0
10389,2
10390,4
10391,0
10392,3
10393,2
10394,1
10395,4
10396,2
10397,3
10398,1
10399,4
10400,0
10401,1
10402,2
10403,2
10404,0
10405,2
10406,0
10407,4
10408,0
10409,2
10410,1
10411,2
10412,1
10413,0
10414,3
10415,0
10416,3
10417,4
10418,3
10419,3
10420,2
10421,0
10422,1
10423,0
10424,3
10425,1
10426,4
10427,4
10428,4
10429,2
10430,2
10431,0
10432,2
10433,2
10434,3
10435,3
10436,4
10437,0
10438,4
10439,4
10440,0
10441,1
10442,1
10443,4
10444,3
10445,3
10446,1
10447,0
10448,3
10449,4
10450,1
10451,0
10452,4
10453,2
10454,1
10455,3
10456,2
10457,0
10458,3
10459,0
10460,1
10461,0
10462,4
10463,4
10464,3
10465,2
10466,0
10467,3
10468,0
10469,2
10470,2
10471,1
10472,3
10473,1
10474,3
10475,4
10476,0
10477,2
10478,2
10479,2
10480,0
10481,3
10482,3
10483,1
10484,4
10485,0
10486,0
10487,0
10488,4
10489,1
10490,3
10491,2
10492,0
10493,4
10494,0
10495,3
10496,3
10497,4
10498,3
10499,2
10500,3
10501,1
10502,3
10503,1
10504,3
10505,2
10506,2
10507,2
10508,1
10509,2
10510,4
10511,2
10512,1
10513,3
10514,4
10515,4
10516,1
10517,1
10518,0
10519,2
10520,1
10521,3
10522,0
10523,3
10524,4
10525,4
10526,3
10527,4
10528,2
10529,2
10530,0
10531,2
10532,2
10533,2
10534,4
10535,4
10536,4
10537,2
10538,1
10539,0
10540,3
10541,3
10542,4
10543,2
10544,3
10545,2
10546,2
10547,0
10548,1
10549,0
10550,0
10551,1
10552,0
10553,0
10554,4
10555,2
10556,2
10557,2
10558,1
10559,2
10560,4
10561,3
10562,3
10563,0
10564,4
10565,3
10566,1
10567,0
10568,3
10569,2
10570,3
10571,0
10572,3
10573,3
10574,3
10575,2
10576,2
10577,2
10578,0
10579,0
10580,3
10581,3
10582,2
10583,4
10584,3
10585,1
10586,1
10587,1
10588,4
10589,3
10590,0
10591,3
10592,1
10593,4
10594,1
10595,3
10596,3
10597,3
10598,3
10599,4
10600,2
10601,4
10602,1
10603,1
10604,3
10605,0
10606,1
10607,1
10608,1
10609,3
10610,4
10611,4
10612,4
10613,4
10614,1
10615,2
10616,1
10617,1
10618,1
10619,2
10620,1
10621,2
10622,4
10623,1
10624,3
10625,4
10626,4
10627,2
10628,0
10629,1
10630,1
10631,0
10632,3
10633,4
10634,0
10635,4
10636,4
10637,4
10638,1
10639,2
10640,2
10641,0
10642,1
10643,3
10644,4
10645,0
10646,4
10647,4
10648,1
10649,1
10650,2
10651,1
10652,3
10653,4
10654,1
10655,3
10656,0
10657,3
10658,4
10659,2
10660,2
10661,2
10662,2
10663,0
10664,3
10665,0
10666,4
10667,1
10668,0
10669,3
10670,3
10671,2
10672,0
10673,1
10674,4
10675,1
10676,4
10677,2
10678,2
10679,0
10680,2
10681,4
10682,4
10683,1
10684,3
10685,1
10686,3
10687,1
10688,3
10689,0
10690,4
10691,2
10692,2
10693,3
10694,3
10695,3
10696,2
10697,3
10698,2
10699,3
10700,4
10701,2
10702,2
10703,1
10704,4
10705,1
10706,3
10707,0
10708,4
10709,1
10710,1
10711,3
10712,1
10713,4
10714,4
10715,0
10716,4
10717,3
10718,1
10719,1
10720,2
10721,3
10722,1
10723,4
10724,1
10725,2
10726,2
10727,0
10728,4
10729,2
10730,0
10731,2
10732,3
10733,0
10734,2
10735,4
10736,2
10737,3
10738,3
10739,0
10740,0
10741,4
10742,3
10743,3
10744,2
10745,1
10746,4
10747,4
10748,2
10749,0
10750,4
10751,1
10752,0
10753,4
10754,1
10755,0
10756,2
10757,1
10758,3
10759,2
10760,3
10761,0
10762,3
10763,3
10764,2
10765,0
10766,2
10767,3
10768,4
10769,4
10770,3
10771,3
10772,1
10773,1
10774,3
10775,1
10776,3
10777,3
10778,4
10779,0
10780,4
10781,2
10782,4
10783,2
10784,1
10785,1
10786,4
10787,3
10788,1
10789,0
10790,2
10791,1
10792,4
10793,0
10794,2
10795,2
10796,4
10797,2
10798,1
10799,0
10800,2
10801,3
10802,4
10803,2
10804,4
10805,4
10806,0
10807,4
10808,3
10809,1
10810,0
10811,1
10812,4
10813,3
10814,2
10815,3
10816,2
10817,2
10818,4
10819,4
10820,3
10821,1
10822,3
10823,3
10824,4
10825,2
10826,4
10827,4
10828,3
10829,2
10830,4
10831,2
10832,1
10833,2
10834,4
10835,0
10836,4
10837,1
10838,1
10839,0
10840,1
10841,3
10842,4
10843,3
10844,0
10845,3
10846,1
10847,3
10848,2
10849,3
10850,0
10851,0
10852,2
10853,0
10854,1
10855,0
10856,1
10857,1
10858,2
10859,1
10860,1
10861,0
10862,4
10863,4
10864,2
10865,2
10866,3
10867,3
10868,2
10869,2
10870,3
10871,2
10872,1
10873,1
10874,1
10875,4
10876,2
10877,1
10878,4
10879,4
10880,1
10881,2
10882,3
10883,4
10884,0
10885,2
10886,1
10887,2
10888,0
10889,0
10890,1
10891,2
10892,4
10893,1
10894,4
10895,4
10896,0
10897,0
10898,1
10899,2
10900,0
10901,4
10902,2
10903,0
10904,2
10905,1
10906,4
10907,1
10908,1
10909,1
10910,0
10911,3
10912,2
10913,4
10914,3
10915,0
10916,1
10917,1
10918,4
10919,3
10920,4
10921,4
10922,1
10923,3
10924,1
10925,4
10926,1
10927,3
10928,3
10929,3
10930,2
10931,1
10932,0
10933,0
10934,1
10935,4
10936,0
10937,4
10938,3
10939,1
10940,2
10941,3
10942,0
10943,0
10944,4
10945,0
10946,4
10947,1
10948,0
10949,0
10950,4
10951,0
10952,1
10953,0
10954,3
10955,3
10956,3
10957,1
10958,0
10959,1
10960,0
10961,4
10962,1
10963,0
10964,2
10965,0
10966,4
10967,2
10968,2
10969,1
10970,3
10971,2
10972,3
10973,0
10974,1
10975,0
10976,0
10977,3
10978,3
10979,3
10980,3
10981,4
10982,0
10983,2
10984,1
10985,0
10986,3
10987,3
10988,1
10989,3
10990,2
10991,1
10992,1
10993,4
10994,3
10995,2
10996,3
10997,1
10998,1
10999,1
11000,1
11001,0
11002,2
11003,1
11004,1
11005,0
11006,0
11007,0
11008,0
11009,4
11010,0
11011,2
11012,3
11013,3
11014,2
11015,0
11016,0
11017,1
11018,4
11019,0
11020,2
11021,3
11022,4
11023,2
11024,0
11025,4
11026,2
11027,3
11028,4
11029,2
11030,2
11031,1
11032,3
11033,1
11034,3
11035,2
11036,4
11037,1
11038,3
11039,4
11040,1
11041,4
11042,2
11043,1
11044,2
11045,0
11046,3
11047,1
11048,0
11049,1
11050,4
11051,3
11052,3
11053,0
11054,3
11055,2
11056,2
11057,4
11058,2
11059,2
11060,2
11061,1
11062,0
11063,2
11064,1
11065,0
11066,0
11067,0
11068,0
11069,2
11070,4
11071,3
11072,3
11073,1
11074,0
11075,0
11076,2
11077,0
11078,1
11079,2
11080,1
11081,1
11082,1
11083,3
11084,3
11085,2
11086,0
11087,3
11088,3
11089,1
11090,2
11091,3
11092,1
11093,2
11094,0
11095,0
11096,0
11097,3
11098,4
11099,2
11100,0
11101,4
11102,3
11103,0
11104,4
11105,0
11106,4
11107,3
11108,0
11109,2
11110,3
11111,0
11112,2
11113,0
11114,4
11115,1
11116,2
11117,1
11118,4
11119,3
11120,3
11121,2
11122,0
11123,2
11124,0
11125,2
11126,2
11127,2
11128,2
11129,4
11130,2
11131,1
11132,2
11133,1
11134,1
11135,4
11136,2
11137,3
11138,4
11139,0
11140,4
11141,1
11142,1
11143,4
11144,3
11145,2
11146,3
11147,3
11148,3
11149,0
11150,4
11151,0
11152,3
11153,2
11154,4
11155,1
11156,2
11157,3
11158,0
11159,2
11160,2
11161,4
11162,1
11163,3
11164,2
11165,0
11166,0
11167,0
11168,0
11169,1
11170,2
11171,3
11172,0
11173,2
11174,1
11175,3
11176,2
11177,1
11178,1
11179,1
11180,4
11181,0
11182,2
11183,4
11184,0
11185,3
11186,4
11187,4
11188,3
11189,4
11190,0
11191,3
11192,0
11193,4
11194,2
11195,4
11196,3
11197,2
11198,2
11199,1
11200,2
11201,1
11202,3
11203,3
11204,0
11205,3
11206,4
11207,2
11208,1
11209,3
11210,0
11211,2
11212,2
11213,4
11214,3
11215,1
11216,3
11217,1
11218,3
11219,0
11220,2
11221,4
11222,3
11223,1
11224,4
11225,0
11226,3
11227,1
11228,4
11229,3
11230,4
11231,3
11232,0
11233,1
11234,4
11235,1
11236,2
11237,0
11238,3
11239,1
11240,3
11241,4
11242,2
11243,4
11244,3
11245,1
11246,2
11247,0
11248,0
11249,2
11250,2
11251,0
11252,1
11253,1
11254,3
11255,0
11256,4
11257,0
11258,0
11259,1
11260,2
11261,3
11262,0
11263,2
11264,4
11265,4
11266,3
11267,2
11268,4
11269,4
11270,4
11271,3
11272,3
11273,3
11274,0
11275,3
11276,4
11277,0
11278,2
11279,0
11280,0
11281,4
11282,3
11283,2
11284,0
11285,2
11286,4
11287,3
11288,2
11289,2
11290,2
11291,2
11292,3
11293,4
11294,4
11295,2
11296,0
11297,4
11298,0
11299,4
11300,3
11301,0
11302,0
11303,0
11304,1
11305,0
11306,4
11307,4
11308,1
11309,2
11310,1
11311,1
11312,1
11313,3
11314,0
11315,2
11316,0
11317,3
11318,1
11319,4
11320,1
11321,0
11322,2
11323,4
11324,0
11325,0
11326,0
11327,2
11328,4
11329,1
11330,0
11331,2
11332,1
11333,2
11334,3
11335,1
11336,2
11337,2
11338,2
11339,0
11340,2
11341,2
11342,3
11343,0
11344,4
11345,2
11346,0
11347,2
11348,0
11349,2
11350,1
11351,3
11352,0
11353,4
11354,4
11355,2
11356,4
11357,1
11358,2
11359,4
11360,2
11361,2
11362,0
11363,2
11364,4
11365,4
11366,1
11367,2
11368,2
11369,3
11370,0
11371,1
11372,1
11373,3
11374,3
11375,0
11376,0
11377,3
11378,4
11379,4
11380,0
11381,2
11382,3
11383,1
11384,2
11385,1
11386,1
11387,0
11388,0
11389,2
11390,1
11391,2
11392,2
11393,1
11394,3
11395,4
11396,0
11397,1
11398,2
11399,4
11400,1
11401,3
11402,2
11403,2
11404,0
11405,0
11406,3
11407,1
11408,3
11409,2
11410,3
11411,2
11412,3
11413,1
11414,4
11415,3
11416,3
11417,1
11418,3
11419,1
11420,0
11421,0
11422,1
11423,1
11424,3
11425,0
11426,3
11427,1
11428,3
11429,3
11430,3
11431,1
11432,0
11433,2
11434,2
11435,0
11436,1
11437,3
11438,2
11439,4
11440,1
11441,4
11442,2
11443,4
11444,2
11445,1
11446,0
11447,0
11448,3
11449,1
11450,2
11451,0
11452,2
11453,3
11454,1
11455,4
11456,0
11457,1
11458,1
11459,1
11460,1
11461,1
11462,4
11463,3
11464,2
11465,0
11466,4
11467,0
11468,0
11469,4
11470,2
11471,3
11472,0
11473,3
11474,4
11475,4
11476,3
11477,2
11478,3
11479,0
11480,2
11481,1
11482,0
11483,0
11484,3
11485,1
11486,1
11487,3
11488,4
11489,2
11490,1
11491,0
11492,3
11493,2
11494,2
11495,2
11496,2
11497,0
11498,4
11499,2
11500,3
11501,3
11502,3
11503,3
11504,2
11505,2
11506,1
11507,4
11508,0
11509,1
11510,4
11511,1
11512,0
11513,2
11514,3
11515,3
11516,0
11517,1
11518,2
11519,2
11520,3
11521,2
11522,0
11523,4
11524,1
11525,4
11526,4
11527,0
11528,1
11529,2
11530,1
11531,0
11532,3
11533,2
11534,4
11535,1
11536,2
11537,3
11538,1
11539,0
11540,2
11541,4
11542,2
11543,1
11544,4
11545,3
11546,2
11547,2
11548,0
11549,1
11550,4
11551,1
11552,2
11553,0
11554,2
11555,4
11556,1
11557,4
11558,4
11559,2
11560,1
11561,3
11562,2
11563,1
11564,0
11565,2
11566,3
11567,1
11568,2
11569,4
11570,4
11571,4
11572,0
11573,2
11574,4
11575,0
11576,0
11577,0
11578,4
11579,4
11580,4
11581,1
11582,2
11583,2
11584,1
11585,4
11586,2
11587,2
11588,0
11589,1
11590,1
11591,0
11592,0
11593,4
11594,3
11595,0
11596,0
11597,0
11598,2
11599,2
11600,1
11601,2
11602,0
11603,1
11604,2
11605,4
11606,4
11607,1
11608,0
11609,4
11610,1
11611,2
11612,1
11613,2
11614,3
11615,4
11616,0
11617,2
11618,4
11619,4
11620,2
11621,2
11622,2
11623,1
11624,3
11625,2
11626,3
11627,0
11628,0
11629,3
11630,1
11631,2
11632,0
11633,1
11634,4
11635,2
11636,0
11637,3
11638,0
11639,1
11640,4
11641,1
11642,2
11643,2
11644,1
11645,2
11646,3
11647,2
11648,4
11649,3
11650,0
11651,2
11652,2
11653,0
11654,3
11655,0
11656,0
11657,4
11658,2
11659,2
11660,4
11661,3
11662,3
11663,4
11664,4
11665,3
11666,3
11667,2
11668,0
11669,1
11670,0
11671,4
11672,0
11673,0
11674,1
11675,0
11676,2
11677,2
11678,2
11679,4
11680,3
11681,3
11682,1
11683,0
11684,4
11685,1
11686,3
11687,3
11688,2
11689,3
11690,0
11691,1
11692,1
11693,2
11694,1
11695,1
11696,2
11697,0
11698,2
11699,4
11700,4
11701,0
11702,4
11703,0
11704,4
11705,4
11706,3
11707,2
11708,0
11709,0
11710,3
11711,2
11712,3
11713,0
11714,4
11715,1
11716,2
11717,2
11718,1
11719,0
11720,2
11721,0
11722,4
11723,1
11724,1
11725,3
11726,3
11727,2
11728,2
11729,0
11730,4
11731,0
11732,0
11733,4
11734,2
11735,1
11736,3
11737,0
11738,3
11739,2
11740,3
11741,1
11742,1
11743,2
11744,3
11745,3
11746,3
11747,1
11748,3
11749,2
11750,2
11751,3
11752,4
11753,3
11754,4
11755,2
11756,1
11757,2
11758,3
11759,3
11760,3
11761,2
11762,1
11763,3
11764,0
11765,0
11766,3
11767,2
11768,2
11769,1
11770,4
11771,4
11772,3
11773,2
11774,0
11775,0
11776,0
11777,4
11778,4
11779,2
11780,1
11781,3
11782,0
11783,3
11784,3
11785,2
11786,2
11787,0
11788,2
11789,4
11790,1
11791,3
11792,1
11793,1
11794,4
11795,4
11796,4
11797,1
11798,4
11799,0
11800,3
11801,0
11802,1
11803,3
11804,1
11805,2
11806,3
11807,0
11808,0
11809,4
11810,4
11811,0
11812,3
11813,2
11814,3
11815,3
11816,3
11817,1
11818,1
11819,0
11820,2
11821,1
11822,3
11823,3
11824,4
11825,2
11826,4
11827,2
11828,2
11829,3
11830,0
11831,2
11832,2
11833,0
11834,0
11835,0
11836,0
11837,2
11838,4
11839,2
11840,3
11841,4
11842,2
11843,2
11844,4
11845,1
11846,2
11847,3
11848,2
11849,1
11850,1
11851,3
11852,0
11853,0
11854,0
11855,4
11856,2
11857,0
11858,1
11859,2
11860,3
11861,3
11862,4
11863,4
11864,1
11865,2
11866,0
11867,4
11868,1
11869,3
11870,4
11871,2
11872,1
11873,1
11874,2
11875,0
11876,0
11877,4
11878,3
11879,4
11880,2
11881,3
11882,4
11883,1
11884,2
11885,3
11886,2
11887,1
11888,4
11889,2
11890,0
11891,2
11892,3
11893,2
11894,0
11895,2
11896,3
11897,3
11898,2
11899,2
11900,0
11901,1
11902,0
11903,0
11904,2
11905,2
11906,2
11907,1
11908,3
11909,3
11910,0
11911,0
11912,4
11913,1
11914,2
11915,1
11916,3
11917,4
11918,1
11919,3
11920,0
11921,0
11922,3
11923,4
11924,2
11925,3
11926,4
11927,1
11928,4
11929,0
11930,1
11931,3
11932,3
11933,0
11934,1
11935,3
11936,2
11937,3
11938,1
11939,1
11940,4
11941,3
11942,0
11943,0
11944,0
11945,4
11946,2
11947,1
11948,0
11949,0
11950,1
11951,1
11952,3
11953,2
11954,1
11955,4
11956,1
11957,2
11958,0
11959,0
11960,1
11961,1
11962,1
11963,0
11964,4
11965,2
11966,2
11967,1
11968,3
11969,2
11970,4
11971,1
11972,4
11973,2
11974,3
11975,0
11976,4
11977,0
11978,4
11979,4
11980,1
11981,4
11982,1
11983,3
11984,3
11985,4
11986,0
11987,2
11988,0
11989,1
11990,0
11991,3
11992,2
11993,0
11994,3
11995,3
11996,0
11997,1
11998,0
11999,1
12000,1
12001,2
12002,3
12003,0
12004,4
12005,0
12006,2
12007,3
12008,1
12009,2
12010,0
12011,2
12012,1
12013,4
12014,2
12015,4
12016,4
12017,4
12018,4
12019,4
12020,3
12021,0
12022,4
12023,3
12024,0
12025,1
12026,4
12027,0
12028,3
12029,3
12030,2
12031,2
12032,1
12033,1
12034,4
12035,3
12036,4
12037,4
12038,2
12039,2
12040,4
12041,1
12042,3
12043,1
12044,4
12045,2
12046,3
12047,4
12048,3
12049,3
12050,1
12051,2
12052,4
12053,4
12054,1
12055,0
12056,4
12057,0
12058,1
12059,3
12060,0
12061,4
12062,4
12063,1
12064,2
12065,3
12066,4
12067,1
12068,2
12069,3
12070,0
12071,1
12072,3
12073,1
12074,1
12075,2
12076,0
12077,3
12078,1
12079,1
12080,1
12081,3
12082,2
12083,0
12084,2
12085,4
12086,0
12087,1
12088,4
12089,4
12090,1
12091,4
12092,2
12093,4
12094,1
12095,4
12096,1
12097,2
12098,1
12099,3
12100,0
12101,4
12102,2
12103,4
12104,2
12105,0
12106,3
12107,4
12108,0
12109,3
12110,1
12111,2
12112,0
12113,4
12114,3
12115,3
12116,4
12117,0
12118,3
12119,2
12120,4
12121,2
12122,4
12123,4
12124,4
12125,1
12126,1
12127,4
12128,3
12129,3
12130,1
12131,1
12132,1
12133,0
12134,1
12135,0
12136,0
12137,0
12138,1
12139,3
12140,0
12141,0
12142,0
12143,1
12144,1
12145,2
12146,0
12147,0
12148,1
12149,4
12150,1
12151,4
12152,1
12153,2
12154,0
12155,3
12156,2
12157,3
12158,1
12159,0
12160,4
12161,3
12162,1
12163,1
12164,1
12165,1
12166,1
12167,0
12168,2
12169,2
12170,2
12171,4
12172,2
12173,2
12174,2
12175,1
12176,4
12177,1
12178,3
12179,1
12180,1
12181,4
12182,2
12183,4
12184,4
12185,3
12186,4
12187,4
12188,1
12189,1
12190,4
12191,2
12192,3
12193,2
12194,3
12195,1
12196,4
12197,1
12198,4
12199,3
12200,3
12201,2
12202,0
12203,4
12204,2
12205,3
12206,0
12207,0
12208,4
12209,0
12210,4
12211,0
12212,0
12213,1
12214,0
12215,4
12216,4
12217,3
12218,4
12219,0
12220,0
12221,3
12222,0
12223,3
12224,3
12225,4
12226,3
12227,0
12228,1
12229,0
12230,3
12231,1
12232,2
12233,0
12234,1
12235,1
12236,2
12237,1
12238,0
12239,4
12240,4
12241,0
12242,3
12243,1
12244,3
12245,0
12246,4
12247,0
12248,4
12249,3
12250,4
12251,2
12252,1
12253,2
12254,1
12255,0
12256,1
12257,2
12258,3
12259,3
12260,1
12261,3
12262,2
12263,3
12264,0
12265,1
12266,1
12267,0
12268,2
12269,2
12270,1
12271,0
12272,2
12273,4
12274,3
12275,3
12276,0
12277,0
12278,0
12279,0
12280,1
12281,1
12282,3
12283,4
12284,4
12285,2
12286,0
12287,1
12288,4
12289,3
12290,1
12291,1
12292,0
12293,4
12294,2
12295,0
12296,2
12297,1
12298,2
12299,1
12300,1
12301,4
12302,1
12303,2
12304,3
12305,2
12306,0
12307,4
12308,4
12309,3
12310,3
12311,3
12312,4
12313,2
12314,1
12315,1
12316,1
12317,0
12318,0
12319,2
12320,1
12321,1
12322,2
12323,0
12324,0
12325,1
12326,0
12327,1
12328,4
12329,3
12330,3
12331,0
12332,4
12333,0
12334,3
12335,1
12336,0
12337,3
12338,4
12339,0
12340,1
12341,3
12342,2
12343,1
12344,0
12345,2
12346,2
12347,0
12348,0
12349,2
12350,3
12351,3
12352,0
12353,0
12354,1
12355,0
12356,1
12357,4
12358,3
12359,0
12360,4
12361,4
12362,4
12363,3
12364,0
12365,4
12366,0
12367,2
12368,0
12369,2
12370,0
12371,0
12372,0
12373,2
12374,2
12375,3
12376,1
12377,0
12378,2
12379,3
12380,2
12381,1
12382,0
12383,1
12384,3
12385,1
12386,3
12387,3
12388,3
12389,1
12390,3
12391,2
12392,0
12393,4
12394,1
12395,1
12396,2
12397,0
12398,3
12399,4
12400,4
12401,4
12402,4
12403,2
12404,2
12405,2
12406,1
12407,2
12408,1
12409,2
12410,4
12411,3
12412,4
12413,3
12414,3
12415,1
12416,4
12417,0
12418,3
12419,2
12420,2
12421,1
12422,3
12423,3
12424,4
12425,2
12426,0
12427,2
12428,0
12429,4
12430,1
12431,2
12432,1
12433,3
12434,4
12435,4
12436,2
12437,3
12438,0
12439,1
12440,3
12441,1
12442,0
12443,1
12444,2
12445,3
12446,1
12447,3
12448,4
12449,3
12450,1
12451,2
12452,2
12453,3
12454,1
12455,3
12456,4
12457,2
12458,2
12459,0
12460,3
12461,2
12462,2
12463,2
12464,4
12465,0
12466,1
12467,0
12468,4
12469,4
12470,4
12471,0
12472,3
12473,2
12474,3
12475,1
12476,2
12477,4
12478,2
12479,1
12480,1
12481,1
12482,4
12483,0
12484,1
12485,4
12486,3
12487,4
12488,0
12489,1
12490,1
12491,1
12492,4
12493,3
12494,3
12495,2
12496,1
12497,3
12498,0
12499,0
12500,1
12501,3
12502,0
12503,0
12504,2
12505,3
12506,4
12507,3
12508,2
12509,0
12510,1
12511,0
12512,3
12513,0
12514,3
12515,0
12516,3
12517,1
12518,4
12519,0
12520,2
12521,3
12522,1
12523,3
12524,4
12525,0
12526,4
12527,2
12528,0
12529,0
12530,2
12531,1
12532,4
12533,2
12534,0
12535,1
12536,1
12537,1
12538,0
12539,0
12540,4
12541,2
12542,1
12543,1
12544,1
12545,4
12546,2
12547,1
12548,0
12549,3
12550,1
12551,0
12552,2
12553,3
12554,1
12555,2
12556,4
12557,3
12558,0
12559,1
12560,2
12561,3
12562,2
12563,4
12564,3
12565,2
12566,1
12567,2
12568,4
12569,4
12570,2
12571,3
12572,0
12573,0
12574,2
12575,1
12576,1
12577,1
12578,2
12579,4
12580,2
12581,4
12582,3
12583,0
12584,4
12585,4
12586,4
12587,1
12588,3
12589,4
12590,0
12591,4
12592,1
12593,1
12594,2
12595,1
12596,4
12597,0
12598,0
12599,3
12600,0
12601,2
12602,0
12603,4
12604,3
12605,2
12606,2
12607,2
12608,1
12609,2
12610,0
12611,1
12612,4
12613,1
12614,3
12615,2
12616,1
12617,0
12618,2
12619,4
12620,2
12621,1
12622,1
12623,1
12624,1
12625,0
12626,1
12627,4
12628,1
12629,2
12630,1
12631,2
12632,4
12633,1
12634,3
12635,4
12636,2
12637,1
12638,4
12639,3
12640,3
12641,4
12642,2
12643,3
12644,3
12645,2
12646,3
12647,4
12648,2
12649,4
12650,0
12651,4
12652,2
12653,2
12654,4
12655,1
12656,4
12657,3
12658,0
12659,3
12660,4
12661,0
12662,0
12663,2
12664,2
12665,0
12666,1
12667,2
12668,3
12669,3
12670,0
12671,0
12672,1
12673,2
12674,0
12675,2
12676,4
12677,1
12678,2
12679,3
12680,3
12681,3
12682,2
12683,0
12684,2
12685,3
12686,2
12687,2
12688,4
12689,4
12690,0
12691,3
12692,4
12693,2
12694,2
12695,2
12696,2
12697,4
12698,0
12699,4
12700,2
12701,0
12702,3
12703,4
12704,0
12705,0
12706,1
12707,3
12708,2
12709,1
12710,3
12711,3
12712,0
12713,1
12714,2
12715,1
12716,0
12717,3
12718,3
12719,3
12720,2
12721,0
12722,1
12723,4
12724,4
12725,0
12726,4
12727,3
12728,3
12729,3
12730,2
12731,2
12732,4
12733,4
12734,4
12735,2
12736,1
12737,4
12738,1
12739,2
12740,2
12741,0
12742,0
12743,4
12744,1
12745,0
12746,4
12747,0
12748,1
12749,3
12750,2
12751,1
12752,1
12753,2
12754,2
12755,0
12756,1
12757,2
12758,4
12759,2
12760,0
12761,0
12762,1
12763,3
12764,2
12765,3
12766,3
12767,3
12768,1
12769,1
12770,1
12771,3
12772,2
12773,2
12774,0
12775,4
12776,1
12777,1
12778,3
12779,4
12780,2
12781,2
12782,2
12783,0
12784,3
12785,4
12786,0
12787,3
12788,4
12789,2
12790,4
12791,2
12792,3
12793,0
12794,4
12795,2
12796,1
12797,1
12798,2
12799,1
12800,2
12801,1
12802,3
12803,3
12804,0
12805,0
12806,1
12807,4
12808,2
12809,1
12810,4
12811,0
12812,4
12813,1
12814,0
12815,2
12816,0
12817,3
12818,1
12819,3
12820,1
12821,3
12822,1
12823,2
12824,2
12825,4
12826,3
12827,3
12828,2
12829,3
12830,4
12831,0
12832,2
12833,2
12834,2
12835,4
12836,2
12837,1
12838,3
12839,3
12840,4
12841,2
12842,1
12843,2
12844,0
12845,4
12846,0
12847,2
12848,1
12849,0
12850,4
12851,2
12852,0
12853,3
12854,4
12855,1
12856,0
12857,0
12858,3
12859,3
12860,3
12861,4
12862,2
12863,3
12864,1
12865,0
12866,4
12867,0
12868,0
12869,1
12870,1
12871,2
12872,2
12873,0
12874,3
12875,4
12876,1
12877,2
12878,2
12879,2
12880,1
12881,4
12882,1
12883,1
12884,0
12885,2
12886,1
12887,1
12888,4
12889,2
12890,4
12891,2
12892,0
12893,0
12894,3
12895,1
12896,0
12897,1
12898,1
12899,2
12900,2
12901,4
12902,4
12903,1
12904,3
12905,4
12906,0
12907,2
12908,1
12909,4
12910,2
12911,1
12912,4
12913,2
12914,4
12915,3
12916,0
12917,4
12918,2
12919,3
12920,3
12921,4
12922,0
12923,3
12924,0
12925,3
12926,0
12927,1
12928,4
12929,0
12930,1
12931,3
12932,3
12933,1
12934,3
12935,4
12936,2
12937,2
12938,0
12939,3
12940,4
12941,2
12942,0
12943,2
12944,0
12945,2
12946,1
12947,1
12948,3
12949,1
12950,3
12951,4
12952,1
12953,1
12954,4
12955,2
12956,4
12957,0
12958,0
12959,2
12960,1
12961,3
12962,1
12963,1
12964,0
12965,1
12966,1
12967,1
12968,1
12969,4
12970,1
12971,2
12972,1
12973,2
12974,3
12975,4
12976,4
12977,2
12978,4
12979,4
12980,2
12981,2
12982,1
12983,1
12984,0
12985,4
12986,0
12987,4
12988,1
12989,4
12990,2
12991,1
12992,1
12993,2
12994,2
12995,1
12996,2
12997,2
12998,4
12999,4
13000,2
13001,2
13002,4
13003,0
13004,3
13005,0
13006,4
13007,4
13008,4
13009,0
13010,2
13011,3
13012,2
13013,0
13014,3
13015,0
13016,1
13017,2
13018,3
13019,3
13020,2
13021,1
13022,3
13023,4
13024,3
13025,2
13026,4
13027,1
13028,1
13029,3
13030,4
13031,3
13032,1
13033,2
13034,0
13035,3
13036,1
13037,1
13038,0
13039,2
13040,2
13041,2
13042,2
13043,3
13044,2
13045,2
13046,3
13047,1
13048,4
13049,3
13050,4
13051,1
13052,1
13053,1
13054,4
13055,3
13056,2
13057,4
13058,0
13059,0
13060,2
13061,0
13062,4
13063,2
13064,2
13065,2
13066,1
13067,1
13068,3
13069,1
13070,0
13071,4
13072,4
13073,0
13074,2
13075,0
13076,1
13077,1
13078,0
13079,4
13080,1
13081,4
13082,1
13083,3
13084,1
13085,0
13086,1
13087,1
13088,0
13089,2
13090,3
13091,4
13092,3
13093,1
13094,3
13095,0
13096,3
13097,2
13098,3
13099,4
13100,1
13101,4
13102,4
13103,0
13104,0
13105,0
13106,0
13107,2
13108,3
13109,1
13110,0
13111,3
13112,3
13113,1
13114,0
13115,2
13116,3
13117,4
13118,1
13119,3
13120,0
13121,3
13122,1
13123,0
13124,0
13125,4
13126,3
13127,1
13128,1
13129,4
13130,3
13131,1
13132,1
13133,2
13134,1
13135,3
13136,3
13137,4
13138,3
13139,0
13140,1
13141,0
13142,2
13143,2
13144,3
13145,2
13146,0
13147,1
13148,0
13149,4
13150,3
13151,2
13152,1
13153,3
13154,3
13155,3
13156,2
13157,3
13158,3
13159,2
13160,1
13161,4
13162,2
13163,0
13164,1
13165,0
13166,3
13167,2
13168,3
13169,2
13170,3
13171,1
13172,0
13173,2
13174,0
13175,3
13176,3
13177,0
13178,4
13179,0
13180,4
13181,3
13182,1
13183,4
13184,0
13185,3
13186,2
13187,0
13188,4
13189,0
13190,3
13191,4
13192,4
13193,1
13194,4
13195,2
13196,3
13197,0
13198,4
13199,4
13200,0
13201,2
13202,1
13203,0
13204,0
13205,1
13206,1
13207,2
13208,4
13209,3
13210,3
13211,1
13212,3
13213,1
13214,4
13215,3
13216,4
13217,4
13218,0
13219,4
13220,0
13221,2
13222,1
13223,4
13224,3
13225,3
13226,3
13227,2
13228,3
13229,2
13230,1
13231,4
13232,3
13233,3
13234,2
13235,3
13236,2
13237,3
13238,3
13239,1
13240,4
13241,1
13242,1
13243,0
13244,0
13245,0
13246,4
13247,1
13248,1
13249,2
13250,3
13251,1
13252,1
13253,0
13254,3
13255,2
13256,2
13257,4
13258,2
13259,0
13260,3
13261,2
13262,3
13263,0
13264,1
13265,0
13266,1
13267,2
13268,3
13269,1
13270,2
13271,4
13272,0
13273,4
13274,0
13275,2
13276,3
13277,4
13278,3
13279,3
13280,0
13281,2
13282,2
13283,4
13284,4
13285,3
13286,2
13287,3
13288,3
13289,2
13290,3
13291,0
13292,0
13293,2
13294,2
13295,2
13296,0
13297,2
13298,2
13299,1
13300,1
13301,1
13302,2
13303,1
13304,0
13305,0
13306,1
13307,1
13308,3
13309,4
13310,3
13311,4
13312,2
13313,3
13314,2
13315,3
13316,3
13317,4
13318,4
13319,1
13320,4
13321,4
13322,1
13323,1
13324,1
13325,4
13326,2
13327,2
13328,4
13329,0
13330,4
13331,0
13332,3
13333,1
13334,0
13335,2
13336,0
13337,3
13338,2
13339,3
13340,1
13341,3
13342,2
13343,4
13344,4
13345,2
13346,1
13347,0
13348,4
13349,2
13350,2
13351,1
13352,1
13353,2
13354,3
13355,2
13356,3
13357,2
13358,4
13359,4
13360,0
13361,4
13362,3
13363,0
13364,2
13365,0
13366,4
13367,1
13368,1
13369,0
13370,3
13371,0
13372,1
13373,1
13374,4
13375,4
13376,4
13377,0
13378,0
13379,2
13380,1
13381,1
13382,1
13383,0
13384,0
13385,4
13386,2
13387,4
13388,4
13389,3
13390,0
13391,2
13392,3
13393,0
13394,3
13395,2
13396,3
13397,2
13398,0
13399,1
13400,3
13401,2
13402,0
13403,1
13404,3
13405,4
13406,1
13407,2
13408,4
13409,0
13410,3
13411,0
13412,3
13413,3
13414,4
13415,0
13416,1
13417,0
13418,1
13419,3
13420,3
13421,3
13422,1
13423,1
13424,0
13425,0
13426,3
13427,3
13428,2
13429,4
13430,0
13431,2
13432,3
13433,3
13434,2
13435,3
13436,0
13437,0
13438,4
13439,4
13440,0
13441,4
13442,1
13443,3
13444,0
13445,1
13446,3
13447,0
13448,4
13449,0
13450,4
13451,3
13452,0
13453,1
13454,1
13455,1
13456,2
13457,1
13458,1
13459,3
13460,3
13461,0
13462,2
13463,2
13464,1
13465,3
13466,1
13467,3
13468,0
13469,4
13470,2
13471,3
13472,4
13473,1
13474,2
13475,4
13476,3
13477,3
13478,2
13479,0
13480,0
13481,3
13482,1
13483,0
13484,1
13485,4
13486,3
13487,3
13488,1
13489,1
13490,3
13491,1
13492,2
13493,3
13494,3
13495,0
13496,4
13497,0
13498,3
13499,0
13500,4
13501,2
13502,4
13503,0
13504,3
13505,0
13506,3
13507,1
13508,1
13509,0
13510,4
13511,3
13512,4
13513,0
13514,1
13515,1
13516,3
13517,0
13518,3
13519,3
13520,1
13521,2
13522,2
13523,0
13524,0
13525,1
13526,4
13527,4
13528,3
13529,2
13530,2
13531,0
13532,3
13533,2
13534,3
13535,3
13536,4
13537,2
13538,0
13539,2
13540,4
13541,3
13542,1
13543,3
13544,2
13545,1
13546,1
13547,0
13548,3
13549,3
13550,1
13551,0
13552,1
13553,0
13554,1
13555,4
13556,3
13557,3
13558,4
13559,4
13560,3
13561,3
13562,2
13563,1
13564,3
13565,2
13566,1
13567,4
13568,1
13569,2
13570,3
13571,4
13572,0
13573,2
13574,2
13575,1
13576,4
13577,3
13578,3
13579,4
13580,0
13581,2
13582,4
13583,2
13584,2
13585,2
13586,0
13587,3
13588,0
13589,0
13590,4
13591,2
13592,3
13593,1
13594,3
13595,3
13596,2
13597,1
13598,2
13599,4
13600,2
13601,0
13602,2
13603,1
13604,2
13605,2
13606,0
13607,4
13608,1
13609,2
13610,1
13611,0
13612,4
13613,4
13614,0
13615,2
13616,2
13617,3
13618,3
13619,2
13620,0
13621,1
13622,4
13623,1
13624,2
13625,0
13626,1
13627,4
13628,2
13629,0
13630,3
13631,2
13632,3
13633,0
13634,4
13635,4
13636,1
13637,1
13638,2
13639,4
13640,4
13641,0
13642,3
13643,3
13644,3
13645,4
13646,0
13647,3
13648,1
13649,4
13650,0
13651,4
13652,0
13653,4
13654,0
13655,0
13656,2
13657,4
13658,0
13659,4
13660,4
13661,3
13662,2
13663,0
13664,4
13665,4
13666,2
13667,4
13668,2
13669,2
13670,4
13671,1
13672,4
13673,2
13674,1
13675,4
13676,1
13677,1
13678,3
13679,0
13680,2
13681,0
13682,1
13683,0
13684,2
13685,0
13686,4
13687,1
13688,1
13689,4
13690,3
13691,4
13692,2
13693,2
13694,1
13695,3
13696,2
13697,1
13698,3
13699,0
13700,4
13701,1
13702,3
13703,0
13704,3
13705,2
13706,4
13707,3
13708,4
13709,3
13710,3
13711,1
13712,3
13713,0
13714,0
13715,4
13716,2
13717,0
13718,4
13719,4
13720,0
13721,3
13722,0
13723,4
13724,0
13725,2
13726,0
13727,1
13728,3
13729,3
13730,0
13731,0
13732,3
13733,4
13734,1
13735,2
13736,0
13737,0
13738,0
13739,4
13740,2
13741,1
13742,3
13743,1
13744,2
13745,0
13746,3
13747,4
13748,4
13749,0
13750,3
13751,1
13752,1
13753,1
13754,0
13755,2
13756,2
13757,1
13758,1
13759,4
13760,0
13761,2
13762,1
13763,0
13764,1
13765,3
13766,4
13767,0
13768,2
13769,0
13770,2
13771,0
13772,2
13773,3
13774,0
13775,0
13776,4
13777,3
13778,0
13779,4
13780,1
13781,0
13782,3
13783,1
13784,1
13785,1
13786,3
13787,4
13788,1
13789,1
13790,4
13791,0
13792,0
13793,2
13794,4
13795,0
13796,1
13797,4
13798,0
13799,2
13800,1
13801,2
13802,2
13803,0
13804,4
13805,1
13806,4
13807,1
13808,3
13809,3
13810,4
13811,3
13812,0
13813,4
13814,0
13815,0
13816,3
13817,4
13818,2
13819,4
13820,4
13821,1
13822,3
13823,3
13824,3
13825,3
13826,2
13827,3
13828,1
13829,2
13830,4
13831,2
13832,4
13833,0
13834,2
13835,0
13836,4
13837,0
13838,1
13839,1
13840,1
13841,0
13842,3
13843,2
13844,4
13845,3
13846,4
13847,1
13848,0
13849,2
13850,3
13851,2
13852,1
13853,4
13854,2
13855,1
13856,0
13857,2
13858,2
13859,3
13860,4
13861,4
13862,2
13863,3
13864,3
13865,3
13866,4
13867,3
13868,1
13869,4
13870,0
13871,3
13872,4
13873,0
13874,4
13875,3
13876,1
13877,1
13878,2
13879,2
13880,0
13881,1
13882,1
13883,4
13884,3
13885,0
13886,4
13887,2
13888,2
13889,1
13890,1
13891,0
13892,1
13893,2
13894,3
13895,2
13896,3
13897,0
13898,1
13899,3
13900,0
13901,1
13902,2
13903,3
13904,1
13905,3
13906,1
13907,1
13908,2
13909,2
13910,3
13911,4
13912,0
13913,0
13914,0
13915,2
13916,3
13917,4
13918,1
13919,0
13920,0
13921,4
13922,0
13923,2
13924,3
13925,1
13926,1
13927,0
13928,2
13929,3
13930,0
13931,4
13932,4
13933,2
13934,1
13935,2
13936,1
13937,2
13938,2
13939,3
13940,1
13941,1
13942,4
13943,2
13944,2
13945,4
13946,0
13947,2
13948,4
13949,1
13950,2
13951,1
13952,3
13953,3
13954,0
13955,2
13956,1
13957,4
13958,3
13959,4
13960,4
13961,3
13962,2
13963,3
13964,4
13965,0
13966,0
13967,0
13968,0
13969,2
13970,2
13971,0
13972,1
13973,1
13974,2
13975,2
13976,4
13977,1
13978,3
13979,4
13980,4
13981,3
13982,4
13983,1
13984,4
13985,1
13986,0
13987,0
13988,4
13989,3
13990,3
13991,2
13992,0
13993,4
13994,1
13995,3
13996,2
13997,3
13998,2
13999,1
14000,2
14001,0
14002,1
14003,2
14004,2
14005,0
14006,4
14007,4
14008,4
14009,2
14010,1
14011,1
14012,2
14013,4
14014,0
14015,4
14016,4
14017,3
14018,4
14019,1
14020,2
14021,2
14022,1
14023,4
14024,1
14025,0
14026,3
14027,4
14028,4
14029,4
14030,1
14031,4
14032,1
14033,1
14034,3
14035,1
14036,3
14037,4
14038,1
14039,1
14040,3
14041,3
14042,0
14043,2
14044,3
14045,2
14046,3
14047,3
14048,0
14049,4
14050,1
14051,3
14052,2
14053,3
14054,1
14055,1
14056,0
14057,3
14058,4
14059,2
14060,2
14061,0
14062,2
14063,0
14064,1
14065,0
14066,1
14067,4
14068,1
14069,4
14070,3
14071,0
14072,1
14073,2
14074,1
14075,1
14076,4
14077,1
14078,3
14079,2
14080,2
14081,0
14082,0
14083,3
14084,1
14085,0
14086,4
14087,4
14088,2
14089,1
14090,0
14091,3
14092,4
14093,1
14094,1
14095,2
14096,4
14097,1
14098,1
14099,1
14100,3
14101,4
14102,0
14103,1
14104,2
14105,2
14106,1
14107,3
14108,1
14109,2
14110,4
14111,0
14112,1
14113,4
14114,1
14115,1
14116,2
14117,1
14118,2
14119,3
14120,4
14121,1
14122,1
14123,3
14124,1
14125,1
14126,4
14127,0
14128,1
14129,2
14130,1
14131,2
14132,0
14133,1
14134,1
14135,1
14136,0
14137,1
14138,3
14139,2
14140,3
14141,3
14142,1
14143,0
14144,4
14145,3
14146,0
14147,2
14148,0
14149,2
14150,3
14151,1
14152,3
14153,0
14154,1
14155,4
14156,2
14157,2
14158,4
14159,4
14160,1
14161,4
14162,1
14163,4
14164,1
14165,2
14166,3
14167,4
14168,3
14169,1
14170,4
14171,0
14172,4
14173,1
14174,1
14175,4
14176,2
14177,1
14178,2
14179,0
14180,0
14181,0
14182,3
14183,2
14184,2
14185,3
14186,3
14187,4
14188,4
14189,0
14190,0
14191,2
14192,2
14193,3
14194,3
14195,4
14196,1
14197,4
14198,3
14199,0
14200,3
14201,2
14202,0
14203,3
14204,2
14205,0
14206,4
14207,3
14208,1
14209,2
14210,1
14211,4
14212,0
14213,0
14214,3
14215,2
14216,0
14217,2
14218,3
14219,0
14220,0
14221,4
14222,1
14223,2
14224,0
14225,1
14226,1
14227,1
14228,3
14229,4
14230,3
14231,3
14232,3
14233,2
14234,4
14235,1
14236,3
14237,4
14238,2
14239,4
14240,1
14241,2
14242,4
14243,0
14244,0
14245,0
14246,0
14247,0
14248,3
14249,4
14250,0
14251,1
14252,3
14253,0
14254,2
14255,2
14256,1
14257,4
14258,1
14259,3
14260,2
14261,4
14262,2
14263,0
14264,1
14265,3
14266,1
14267,0
14268,0
14269,4
14270,1
14271,4
14272,1
14273,1
14274,3
14275,4
14276,4
14277,1
14278,1
14279,3
14280,0
14281,3
14282,1
14283,2
14284,4
14285,1
14286,1
14287,1
14288,2
14289,4
14290,0
14291,3
14292,3
14293,0
14294,4
14295,0
14296,3
14297,3
14298,2
14299,4
14300,2
14301,1
14302,1
14303,4
14304,2
14305,0
14306,4
14307,2
14308,0
14309,2
14310,3
14311,4
14312,0
14313,0
14314,0
14315,2
14316,4
14317,3
14318,2
14319,1
14320,3
14321,0
14322,3
14323,4
14324,4
14325,2
14326,0
14327,2
14328,4
14329,3
14330,1
14331,4
14332,1
14333,2
14334,2
14335,0
14336,0
14337,0
14338,1
14339,1
14340,1
14341,3
14342,0
14343,3
14344,2
14345,4
14346,4
14347,0
14348,2
14349,0
14350,4
14351,3
14352,4
14353,2
14354,0
14355,0
14356,2
14357,2
14358,0
14359,2
14360,2
14361,4
14362,2
14363,4
14364,1
14365,3
14366,1
14367,0
14368,1
14369,4
14370,0
14371,2
14372,4
14373,4
14374,2
14375,0
14376,3
14377,0
14378,1
14379,2
14380,2
14381,3
14382,2
14383,3
14384,4
14385,0
14386,1
14387,4
14388,1
14389,0
14390,1
14391,4
14392,3
14393,4
14394,4
14395,4
14396,0
14397,1
14398,4
14399,0
14400,3
14401,2
14402,1
14403,4
14404,2
14405,2
14406,0
14407,1
14408,2
14409,0
14410,1
14411,1
14412,2
14413,0
14414,0
14415,1
14416,2
14417,0
14418,3
14419,0
14420,4
14421,2
14422,4
14423,1
14424,0
14425,4
14426,1
14427,1
14428,4
14429,0
14430,4
14431,0
14432,1
14433,3
14434,4
14435,0
14436,2
14437,3
14438,3
14439,4
14440,3
14441,0
14442,2
14443,1
14444,1
14445,4
14446,3
14447,4
14448,4
14449,4
14450,2
14451,1
14452,1
14453,2
14454,3
14455,3
14456,4
14457,1
14458,3
14459,0
14460,1
14461,2
14462,4
14463,1
14464,4
14465,0
14466,2
14467,3
14468,1
14469,3
14470,0
14471,0
14472,0
14473,4
14474,3
14475,1
14476,4
14477,1
14478,4
14479,3
14480,4
14481,0
14482,4
14483,1
14484,0
14485,1
14486,0
14487,0
14488,4
14489,3
14490,1
14491,0
14492,4
14493,4
14494,2
14495,3
14496,2
14497,2
14498,1
14499,2
14500,3
14501,0
14502,3
14503,4
14504,4
14505,2
14506,3
14507,2
14508,0
14509,3
14510,0
14511,0
14512,0
14513,2
14514,1
14515,1
14516,3
14517,0
14518,0
14519,2
14520,4
14521,2
14522,4
14523,4
14524,0
14525,1
14526,3
14527,4
14528,1
14529,1
14530,2
14531,2
14532,2
14533,3
14534,0
14535,4
14536,1
14537,4
14538,1
14539,1
14540,0
14541,0
14542,2
14543,4
14544,3
14545,3
14546,0
14547,3
14548,0
14549,2
14550,4
14551,2
14552,0
14553,0
14554,2
14555,2
14556,1
14557,0
14558,2
14559,0
14560,4
14561,1
14562,2
14563,3
14564,4
14565,3
14566,3
14567,1
14568,0
14569,1
14570,2
14571,3
14572,1
14573,0
14574,3
14575,2
14576,1
14577,1
14578,3
14579,0
14580,2
14581,4
14582,4
14583,3
14584,4
14585,4
14586,4
14587,3
14588,4
14589,0
14590,2
14591,1
14592,0
14593,3
14594,2
14595,0
14596,0
14597,2
14598,3
14599,1
14600,0
14601,2
14602,4
14603,1
14604,1
14605,1
14606,2
14607,0
14608,0
14609,0
14610,1
14611,0
14612,4
14613,4
14614,0
14615,3
14616,0
14617,4
14618,4
14619,3
14620,3
14621,4
14622,2
14623,1
14624,2
14625,3
14626,3
14627,2
14628,4
14629,1
14630,1
14631,3
14632,2
14633,2
14634,4
14635,4
14636,3
14637,0
14638,0
14639,0
14640,4
14641,3
14642,2
14643,1
14644,1
14645,4
14646,4
14647,4
14648,2
14649,2
14650,2
14651,4
14652,0
14653,3
14654,0
14655,0
14656,4
14657,4
14658,4
14659,3
14660,2
14661,3
14662,2
14663,0
14664,0
14665,3
14666,1
14667,0
14668,3
14669,3
14670,2
14671,3
14672,0
14673,3
14674,2
14675,1
14676,0
14677,3
14678,0
14679,3
14680,1
14681,2
14682,0
14683,0
14684,0
14685,2
14686,4
14687,3
14688,2
14689,0
14690,3
14691,1
14692,4
14693,0
14694,2
14695,3
14696,4
14697,2
14698,2
14699,4
14700,2
14701,1
14702,0
14703,4
14704,4
14705,4
14706,0
14707,1
14708,1
14709,4
14710,4
14711,2
14712,3
14713,1
14714,4
14715,0
14716,1
14717,4
14718,3
14719,0
14720,4
14721,3
14722,3
14723,0
14724,3
14725,3
14726,3
14727,1
14728,0
14729,3
14730,4
14731,3
14732,1
14733,3
14734,1
14735,0
14736,4
14737,1
14738,3
14739,2
14740,0
14741,0
14742,3
14743,3
14744,0
14745,2
14746,2
14747,1
14748,3
14749,3
14750,1
14751,1
14752,2
14753,4
14754,0
14755,1
14756,3
14757,4
14758,3
14759,3
14760,0
14761,3
14762,3
14763,4
14764,2
14765,0
14766,2
14767,0
14768,3
14769,4
14770,4
14771,4
14772,2
14773,0
14774,1
14775,2
14776,3
14777,1
14778,4
14779,3
14780,2
14781,1
14782,4
14783,3
14784,3
14785,0
14786,3
14787,1
14788,1
14789,3
14790,0
14791,0
14792,4
14793,1
14794,3
14795,0
14796,3
14797,4
14798,2
14799,3
14800,1
14801,1
14802,0
14803,3
14804,2
14805,2
14806,0
14807,2
14808,3
14809,2
14810,4
14811,4
14812,1
14813,4
14814,2
14815,4
14816,0
14817,2
14818,1
14819,0
14820,3
14821,3
14822,0
14823,4
14824,1
14825,0
14826,2
14827,2
14828,4
14829,0
14830,0
14831,2
14832,4
14833,3
14834,2
14835,1
14836,0
14837,1
14838,1
14839,3
14840,0
14841,0
14842,0
14843,0
14844,4
14845,2
14846,0
14847,0
14848,3
14849,2
14850,2
14851,0
14852,2
14853,4
14854,2
14855,1
14856,1
14857,0
14858,2
14859,0
14860,1
14861,0
14862,0
14863,1
14864,2
14865,1
14866,1
14867,4
14868,0
14869,0
14870,0
14871,3
14872,3
14873,4
14874,3
14875,4
14876,2
14877,3
14878,2
14879,1
14880,3
14881,3
14882,2
14883,3
14884,1
14885,4
14886,0
14887,0
14888,4
14889,2
14890,1
14891,4
14892,4
14893,0
14894,2
14895,2
14896,1
14897,4
14898,1
14899,3
14900,2
14901,1
14902,1
14903,4
14904,0
14905,2
14906,3
14907,4
14908,2
14909,3
14910,0
14911,2
14912,0
14913,3
14914,4
14915,4
14916,1
14917,4
14918,0
14919,2
14920,0
14921,1
14922,2
14923,3
14924,1
14925,2
14926,2
14927,1
14928,4
14929,1
14930,0
14931,2
14932,1
14933,1
14934,0
14935,4
14936,4
14937,2
14938,1
14939,2
14940,4
14941,2
14942,2
14943,0
14944,0
14945,3
14946,0
14947,0
14948,0
14949,4
14950,1
14951,0
14952,3
14953,1
14954,3
14955,4
14956,0
14957,2
14958,3
14959,4
14960,3
14961,2
14962,0
14963,3
14964,1
14965,0
14966,3
14967,3
14968,2
14969,2
14970,3
14971,0
14972,1
14973,2
14974,0
14975,0
14976,1
14977,1
14978,0
14979,2
14980,2
14981,1
14982,2
14983,0
14984,0
14985,2
14986,3
14987,3
14988,2
14989,1
14990,3
14991,2
14992,4
14993,0
14994,3
14995,4
14996,1
14997,2
14998,1
14999,3
15000,0
15001,1
15002,2
15003,1
15004,4
15005,1
15006,4
15007,1
15008,3
15009,3
15010,3
15011,0
15012,0
15013,2
15014,4
15015,4
15016,3
15017,2
15018,1
15019,1
15020,2
15021,1
15022,3
15023,0
15024,4
15025,3
15026,2
15027,1
15028,3
15029,0
15030,1
15031,2
15032,0
15033,2
15034,0
15035,1
15036,1
15037,2
15038,0
15039,0
15040,0
15041,4
15042,0
15043,0
15044,2
15045,0
15046,2
15047,2
15048,4
15049,0
15050,3
15051,1
15052,1
15053,1
15054,4
15055,1
15056,2
15057,3
15058,4
15059,2
15060,3
15061,4
15062,4
15063,4
15064,4
15065,4
15066,2
15067,4
15068,2
15069,1
15070,0
15071,2
15072,3
15073,4
15074,0
15075,2
15076,1
15077,1
15078,0
15079,1
15080,1
15081,1
15082,2
15083,3
15084,2
15085,1
15086,4
15087,1
15088,2
15089,3
15090,4
15091,0
15092,0
15093,2
15094,0
15095,2
15096,1
15097,0
15098,4
15099,0
15100,4
15101,3
15102,3
15103,2
15104,4
15105,0
15106,4
15107,0
15108,0
15109,0
15110,0
15111,2
15112,1
15113,2
15114,3
15115,0
15116,0
15117,1
15118,0
15119,4
15120,4
15121,0
15122,1
15123,4
15124,2
15125,3
15126,3
15127,0
15128,1
15129,4
15130,2
15131,2
15132,0
15133,1
15134,4
15135,0
15136,0
15137,3
15138,1
15139,4
15140,3
15141,0
15142,2
15143,3
15144,1
15145,2
15146,0
15147,2
15148,2
15149,3
15150,0
15151,4
15152,0
15153,4
15154,2
15155,4
15156,0
15157,0
15158,1
15159,4
15160,0
15161,4
15162,0
15163,3
15164,1
15165,4
15166,1
15167,2
15168,4
15169,0
15170,0
15171,1
15172,1
15173,4
15174,3
15175,4
15176,4
15177,4
15178,2
15179,3
15180,4
15181,3
15182,1
15183,2
15184,1
15185,1
15186,3
15187,0
15188,1
15189,3
15190,3
15191,3
15192,1
15193,0
15194,1
15195,3
15196,2
15197,2
15198,1
15199,1
15200,2
15201,1
15202,1
15203,0
15204,3
15205,0
15206,2
15207,1
15208,1
15209,2
15210,0
15211,1
15212,3
15213,2
15214,3
15215,1
15216,3
15217,1
15218,0
15219,3
15220,3
15221,0
15222,2
15223,1
15224,2
15225,2
15226,1
15227,4
15228,1
15229,1
15230,2
15231,1
15232,3
15233,4
15234,0
15235,0
15236,2
15237,0
15238,1
15239,3
15240,0
15241,1
15242,4
15243,3
15244,0
15245,0
15246,2
15247,2
15248,3
15249,3
15250,4
15251,3
15252,0
15253,4
15254,0
15255,4
15256,1
15257,2
15258,2
15259,4
15260,3
15261,4
15262,2
15263,4
15264,1
15265,2
15266,0
15267,0
15268,3
15269,2
15270,4
15271,3
15272,1
15273,2
15274,2
15275,2
15276,3
15277,4
15278,0
15279,3
15280,2
15281,4
15282,4
15283,3
15284,2
15285,4
15286,2
15287,4
15288,0
15289,1
15290,3
15291,1
15292,1
15293,4
15294,4
15295,3
15296,1
15297,4
15298,4
15299,4
15300,0
15301,3
15302,1
15303,3
15304,2
15305,0
15306,3
15307,4
15308,0
15309,3
15310,0
15311,3
15312,1
15313,0
15314,2
15315,0
15316,2
15317,0
15318,2
15319,1
15320,3
15321,4
15322,0
15323,0
15324,1
15325,4
15326,3
15327,0
15328,2
15329,0
15330,3
15331,1
15332,1
15333,0
15334,2
15335,4
15336,3
15337,0
15338,4
15339,4
15340,3
15341,4
15342,3
15343,2
15344,2
15345,3
15346,1
15347,4
15348,3
15349,1
15350,4
15351,1
15352,1
15353,3
15354,0
15355,3
15356,0
15357,4
15358,0
15359,3
15360,2
15361,4
15362,2
15363,2
15364,1
15365,0
15366,4
15367,0
15368,0
15369,2
15370,2
15371,3
15372,1
15373,2
15374,1
15375,2
15376,0
15377,4
15378,3
15379,2
15380,3
15381,4
15382,0
15383,1
15384,2
15385,4
15386,4
15387,4
15388,3
15389,3
15390,0
15391,2
15392,3
15393,1
15394,3
15395,0
15396,4
15397,1
15398,0
15399,1
15400,3
15401,3
15402,4
15403,0
15404,4
15405,4
15406,1
15407,1
15408,1
15409,0
15410,3
15411,2
15412,4
15413,4
15414,2
15415,4
15416,0
15417,3
15418,0
15419,4
15420,2
15421,2
15422,1
15423,4
15424,4
15425,2
15426,2
15427,1
15428,2
15429,2
15430,1
15431,3
15432,3
15433,2
15434,1
15435,0
15436,0
15437,4
15438,0
15439,3
15440,4
15441,0
15442,1
15443,2
15444,0
15445,3
15446,0
15447,3
15448,0
15449,0
15450,3
15451,0
15452,0
15453,2
15454,0
15455,4
15456,2
15457,0
15458,4
15459,1
15460,3
15461,3
15462,3
15463,0
15464,2
15465,0
15466,3
15467,0
15468,4
15469,0
15470,1
15471,3
15472,1
15473,4
15474,0
15475,2
15476,4
15477,3
15478,2
15479,0
15480,1
15481,3
15482,1
15483,3
15484,4
15485,3
15486,1
15487,3
15488,1
15489,1
15490,0
15491,1
15492,1
15493,4
15494,3
15495,3
15496,0
15497,4
15498,2
15499,1
15500,4
15501,3
15502,3
15503,2
15504,3
15505,1
15506,4
15507,0
15508,1
15509,0
15510,1
15511,2
15512,2
15513,1
15514,2
15515,4
15516,3
15517,3
15518,4
15519,1
15520,3
15521,0
15522,1
15523,4
15524,4
15525,3
15526,2
15527,4
15528,0
15529,1
15530,2
15531,1
15532,3
15533,2
15534,4
15535,1
15536,3
15537,3
15538,2
15539,0
15540,3
15541,1
15542,2
15543,1
15544,0
15545,1
15546,0
15547,2
15548,1
15549,0
15550,0
15551,2
15552,1
15553,0
15554,4
15555,4
15556,1
15557,3
15558,1
15559,2
15560,0
15561,3
15562,4
15563,3
15564,0
15565,0
15566,4
15567,1
15568,0
15569,2
15570,4
15571,1
15572,1
15573,4
15574,2
15575,4
15576,1
15577,3
15578,1
15579,2
15580,2
15581,2
15582,4
15583,2
15584,4
15585,1
15586,3
15587,3
15588,1
15589,0
15590,3
15591,2
15592,4
15593,3
15594,3
15595,2
15596,0
15597,3
15598,0
15599,3
15600,4
15601,3
15602,1
15603,4
15604,4
15605,3
15606,1
15607,4
15608,1
15609,4
15610,1
15611,4
15612,3
15613,4
15614,1
15615,2
15616,3
15617,0
15618,2
15619,0
15620,2
15621,3
15622,0
15623,1
15624,0
15625,1
15626,4
15627,1
15628,0
15629,1
15630,3
15631,3
15632,1
15633,4
15634,4
15635,2
15636,2
15637,4
15638,3
15639,4
15640,1
15641,4
15642,0
15643,4
15644,1
15645,4
15646,0
15647,1
15648,3
15649,3
15650,4
15651,4
15652,1
15653,2
15654,3
15655,3
15656,2
15657,4
15658,4
15659,1
15660,3
15661,2
15662,2
15663,4
15664,3
15665,3
15666,1
15667,0
15668,4
15669,3
15670,1
15671,1
15672,4
15673,0
15674,0
15675,2
15676,2
15677,0
15678,3
15679,1
15680,1
15681,2
15682,0
15683,0
15684,3
15685,1
15686,1
15687,3
15688,3
15689,3
15690,2
15691,2
15692,2
15693,2
15694,2
15695,0
15696,3
15697,4
15698,4
15699,0
15700,2
15701,0
15702,1
15703,2
15704,4
15705,0
15706,2
15707,0
15708,3
15709,3
15710,1
15711,0
15712,4
15713,2
15714,1
15715,3
15716,3
15717,4
15718,4
15719,0
15720,2
15721,4
15722,0
15723,0
15724,1
15725,3
15726,3
15727,1
15728,4
15729,2
15730,4
15731,0
15732,0
15733,2
15734,4
15735,2
15736,3
15737,4
15738,0
15739,0
15740,3
15741,2
15742,4
15743,2
15744,0
15745,2
15746,4
15747,4
15748,2
15749,3
15750,2
15751,2
15752,1
15753,0
15754,0
15755,3
15756,3
15757,4
15758,1
15759,3
15760,2
15761,1
15762,3
15763,4
15764,4
15765,4
15766,3
15767,3
15768,3
15769,3
15770,1
15771,1
15772,2
15773,3
15774,4
15775,4
15776,0
15777,1
15778,0
15779,0
15780,4
15781,3
15782,2
15783,1
15784,0
15785,2
15786,3
15787,2
15788,3
15789,4
15790,4
15791,3
15792,1
15793,3
15794,1
15795,1
15796,0
15797,1
15798,4
15799,2
15800,1
15801,1
15802,0
15803,4
15804,3
15805,3
15806,1
15807,3
15808,2
15809,3
15810,0
15811,2
15812,1
15813,1
15814,3
15815,4
15816,2
15817,0
15818,4
15819,3
15820,4
15821,3
15822,3
15823,4
15824,3
15825,1
15826,1
15827,0
15828,1
15829,4
15830,4
15831,3
15832,3
15833,0
15834,4
15835,4
15836,0
15837,4
15838,0
15839,4
15840,4
15841,0
15842,2
15843,4
15844,1
15845,4
15846,2
15847,0
15848,4
15849,0
15850,4
15851,3
15852,2
15853,2
15854,3
15855,0
15856,2
15857,1
15858,0
15859,0
15860,1
15861,0
15862,1
15863,3
15864,4
15865,3
15866,2
15867,3
15868,0
15869,4
15870,4
15871,4
15872,1
15873,0
15874,2
15875,0
15876,1
15877,3
15878,4
15879,4
15880,3
15881,2
15882,3
15883,0
15884,0
15885,3
15886,4
15887,1
15888,4
15889,3
15890,0
15891,2
15892,2
15893,0
15894,2
15895,1
15896,4
15897,4
15898,3
15899,3
15900,2
15901,4
15902,1
15903,3
15904,4
15905,2
15906,1
15907,4
15908,0
15909,2
15910,2
15911,1
15912,1
15913,2
15914,4
15915,2
15916,1
15917,3
15918,1
15919,2
15920,4
15921,2
15922,0
15923,1
15924,2
15925,0
15926,2
15927,1
15928,2
15929,0
15930,1
15931,0
15932,0
15933,2
15934,0
15935,3
15936,3
15937,4
15938,2
15939,2
15940,1
15941,2
15942,0
15943,3
15944,3
15945,3
15946,2
15947,3
15948,3
15949,4
15950,3
15951,2
15952,3
15953,4
15954,0
15955,3
15956,2
15957,1
15958,3
15959,2
15960,4
15961,4
15962,3
15963,3
15964,1
15965,4
15966,2
15967,4
15968,4
15969,4
15970,1
15971,0
15972,0
15973,1
15974,3
15975,3
15976,0
15977,1
15978,2
15979,4
15980,2
15981,2
15982,2
15983,0
15984,2
15985,2
15986,1
15987,1
15988,1
15989,3
15990,4
15991,4
15992,1
15993,3
15994,1
15995,3
15996,4
15997,2
15998,1
15999,4
16000,0
16001,0
16002,2
16003,4
16004,4
16005,3
16006,4
16007,2
16008,2
16009,2
16010,0
16011,3
16012,0
16013,1
16014,4
16015,0
16016,3
16017,0
16018,0
16019,3
16020,2
16021,4
16022,1
16023,0
16024,4
16025,2
16026,4
16027,2
16028,3
16029,3
16030,0
16031,2
16032,2
16033,1
16034,2
16035,3
16036,4
16037,3
16038,1
16039,0
16040,3
16041,1
16042,0
16043,0
16044,1
16045,4
16046,1
16047,3
16048,2
16049,0
16050,2
16051,0
16052,2
16053,4
16054,4
16055,0
16056,2
16057,3
16058,2
16059,2
16060,2
16061,2
16062,3
16063,4
16064,1
16065,2
16066,4
16067,4
16068,3
16069,0
16070,1
16071,4
16072,3
16073,3
16074,0
16075,2
16076,4
16077,4
16078,2
16079,2
16080,3
16081,2
16082,0
16083,0
16084,4
16085,2
16086,4
16087,2
16088,0
16089,0
16090,2
16091,3
16092,2
16093,2
16094,4
16095,3
16096,4
16097,3
16098,4
16099,2
16100,3
16101,4
16102,1
16103,3
16104,1
16105,3
16106,2
16107,1
16108,0
16109,3
16110,1
16111,0
16112,2
16113,1
16114,4
16115,0
16116,2
16117,2
16118,4
16119,2
16120,4
16121,1
16122,1
16123,3
16124,0
16125,1
16126,4
16127,4
16128,0
16129,3
16130,4
16131,3
16132,0
16133,3
16134,3
16135,4
16136,3
16137,2
16138,2
16139,2
16140,0
16141,0
16142,0
16143,3
16144,4
16145,3
16146,4
16147,0
16148,4
16149,3
16150,1
16151,0
16152,0
16153,0
16154,0
16155,0
16156,0
16157,0
16158,3
16159,0
16160,2
16161,0
16162,3
16163,1
16164,4
16165,3
16166,4
16167,1
16168,2
16169,3
16170,2
16171,2
16172,0
16173,2
16174,1
16175,4
16176,0
16177,3
16178,4
16179,0
16180,0
16181,1
16182,2
16183,4
16184,0
16185,0
16186,3
16187,0
16188,4
16189,3
16190,4
16191,4
16192,0
16193,1
16194,0
16195,0
16196,2
16197,0
16198,4
16199,1
16200,2
16201,0
16202,1
16203,4
16204,2
16205,3
16206,0
16207,0
16208,3
16209,1
16210,3
16211,4
16212,4
16213,3
16214,0
16215,3
16216,0
16217,3
16218,2
16219,0
16220,3
16221,4
16222,4
16223,3
16224,2
16225,2
16226,2
16227,3
16228,4
16229,4
16230,1
16231,4
16232,1
16233,0
16234,2
16235,1
16236,3
16237,3
16238,1
16239,1
16240,1
16241,2
16242,1
16243,0
16244,4
16245,4
16246,0
16247,0
16248,4
16249,4
16250,1
16251,1
16252,4
16253,0
16254,1
16255,3
16256,1
16257,4
16258,2
16259,0
16260,1
16261,0
16262,0
16263,0
16264,2
16265,3
16266,2
16267,1
16268,2
16269,2
16270,1
16271,3
16272,3
16273,2
16274,0
16275,0
16276,2
16277,1
16278,0
16279,0
16280,1
16281,2
16282,1
16283,0
16284,3
16285,2
16286,0
16287,2
16288,0
16289,4
16290,3
16291,1
16292,1
16293,2
16294,1
16295,3
16296,1
16297,3
16298,0
16299,1
16300,1
16301,1
16302,0
16303,4
16304,0
16305,3
16306,4
16307,1
16308,1
16309,4
16310,4
16311,1
16312,4
16313,3
16314,4
16315,4
16316,3
16317,3
16318,0
16319,3
16320,0
16321,1
16322,0
16323,0
16324,2
16325,4
16326,3
16327,1
16328,0
16329,4
16330,0
16331,4
16332,0
16333,3
16334,0
16335,3
16336,4
16337,4
16338,4
16339,0
16340,1
16341,2
16342,3
16343,3
16344,3
16345,2
16346,1
16347,0
16348,1
16349,1
16350,4
16351,3
16352,2
16353,2
16354,1
16355,2
16356,4
16357,2
16358,0
16359,1
16360,0
16361,4
16362,4
16363,1
16364,2
16365,2
16366,1
16367,0
16368,1
16369,1
16370,4
16371,0
16372,3
16373,4
16374,2
16375,1
16376,0
16377,4
16378,1
16379,3
16380,3
16381,2
16382,3
16383,4
16384,1
16385,4
16386,2
16387,1
16388,0
16389,1
16390,1
16391,0
16392,1
16393,4
16394,2
16395,1
16396,1
16397,4
16398,3
16399,2
16400,1
16401,2
16402,2
16403,4
16404,4
16405,3
16406,3
16407,0
16408,3
16409,0
16410,3
16411,1
16412,3
16413,1
16414,1
16415,2
16416,1
16417,4
16418,1
16419,3
16420,0
16421,3
16422,3
16423,2
16424,1
16425,1
16426,0
16427,1
16428,4
16429,1
16430,4
16431,2
16432,3
16433,0
16434,1
16435,0
16436,0
16437,2
16438,2
16439,2
16440,1
16441,3
16442,1
16443,4
16444,3
16445,4
16446,0
16447,1
16448,1
16449,4
16450,4
16451,4
16452,2
16453,2
16454,4
16455,2
16456,2
16457,1
16458,4
16459,1
16460,1
16461,1
16462,3
16463,4
16464,2
16465,2
16466,2
16467,3
16468,1
16469,2
16470,4
16471,0
16472,4
16473,3
16474,0
16475,3
16476,3
16477,3
16478,0
16479,4
16480,2
16481,0
16482,2
16483,4
16484,0
16485,4
16486,4
16487,1
16488,1
16489,1
16490,4
16491,2
16492,1
16493,3
16494,0
16495,2
16496,0
16497,2
16498,1
16499,4
16500,4
16501,4
16502,4
16503,1
16504,3
16505,1
16506,1
16507,4
16508,1
16509,4
16510,3
16511,0
16512,2
16513,1
16514,0
16515,3
16516,3
16517,1
16518,4
16519,1
16520,0
16521,0
16522,3
16523,1
16524,4
16525,0
16526,2
16527,1
16528,4
16529,4
16530,3
16531,1
16532,2
16533,1
16534,1
16535,1
16536,4
16537,0
16538,4
16539,3
16540,0
16541,3
16542,4
16543,0
16544,1
16545,4
16546,1
16547,3
16548,3
16549,2
16550,1
16551,4
16552,1
16553,3
16554,0
16555,4
16556,0
16557,3
16558,3
16559,4
16560,1
16561,3
16562,1
16563,2
16564,2
16565,0
16566,0
16567,1
16568,0
16569,3
16570,1
16571,2
16572,2
16573,1
16574,2
16575,2
16576,4
16577,4
16578,4
16579,4
16580,2
16581,4
16582,0
16583,4
16584,4
16585,0
16586,4
16587,3
16588,4
16589,1
16590,3
16591,0
16592,3
16593,2
16594,2
16595,2
16596,1
16597,3
16598,3
16599,1
16600,2
16601,2
16602,2
16603,1
16604,0
16605,4
16606,3
16607,4
16608,4
16609,3
16610,3
16611,2
16612,4
16613,1
16614,4
16615,1
16616,2
16617,4
16618,3
16619,4
16620,2
16621,4
16622,2
16623,3
16624,2
16625,0
16626,0
16627,1
16628,0
16629,1
16630,4
16631,1
16632,4
16633,1
16634,2
16635,1
16636,4
16637,1
16638,1
16639,2
16640,4
16641,0
16642,1
16643,3
16644,1
16645,4
16646,0
16647,2
16648,4
16649,1
16650,1
16651,2
16652,3
16653,4
16654,0
16655,1
16656,0
16657,2
16658,2
16659,4
16660,0
16661,4
16662,2
16663,1
16664,0
16665,1
16666,0
16667,0
16668,0
16669,4
16670,1
16671,1
16672,2
16673,3
16674,1
16675,0
16676,2
16677,0
16678,3
16679,0
16680,2
16681,2
16682,0
16683,2
16684,0
16685,2
16686,4
16687,4
16688,1
16689,2
16690,2
16691,3
16692,2
16693,3
16694,1
16695,1
16696,2
16697,0
16698,1
16699,1
16700,2
16701,1
16702,0
16703,1
16704,2
16705,3
16706,2
16707,2
16708,3
16709,3
16710,4
16711,0
16712,0
16713,2
16714,1
16715,0
16716,1
16717,4
16718,3
16719,0
16720,3
16721,1
16722,0
16723,1
16724,0
16725,2
16726,3
16727,4
16728,1
16729,1
16730,4
16731,0
16732,0
16733,2
16734,0
16735,3
16736,4
16737,4
16738,0
16739,3
16740,1
16741,1
16742,0
16743,0
16744,0
16745,2
16746,2
16747,3
16748,3
16749,1
16750,0
16751,3
16752,3
16753,0
16754,0
16755,1
16756,0
16757,2
16758,2
16759,2
16760,4
16761,1
16762,1
16763,4
16764,4
16765,4
16766,1
16767,0
16768,1
16769,3
16770,0
16771,2
16772,3
16773,0
16774,2
16775,3
16776,3
16777,3
16778,2
16779,2
16780,1
16781,4
16782,3
16783,3
16784,3
16785,3
16786,1
16787,0
16788,2
16789,3
16790,1
16791,4
16792,0
16793,0
16794,0
16795,2
16796,0
16797,3
16798,0
16799,3
16800,3
16801,0
16802,0
16803,3
16804,1
16805,2
16806,4
16807,4
16808,1
16809,0
16810,1
16811,2
16812,1
16813,4
16814,2
16815,0
16816,2
16817,2
16818,2
16819,1
16820,2
16821,0
16822,0
16823,0
16824,0
16825,1
16826,3
16827,4
16828,2
16829,4
16830,3
16831,1
16832,4
16833,3
16834,3
16835,1
16836,3
16837,4
16838,1
16839,0
16840,4
16841,2
16842,0
16843,3
16844,2
16845,1
16846,4
16847,1
16848,1
16849,3
16850,3
16851,2
16852,1
16853,2
16854,4
16855,3
16856,2
16857,3
16858,1
16859,4
16860,3
16861,4
16862,4
16863,3
16864,1
16865,1
16866,1
16867,4
16868,4
16869,1
16870,0
16871,4
16872,3
16873,4
16874,4
16875,2
16876,2
16877,4
16878,2
16879,3
16880,4
16881,1
16882,3
16883,3
16884,2
16885,3
16886,2
16887,3
16888,1
16889,0
16890,1
16891,3
16892,3
16893,4
16894,3
16895,4
16896,0
16897,3
16898,2
16899,3
16900,4
16901,0
16902,2
16903,2
16904,0
16905,4
16906,3
16907,3
16908,1
16909,4
16910,1
16911,3
16912,4
16913,4
16914,4
16915,2
16916,0
16917,0
16918,3
16919,1
16920,2
16921,2
16922,4
16923,2
16924,1
16925,0
16926,0
16927,4
16928,4
16929,0
16930,4
16931,0
16932,3
16933,0
16934,4
16935,4
16936,0
16937,3
16938,1
16939,1
16940,4
16941,3
16942,2
16943,0
16944,4
16945,2
16946,3
16947,0
16948,4
16949,3
16950,4
16951,3
16952,4
16953,0
16954,1
16955,2
16956,4
16957,0
16958,0
16959,3
16960,4
16961,4
16962,4
16963,3
16964,1
16965,2
16966,4
16967,1
16968,3
16969,4
16970,1
16971,0
16972,1
16973,3
16974,2
16975,0
16976,2
16977,0
16978,4
16979,3
16980,3
16981,1
16982,3
16983,0
16984,2
16985,4
16986,0
16987,3
16988,0
16989,0
16990,3
16991,3
16992,1
16993,4
16994,3
16995,0
16996,2
16997,3
16998,0
16999,3
17000,2
17001,3
17002,3
17003,0
17004,1
17005,2
17006,1
17007,0
17008,4
17009,4
17010,0
17011,1
17012,2
17013,3
17014,4
17015,0
17016,0
17017,2
17018,4
17019,1
17020,4
17021,1
17022,0
17023,4
17024,2
17025,0
17026,0
17027,2
17028,4
17029,0
17030,0
17031,2
17032,3
17033,4
17034,3
17035,2
17036,1
17037,4
17038,2
17039,3
17040,3
17041,4
17042,3
17043,2
17044,3
17045,2
17046,0
17047,1
17048,0
17049,0
17050,1
17051,4
17052,4
17053,4
17054,1
17055,3
17056,2
17057,0
17058,1
17059,1
17060,2
17061,2
17062,0
17063,2
17064,4
17065,4
17066,3
17067,4
17068,1
17069,4
17070,4
17071,3
17072,1
17073,1
17074,2
17075,3
17076,4
17077,2
17078,2
17079,4
17080,2
17081,3
17082,2
17083,0
17084,3
17085,3
17086,2
17087,3
17088,1
17089,4
17090,1
17091,0
17092,2
17093,3
17094,3
17095,1
17096,0
17097,3
17098,1
17099,1
17100,0
17101,4
17102,2
17103,0
17104,4
17105,0
17106,0
17107,4
17108,3
17109,1
17110,2
17111,0
17112,3
17113,2
17114,3
17115,0
17116,3
17117,2
17118,1
17119,4
17120,2
17121,1
17122,4
17123,3
17124,2
17125,0
17126,3
17127,0
17128,0
17129,2
17130,1
17131,4
17132,3
17133,0
17134,4
17135,1
17136,1
17137,2
17138,2
17139,0
17140,1
17141,1
17142,3
17143,2
17144,3
17145,2
17146,4
17147,1
17148,1
17149,1
17150,3
17151,2
17152,1
17153,0
17154,0
17155,2
17156,0
17157,0
17158,0
17159,4
17160,3
17161,4
17162,2
17163,1
17164,1
17165,1
17166,0
17167,1
17168,0
17169,0
17170,0
17171,1
17172,4
17173,4
17174,0
17175,0
17176,3
17177,4
17178,0
17179,1
17180,1
17181,1
17182,0
17183,2
17184,1
17185,4
17186,2
17187,3
17188,0
17189,1
17190,2
17191,2
17192,4
17193,1
17194,3
17195,4
17196,4
17197,4
17198,2
17199,3
17200,4
17201,0
17202,3
17203,1
17204,3
17205,3
17206,0
17207,3
17208,2
17209,4
17210,1
17211,4
17212,4
17213,0
17214,1
17215,0
17216,1
17217,0
17218,0
17219,3
17220,1
17221,4
17222,3
17223,1
17224,2
17225,2
17226,0
17227,1
17228,4
17229,0
17230,1
17231,0
17232,0
17233,1
17234,3
17235,2
17236,3
17237,2
17238,1
17239,3
17240,0
17241,3
17242,0
17243,1
17244,0
17245,3
17246,2
17247,2
17248,1
17249,2
17250,2
17251,0
17252,3
17253,4
17254,3
17255,3
17256,1
17257,1
17258,1
17259,4
17260,1
17261,4
17262,2
17263,4
17264,1
17265,0
17266,2
17267,0
17268,4
17269,0
17270,2
17271,1
17272,2
17273,1
17274,2
17275,4
17276,3
17277,0
17278,0
17279,0
17280,0
17281,1
17282,0
17283,2
17284,2
17285,1
17286,0
17287,3
17288,1
17289,1
17290,0
17291,2
17292,3
17293,1
17294,4
17295,0
17296,4
17297,3
17298,2
17299,4
17300,2
17301,4
17302,1
17303,0
17304,2
17305,2
17306,1
17307,1
17308,4
17309,4
17310,1
17311,3
17312,4
17313,2
17314,3
17315,0
17316,0
17317,2
17318,1
17319,2
17320,3
17321,4
17322,0
17323,3
17324,4
17325,3
17326,3
17327,4
17328,1
17329,1
17330,1
17331,1
17332,3
17333,0
17334,1
17335,2
17336,3
17337,1
17338,1
17339,3
17340,4
17341,1
17342,1
17343,1
17344,1
17345,2
17346,0
17347,2
17348,3
17349,2
17350,1
17351,4
17352,0
17353,3
17354,0
17355,2
17356,2
17357,3
17358,2
17359,1
17360,0
17361,1
17362,0
17363,2
17364,4
17365,4
17366,0
17367,1
17368,1
17369,1
17370,0
17371,0
17372,4
17373,1
17374,1
17375,2
17376,1
17377,0
17378,3
17379,0
17380,0
17381,3
17382,2
17383,0
17384,3
17385,4
17386,1
17387,4
17388,0
17389,4
17390,3
17391,1
17392,2
17393,1
17394,3
17395,1
17396,2
17397,2
17398,4
17399,4
17400,3
17401,1
17402,3
17403,0
17404,3
17405,0
17406,4
17407,2
17408,3
17409,1
17410,4
17411,1
17412,2
17413,0
17414,1
17415,1
17416,4
17417,3
17418,4
17419,2
17420,4
17421,0
17422,1
17423,2
17424,4
17425,1
17426,0
17427,1
17428,3
17429,3
17430,2
17431,3
17432,1
17433,1
17434,2
17435,4
17436,0
17437,3
17438,2
17439,4
17440,2
17441,1
17442,2
17443,0
17444,3
17445,3
17446,3
17447,4
17448,2
17449,3
17450,4
17451,4
17452,4
17453,3
17454,3
17455,1
17456,4
17457,2
17458,1
17459,2
17460,4
17461,3
17462,2
17463,0
17464,1
17465,1
17466,0
17467,3
17468,4
17469,3
17470,3
17471,2
17472,0
17473,0
17474,1
17475,1
17476,1
17477,2
17478,2
17479,0
17480,3
17481,1
17482,4
17483,2
17484,0
17485,3
17486,3
17487,4
17488,0
17489,0
17490,3
17491,1
17492,0
17493,2
17494,0
17495,1
17496,1
17497,3
17498,1
17499,2
17500,2
17501,3
17502,4
17503,1
17504,1
17505,3
17506,4
17507,4
17508,4
17509,2
17510,0
17511,2
17512,1
17513,3
17514,1
17515,0
17516,2
17517,1
17518,0
17519,0
17520,4
17521,4
17522,0
17523,0
17524,2
17525,2
17526,3
17527,3
17528,0
17529,4
17530,1
17531,1
17532,4
17533,2
17534,4
17535,0
17536,1
17537,4
17538,2
17539,4
17540,1
17541,2
17542,3
17543,4
17544,3
17545,4
17546,4
17547,1
17548,2
17549,0
17550,4
17551,4
17552,2
17553,4
17554,2
17555,4
17556,3
17557,3
17558,3
17559,0
17560,3
17561,0
17562,0
17563,1
17564,4
17565,3
17566,3
17567,1
17568,4
17569,1
17570,3
17571,4
17572,4
17573,1
17574,0
17575,0
17576,2
17577,2
17578,4
17579,4
17580,2
17581,1
17582,0
17583,3
17584,1
17585,2
17586,2
17587,0
17588,4
17589,3
17590,0
17591,3
17592,1
17593,2
17594,4
17595,2
17596,2
17597,4
17598,3
17599,3
17600,1
17601,1
17602,2
17603,4
17604,3
17605,3
17606,2
17607,4
17608,3
17609,4
17610,2
17611,0
17612,2
17613,0
17614,1
17615,1
17616,4
17617,4
17618,3
17619,4
17620,2
17621,0
17622,3
17623,3
17624,4
17625,1
17626,1
17627,0
17628,2
17629,3
17630,3
17631,0
17632,4
17633,0
17634,1
17635,4
17636,0
17637,4
17638,1
17639,4
17640,2
17641,3
17642,1
17643,2
17644,3
17645,1
17646,1
17647,2
17648,4
17649,2
17650,0
17651,3
17652,1
17653,4
17654,3
17655,1
17656,3
17657,4
17658,4
17659,2
17660,4
17661,1
17662,3
17663,3
17664,1
17665,4
17666,3
17667,2
17668,4
17669,1
17670,0
17671,3
17672,0
17673,4
17674,0
17675,4
17676,0
17677,1
17678,4
17679,1
17680,0
17681,0
17682,4
17683,0
17684,2
17685,3
17686,2
17687,1
17688,0
17689,4
17690,3
17691,0
17692,1
17693,4
17694,0
17695,4
17696,3
17697,4
17698,3
17699,3
17700,1
17701,0
17702,0
17703,0
17704,2
17705,4
17706,4
17707,4
17708,1
17709,4
17710,0
17711,2
17712,2
17713,3
17714,1
17715,4
17716,4
17717,3
17718,2
17719,3
17720,0
17721,3
17722,1
17723,2
17724,2
17725,3
17726,4
17727,3
17728,2
17729,2
17730,1
17731,3
17732,2
17733,0
17734,2
17735,3
17736,4
17737,3
17738,3
17739,2
17740,3
17741,2
17742,3
17743,2
17744,0
17745,0
17746,4
17747,0
17748,3
17749,2
17750,4
17751,3
17752,0
17753,4
17754,0
17755,1
17756,4
17757,1
17758,1
17759,2
17760,2
17761,2
17762,4
17763,0
17764,0
17765,2
17766,3
17767,4
17768,3
17769,3
17770,3
17771,3
17772,2
17773,4
17774,2
17775,4
17776,1
17777,2
17778,1
17779,3
17780,2
17781,4
17782,1
17783,4
17784,4
17785,1
17786,0
17787,4
17788,0
17789,3
17790,1
17791,1
17792,4
17793,1
17794,1
17795,3
17796,3
17797,1
17798,0
17799,0
17800,3
17801,2
17802,0
17803,3
17804,3
17805,1
17806,2
17807,3
17808,0
17809,0
17810,2
17811,3
17812,1
17813,1
17814,1
17815,1
17816,2
17817,4
17818,1
17819,2
17820,2
17821,1
17822,2
17823,2
17824,1
17825,1
17826,4
17827,4
17828,3
17829,3
17830,1
17831,2
17832,4
17833,4
17834,0
17835,1
17836,1
17837,2
17838,3
17839,2
17840,2
17841,0
17842,0
17843,2
17844,4
17845,0
17846,3
17847,3
17848,4
17849,4
17850,4
17851,3
17852,1
17853,4
17854,1
17855,2
17856,1
17857,3
17858,1
17859,4
17860,0
17861,4
17862,3
17863,0
17864,1
17865,4
17866,4
17867,3
17868,4
17869,3
17870,3
17871,0
17872,2
17873,2
17874,3
17875,2
17876,3
17877,0
17878,3
17879,0
17880,1
17881,0
17882,4
17883,0
17884,3
17885,4
17886,0
17887,1
17888,1
17889,2
17890,4
17891,3
17892,4
17893,1
17894,0
17895,1
17896,4
17897,0
17898,4
17899,2
17900,0
17901,3
17902,0
17903,0
17904,4
17905,0
17906,3
17907,1
17908,0
17909,4
17910,1
17911,0
17912,0
17913,4
17914,1
17915,4
17916,3
17917,0
17918,3
17919,3
17920,4
17921,0
17922,0
17923,2
17924,0
17925,1
17926,3
17927,2
17928,1
17929,1
17930,4
17931,0
17932,4
17933,0
17934,2
17935,2
17936,1
17937,4
17938,2
17939,4
17940,1
17941,4
17942,4
17943,1
17944,4
17945,4
17946,0
17947,0
17948,3
17949,3
17950,1
17951,4
17952,2
17953,4
17954,4
17955,2
17956,4
17957,2
17958,2
17959,1
17960,4
17961,4
17962,2
17963,0
17964,4
17965,2
17966,4
17967,2
17968,0
17969,0
17970,4
17971,0
17972,4
17973,3
17974,2
17975,2
17976,3
17977,1
17978,1
17979,3
17980,3
17981,0
17982,4
17983,4
17984,4
17985,4
17986,4
17987,2
17988,4
17989,2
17990,2
17991,2
17992,0
17993,2
17994,1
17995,4
17996,2
17997,3
17998,1
17999,4
18000,1
18001,4
18002,4
18003,0
18004,1
18005,3
18006,2
18007,4
18008,0
18009,2
18010,2
18011,2
18012,3
18013,1
18014,3
18015,3
18016,3
18017,2
18018,0
18019,2
18020,0
18021,1
18022,1
18023,4
18024,4
18025,1
18026,4
18027,3
18028,0
18029,3
18030,3
18031,1
18032,0
18033,4
18034,4
18035,2
18036,1
18037,0
18038,1
18039,0
18040,0
18041,2
18042,3
18043,3
18044,4
18045,0
18046,2
18047,1
18048,0
18049,3
18050,0
18051,3
18052,2
18053,2
18054,1
18055,2
18056,2
18057,0
18058,1
18059,2
18060,2
18061,0
18062,3
18063,4
18064,4
18065,2
18066,2
18067,1
18068,2
18069,0
18070,3
18071,0
18072,1
18073,0
18074,1
18075,4
18076,0
18077,0
18078,3
18079,2
18080,2
18081,4
18082,1
18083,0
18084,2
18085,3
18086,4
18087,4
18088,1
18089,4
18090,4
18091,2
18092,4
18093,1
18094,2
18095,4
18096,1
18097,3
18098,1
18099,3
18100,3
18101,0
18102,3
18103,3
18104,2
18105,3
18106,0
18107,3
18108,4
18109,1
18110,1
18111,0
18112,2
18113,3
18114,4
18115,1
18116,1
18117,3
18118,0
18119,0
18120,1
18121,3
18122,0
18123,1
18124,3
18125,2
18126,0
18127,2
18128,0
18129,1
18130,2
18131,2
18132,3
18133,3
18134,4
18135,4
18136,2
18137,2
18138,0
18139,2
18140,4
18141,2
18142,3
18143,1
18144,1
18145,4
18146,2
18147,1
18148,2
18149,0
18150,1
18151,3
18152,3
18153,3
18154,3
18155,1
18156,2
18157,4
18158,1
18159,2
18160,3
18161,1
18162,0
18163,3
18164,0
18165,4
18166,2
18167,1
18168,2
18169,3
18170,1
18171,2
18172,2
18173,4
18174,3
18175,3
18176,2
18177,1
18178,2
18179,2
18180,1
18181,4
18182,0
18183,3
18184,4
18185,1
18186,4
18187,4
18188,1
18189,1
18190,4
18191,1
18192,1
18193,2
18194,4
18195,1
18196,2
18197,3
18198,0
18199,1
18200,3
18201,3
18202,2
18203,0
18204,4
18205,1
18206,3
18207,0
18208,0
18209,1
18210,4
18211,3
18212,4
18213,0
18214,0
18215,4
18216,1
18217,1
18218,0
18219,1
18220,3
18221,0
18222,3
18223,2
18224,1
18225,3
18226,4
18227,0
18228,3
18229,3
18230,4
18231,3
18232,4
18233,0
18234,2
18235,2
18236,0
18237,1
18238,4
18239,1
18240,0
18241,1
18242,3
18243,0
18244,3
18245,0
18246,3
18247,0
18248,3
18249,1
18250,3
18251,3
18252,4
18253,0
18254,4
18255,0
18256,2
18257,3
18258,2
18259,4
18260,1
18261,3
18262,3
18263,3
18264,1
18265,3
18266,0
18267,2
18268,0
18269,0
18270,0
18271,2
18272,3
18273,0
18274,1
18275,0
18276,0
18277,1
18278,0
18279,2
18280,1
18281,2
18282,0
18283,0
18284,1
18285,3
18286,4
18287,4
18288,2
18289,0
18290,0
18291,3
18292,1
18293,2
18294,2
18295,4
18296,4
18297,2
18298,2
18299,0
18300,0
18301,0
18302,2
18303,3
18304,4
18305,3
18306,4
18307,3
18308,0
18309,0
18310,3
18311,2
18312,0
18313,0
18314,0
18315,1
18316,0
18317,2
18318,2
18319,1
18320,1
18321,4
18322,0
18323,1
18324,1
18325,2
18326,0
18327,0
18328,2
18329,1
18330,1
18331,3
18332,0
18333,3
18334,3
18335,1
18336,3
18337,0
18338,2
18339,2
18340,3
18341,4
18342,3
18343,0
18344,3
18345,4
18346,2
18347,2
18348,1
18349,3
18350,0
18351,3
18352,3
18353,2
18354,3
18355,3
18356,4
18357,2
18358,1
18359,0
18360,4
18361,4
18362,4
18363,0
18364,2
18365,0
18366,2
18367,0
18368,4
18369,0
18370,3
18371,0
18372,4
18373,4
18374,1
18375,4
18376,0
18377,2
18378,0
18379,4
18380,0
18381,1
18382,1
18383,4
18384,4
18385,4
18386,3
18387,2
18388,2
18389,1
18390,2
18391,3
18392,3
18393,0
18394,1
18395,1
18396,1
18397,0
18398,3
18399,3
18400,1
18401,3
18402,3
18403,1
18404,3
18405,4
18406,4
18407,4
18408,4
18409,0
18410,2
18411,1
18412,1
18413,0
18414,3
18415,1
18416,4
18417,3
18418,4
18419,4
18420,3
18421,0
18422,1
18423,2
18424,4
18425,2
18426,2
18427,4
18428,3
18429,0
18430,1
18431,0
18432,1
18433,1
18434,4
18435,2
18436,3
18437,3
18438,0
18439,2
18440,3
18441,4
18442,2
18443,2
18444,0
18445,1
18446,1
18447,3
18448,1
18449,2
18450,0
18451,3
18452,0
18453,1
18454,1
18455,1
18456,3
18457,1
18458,1
18459,1
18460,4
18461,3
18462,4
18463,1
18464,1
18465,3
18466,4
18467,3
18468,0
18469,1
18470,1
18471,0
18472,4
18473,3
18474,4
18475,2
18476,3
18477,1
18478,3
18479,0
18480,1
18481,3
18482,0
18483,0
18484,3
18485,4
18486,3
18487,0
18488,4
18489,0
18490,2
18491,1
18492,4
18493,4
18494,0
18495,1
18496,1
18497,3
18498,0
18499,1
18500,3
18501,4
18502,0
18503,4
18504,3
18505,2
18506,0
18507,3
18508,0
18509,0
18510,0
18511,1
18512,3
18513,3
18514,1
18515,0
18516,0
18517,3
18518,0
18519,3
18520,3
18521,1
18522,2
18523,0
18524,0
18525,1
18526,2
18527,3
18528,2
18529,4
18530,4
18531,0
18532,0
18533,3
18534,3
18535,0
18536,4
18537,3
18538,3
18539,3
18540,1
18541,4
18542,1
18543,4
18544,1
18545,0
18546,4
18547,3
18548,2
18549,3
18550,4
18551,2
18552,4
18553,1
18554,1
18555,0
18556,3
18557,1
18558,2
18559,2
18560,4
18561,2
18562,1
18563,1
18564,4
18565,0
18566,2
18567,4
18568,0
18569,3
18570,1
18571,4
18572,0
18573,0
18574,3
18575,2
18576,2
18577,2
18578,4
18579,1
18580,4
18581,2
18582,1
18583,2
18584,2
18585,0
18586,2
18587,4
18588,0
18589,3
18590,1
18591,3
18592,2
18593,0
18594,4
18595,1
18596,0
18597,4
18598,1
18599,3
18600,1
18601,4
18602,1
18603,0
18604,1
18605,1
18606,0
18607,1
18608,1
18609,3
18610,0
18611,2
18612,2
18613,4
18614,2
18615,3
18616,2
18617,1
18618,4
18619,1
18620,2
18621,4
18622,4
18623,0
18624,3
18625,1
18626,1
18627,2
18628,4
18629,1
18630,1
18631,4
18632,3
18633,3
18634,4
18635,3
18636,0
18637,4
18638,4
18639,0
18640,3
18641,3
18642,0
18643,3
18644,4
18645,1
18646,4
18647,3
18648,4
18649,4
18650,3
18651,2
18652,3
18653,2
18654,2
18655,4
18656,4
18657,0
18658,2
18659,3
18660,1
18661,3
18662,0
18663,2
18664,0
18665,2
18666,1
18667,2
18668,4
18669,1
18670,2
18671,3
18672,3
18673,3
18674,2
18675,0
18676,4
18677,2
18678,4
18679,3
18680,0
18681,3
18682,1
18683,4
18684,2
18685,1
18686,2
18687,1
18688,0
18689,0
18690,0
18691,4
18692,4
18693,4
18694,2
18695,4
18696,4
18697,0
18698,4
18699,0
18700,2
18701,2
18702,4
18703,3
18704,2
18705,3
18706,4
18707,2
18708,0
18709,4
18710,3
18711,4
18712,2
18713,0
18714,2
18715,2
18716,0
18717,3
18718,1
18719,4
18720,3
18721,0
18722,4
18723,0
18724,2
18725,1
18726,0
18727,3
18728,1
18729,1
18730,2
18731,3
18732,4
18733,3
18734,1
18735,4
18736,4
18737,1
18738,4
18739,4
18740,3
18741,4
18742,3
18743,0
18744,1
18745,2
18746,1
18747,3
18748,1
18749,0
18750,4
18751,3
18752,4
18753,4
18754,0
18755,1
18756,0
18757,3
18758,4
18759,3
18760,4
18761,2
18762,3
18763,1
18764,2
18765,4
18766,3
18767,0
18768,1
18769,3
18770,3
18771,1
18772,4
18773,0
18774,3
18775,2
18776,3
18777,2
18778,2
18779,1
18780,2
18781,0
18782,4
18783,2
18784,3
18785,1
18786,1
18787,4
18788,2
18789,4
18790,0
18791,4
18792,3
18793,3
18794,0
18795,3
18796,1
18797,4
18798,1
18799,3
18800,2
18801,0
18802,2
18803,2
18804,0
18805,0
18806,0
18807,2
18808,4
18809,3
18810,1
18811,4
18812,0
18813,0
18814,1
18815,1
18816,4
18817,1
18818,1
18819,0
18820,2
18821,2
18822,0
18823,0
18824,4
18825,0
18826,3
18827,0
18828,0
18829,2
18830,3
18831,4
18832,1
18833,4
18834,3
18835,2
18836,4
18837,3
18838,4
18839,2
18840,3
18841,1
18842,0
18843,3
18844,3
18845,1
18846,3
18847,4
18848,4
18849,0
18850,2
18851,1
18852,2
18853,4
18854,3
18855,4
18856,1
18857,1
18858,0
18859,2
18860,0
18861,2
18862,3
18863,2
18864,3
18865,1
18866,4
18867,0
18868,0
18869,3
18870,4
18871,0
18872,1
18873,2
18874,3
18875,0
18876,1
18877,4
18878,4
18879,0
18880,0
18881,1
18882,1
18883,3
18884,3
18885,2
18886,4
18887,4
18888,4
18889,0
18890,2
18891,0
18892,0
18893,1
18894,4
18895,0
18896,4
18897,1
18898,1
18899,4
18900,0
18901,2
18902,1
18903,2
18904,1
18905,0
18906,3
18907,2
18908,0
18909,0
18910,2
18911,1
18912,3
18913,3
18914,2
18915,3
18916,2
18917,1
18918,2
18919,2
18920,1
18921,1
18922,0
18923,3
18924,1
18925,1
18926,0
18927,0
18928,1
18929,1
18930,1
18931,1
18932,4
18933,1
18934,1
18935,4
18936,1
18937,1
18938,0
18939,4
18940,4
18941,2
18942,2
18943,2
18944,2
18945,1
18946,4
18947,0
18948,4
18949,3
18950,1
18951,1
18952,3
18953,4
18954,0
18955,4
18956,1
18957,1
18958,1
18959,3
18960,4
18961,1
18962,4
18963,4
18964,1
18965,1
18966,1
18967,3
18968,1
18969,1
18970,2
18971,0
18972,1
18973,2
18974,1
18975,2
18976,3
18977,3
18978,4
18979,1
18980,4
18981,4
18982,2
18983,4
18984,2
18985,0
18986,4
18987,2
18988,1
18989,3
18990,3
18991,4
18992,0
18993,0
18994,3
18995,1
18996,3
18997,0
18998,0
18999,4
19000,1
19001,4
19002,4
19003,1
19004,3
19005,0
19006,4
19007,2
19008,3
19009,3
19010,1
19011,1
19012,3
19013,2
19014,4
19015,2
19016,3
19017,0
19018,3
19019,0
19020,3
19021,2
19022,1
19023,0
19024,2
19025,0
19026,3
19027,2
19028,0
19029,4
19030,4
19031,1
19032,4
19033,3
19034,3
19035,0
19036,2
19037,1
19038,2
19039,0
19040,1
19041,4
19042,1
19043,2
19044,3
19045,0
19046,1
19047,3
19048,4
19049,3
19050,0
19051,1
19052,4
19053,1
19054,3
19055,1
19056,4
19057,0
19058,0
19059,1
19060,2
19061,4
19062,0
19063,3
19064,2
19065,1
19066,0
19067,1
19068,0
19069,2
19070,3
19071,0
19072,0
19073,4
19074,2
19075,1
19076,0
19077,3
19078,2
19079,3
19080,3
19081,0
19082,0
19083,1
19084,3
19085,2
19086,0
19087,0
19088,1
19089,1
19090,1
19091,2
19092,3
19093,0
19094,2
19095,1
19096,1
19097,4
19098,4
19099,1
19100,4
19101,1
19102,1
19103,1
19104,1
19105,2
19106,1
19107,2
19108,1
19109,1
19110,4
19111,0
19112,0
19113,4
19114,2
19115,3
19116,3
19117,1
19118,2
19119,4
19120,3
19121,4
19122,2
19123,2
19124,4
19125,2
19126,1
19127,3
19128,3
19129,4
19130,0
19131,3
19132,3
19133,2
19134,1
19135,1
19136,4
19137,2
19138,0
19139,0
19140,3
19141,0
19142,2
19143,2
19144,3
19145,4
19146,0
19147,3
19148,0
19149,0
19150,0
19151,4
19152,0
19153,1
19154,1
19155,3
19156,1
19157,0
19158,3
19159,4
19160,3
19161,2
19162,1
19163,3
19164,2
19165,2
19166,0
19167,1
19168,2
19169,0
19170,1
19171,1
19172,4
19173,0
19174,2
19175,1
19176,2
19177,0
19178,2
19179,2
19180,2
19181,0
19182,0
19183,3
19184,1
19185,0
19186,2
19187,3
19188,4
19189,3
19190,0
19191,0
19192,2
19193,0
19194,2
19195,3
19196,4
19197,3
19198,0
19199,1
19200,2
19201,4
19202,3
19203,2
19204,0
19205,2
19206,4
19207,1
19208,3
19209,1
19210,2
19211,2
19212,0
19213,3
19214,2
19215,1
19216,3
19217,2
19218,2
19219,0
19220,3
19221,1
19222,0
19223,3
19224,4
19225,0
19226,3
19227,3
19228,2
19229,1
19230,1
19231,3
19232,0
19233,4
19234,3
19235,0
19236,3
19237,3
19238,1
19239,4
19240,0
19241,0
19242,2
19243,4
19244,2
19245,0
19246,1
19247,1
19248,2
19249,3
19250,0
19251,1
19252,4
19253,2
19254,3
19255,4
19256,3
19257,4
19258,4
19259,4
19260,3
19261,2
19262,4
19263,2
19264,3
19265,4
19266,3
19267,0
19268,3
19269,1
19270,3
19271,4
19272,2
19273,3
19274,4
19275,2
19276,4
19277,1
19278,2
19279,1
19280,0
19281,4
19282,1
19283,3
19284,3
19285,4
19286,3
19287,4
19288,0
19289,1
19290,2
19291,4
19292,3
19293,4
19294,1
19295,1
19296,3
19297,4
19298,3
19299,2
19300,0
19301,2
19302,4
19303,0
19304,4
19305,1
19306,0
19307,4
19308,0
19309,0
19310,0
19311,1
19312,3
19313,1
19314,3
19315,2
19316,2
19317,4
19318,1
19319,2
19320,0
19321,4
19322,3
19323,4
19324,4
19325,4
19326,3
19327,4
19328,0
19329,1
19330,0
19331,0
19332,2
19333,4
19334,1
19335,0
19336,0
19337,3
19338,4
19339,0
19340,4
19341,4
19342,3
19343,4
19344,2
19345,3
19346,1
19347,2
19348,4
19349,1
19350,1
19351,1
19352,0
19353,2
19354,0
19355,1
19356,0
19357,4
19358,3
19359,0
19360,4
19361,4
19362,4
19363,2
19364,4
19365,2
19366,2
19367,4
19368,1
19369,1
19370,1
19371,4
19372,0
19373,1
19374,4
19375,1
19376,4
19377,1
19378,4
19379,4
19380,0
19381,2
19382,4
19383,2
19384,2
19385,2
19386,3
19387,0
19388,2
19389,4
19390,4
19391,2
19392,2
19393,0
19394,1
19395,1
19396,0
19397,3
19398,4
19399,3
19400,0
19401,4
19402,2
19403,4
19404,3
19405,4
19406,1
19407,1
19408,4
19409,3
19410,0
19411,1
19412,1
19413,1
19414,2
19415,3
19416,2
19417,3
19418,0
19419,3
19420,3
19421,4
19422,1
19423,1
19424,2
19425,0
19426,4
19427,1
19428,1
19429,0
19430,3
19431,4
19432,0
19433,2
19434,3
19435,4
19436,2
19437,1
19438,2
19439,4
19440,2
19441,0
19442,2
19443,3
19444,4
19445,4
19446,1
19447,4
19448,4
19449,1
19450,0
19451,2
19452,1
19453,1
19454,4
19455,3
19456,2
19457,2
19458,1
19459,1
19460,1
19461,1
19462,0
19463,3
19464,4
19465,4
19466,1
19467,1
19468,4
19469,1
19470,1
19471,3
19472,3
19473,4
19474,4
19475,2
19476,4
19477,4
19478,2
19479,3
19480,4
19481,2
19482,0
19483,1
19484,1
19485,2
19486,0
19487,1
19488,4
19489,0
19490,0
19491,3
19492,3
19493,4
19494,0
19495,0
19496,0
19497,1
19498,1
19499,1
19500,3
19501,3
19502,0
19503,4
19504,1
19505,3
19506,0
19507,3
19508,1
19509,2
19510,3
19511,4
19512,1
19513,4
19514,3
19515,2
19516,1
19517,1
19518,4
19519,1
19520,4
19521,0
19522,4
19523,1
19524,0
19525,1
19526,4
19527,4
19528,0
19529,3
19530,1
19531,0
19532,0
19533,2
19534,4
19535,3
19536,3
19537,0
19538,0
19539,1
19540,2
19541,1
19542,1
19543,4
19544,0
19545,2
19546,3
19547,4
19548,3
19549,1
19550,3
19551,2
19552,4
19553,4
19554,2
19555,1
19556,2
19557,4
19558,3
19559,2
19560,1
19561,2
19562,4
19563,0
19564,4
19565,3
19566,4
19567,3
19568,4
19569,1
19570,2
19571,2
19572,1
19573,4
19574,3
19575,3
19576,4
19577,4
19578,3
19579,4
19580,2
19581,1
19582,4
19583,3
19584,3
19585,4
19586,3
19587,2
19588,1
19589,3
19590,1
19591,1
19592,1
19593,0
19594,0
19595,4
19596,4
19597,4
19598,2
19599,0
19600,1
19601,2
19602,4
19603,4
19604,4
19605,2
19606,1
19607,2
19608,1
19609,1
19610,4
19611,4
19612,4
19613,2
19614,0
19615,1
19616,2
19617,2
19618,1
19619,1
19620,4
19621,0
19622,4
19623,2
19624,3
19625,0
19626,1
19627,3
19628,0
19629,0
19630,3
19631,1
19632,4
19633,1
19634,4
19635,0
19636,0
19637,2
19638,4
19639,0
19640,0
19641,2
19642,4
19643,4
19644,1
19645,4
19646,3
19647,2
19648,0
19649,2
19650,4
19651,4
19652,1
19653,0
19654,0
19655,2
19656,4
19657,0
19658,3
19659,2
19660,1
19661,3
19662,2
19663,2
19664,4
19665,0
19666,1
19667,0
19668,4
19669,3
19670,3
19671,4
19672,3
19673,0
19674,3
19675,2
19676,3
19677,4
19678,3
19679,3
19680,4
19681,4
19682,0
19683,2
19684,4
19685,3
19686,4
19687,2
19688,0
19689,0
19690,1
19691,1
19692,3
19693,4
19694,1
19695,3
19696,3
19697,2
19698,2
19699,1
19700,2
19701,0
19702,1
19703,3
19704,4
19705,2
19706,3
19707,0
19708,2
19709,4
19710,0
19711,0
19712,3
19713,3
19714,0
19715,0
19716,4
19717,3
19718,3
19719,2
19720,2
19721,3
19722,4
19723,3
19724,3
19725,2
19726,4
19727,4
19728,4
19729,4
19730,0
19731,4
19732,4
19733,3
19734,4
19735,0
19736,2
19737,4
19738,4
19739,0
19740,1
19741,0
19742,1
19743,2
19744,0
19745,0
19746,1
19747,4
19748,2
19749,3
19750,1
19751,3
19752,1
19753,2
19754,4
19755,1
19756,3
19757,4
19758,3
19759,0
19760,3
19761,1
19762,1
19763,4
19764,2
19765,4
19766,1
19767,2
19768,1
19769,4
19770,0
19771,1
19772,3
19773,3
19774,4
19775,4
19776,0
19777,3
19778,1
19779,3
19780,2
19781,2
19782,0
19783,2
19784,1
19785,4
19786,1
19787,0
19788,2
19789,3
19790,4
19791,3
19792,0
19793,1
19794,3
19795,2
19796,0
19797,4
19798,0
19799,0
19800,4
19801,2
19802,2
19803,0
19804,1
19805,3
19806,3
19807,1
19808,0
19809,4
19810,3
19811,1
19812,1
19813,2
19814,3
19815,4
19816,3
19817,3
19818,4
19819,3
19820,1
19821,2
19822,3
19823,2
19824,2
19825,3
19826,3
19827,1
19828,3
19829,2
19830,1
19831,1
19832,3
19833,2
19834,2
19835,3
19836,3
19837,0
19838,2
19839,4
19840,4
19841,0
19842,4
19843,0
19844,2
19845,1
19846,1
19847,2
19848,4
19849,3
19850,2
19851,0
19852,1
19853,1
19854,3
19855,0
19856,1
19857,3
19858,3
19859,4
19860,4
19861,1
19862,0
19863,4
19864,3
19865,0
19866,2
19867,1
19868,2
19869,1
19870,0
19871,3
19872,0
19873,0
19874,3
19875,2
19876,2
19877,2
19878,3
19879,4
19880,1
19881,0
19882,2
19883,4
19884,1
19885,4
19886,4
19887,1
19888,4
19889,1
19890,3
19891,2
19892,4
19893,2
19894,1
19895,1
19896,4
19897,1
19898,4
19899,2
19900,3
19901,3
19902,2
19903,4
19904,3
19905,2
19906,2
19907,2
19908,0
19909,1
19910,3
19911,4
19912,2
19913,0
19914,0
19915,1
19916,1
19917,0
19918,2
19919,2
19920,0
19921,0
19922,1
19923,0
19924,0
19925,0
19926,1
19927,2
19928,1
19929,4
19930,4
19931,3
19932,4
19933,0
19934,2
19935,4
19936,2
19937,0
19938,4
19939,2
19940,0
19941,0
19942,1
19943,4
19944,1
19945,1
19946,2
19947,0
19948,0
19949,2
19950,2
19951,4
19952,3
19953,1
19954,1
19955,1
19956,1
19957,1
19958,4
19959,1
19960,2
19961,1
19962,3
19963,3
19964,0
19965,2
19966,1
19967,2
19968,1
19969,2
19970,1
19971,0
19972,2
19973,3
19974,1
19975,2
19976,2
19977,1
19978,0
19979,2
19980,2
19981,3
19982,4
19983,1
19984,2
19985,3
19986,2
19987,0
19988,3
19989,0
19990,4
19991,0
19992,4
19993,2
19994,1
19995,0
19996,4
19997,1
19998,0
19999,1
20000,2
20001,2
20002,2
20003,1
20004,4
20005,0
20006,3
20007,0
20008,1
20009,3
20010,0
20011,2
20012,2
20013,3
20014,2
20015,4
20016,3
20017,3
20018,1
20019,1
20020,3
20021,0
20022,2
20023,3
20024,0
20025,4
20026,0
20027,0
20028,3
20029,1
20030,4
20031,4
20032,0
20033,4
20034,0
20035,0
20036,3
20037,1
20038,3
20039,4
20040,1
20041,3
20042,0
20043,2
20044,2
20045,1
20046,3
20047,0
20048,4
20049,1
20050,3
20051,4
20052,2
20053,0
20054,3
20055,2
20056,0
20057,3
20058,4
20059,2
20060,4
20061,4
20062,2
20063,3
20064,3
20065,0
20066,3
20067,3
20068,1
20069,0
20070,4
20071,1
20072,3
20073,4
20074,0
20075,2
20076,3
20077,2
20078,0
20079,0
20080,0
20081,0
20082,2
20083,2
20084,3
20085,3
20086,3
20087,4
20088,4
20089,3
20090,3
20091,2
