row_id,clarity,n_tokens
0,c5,909
1,c1,486
2,c1,616
3,c234,1331
4,c234,284
5,c1,418
6,c234,259
7,c234,129
8,c1,61
9,c234,241
10,c234,533
11,c234,1095
12,c1,192
13,c234,353
14,c234,32
15,c5,539
16,c234,428
17,c1,459
18,c1,114
19,c1,1215
20,c1,159
21,c1,499
22,c234,786
23,c5,205
24,c234,429
25,c1,780
26,c5,59
27,c1,278
28,c1,983
29,c1,25
30,c1,173
31,c5,378
32,c5,269
33,c1,377
34,c5,413
35,c5,554
36,c5,142
37,c5,435
38,c5,41
39,c5,70
40,c234,262
41,c5,319
42,c234,606
43,c5,99
44,c234,596
45,c5,216
46,c1,45
47,c5,634
48,c5,163
49,c234,469
50,c234,123
51,c234,15
52,c5,55
53,c234,709
54,c5,45
55,c1,798
56,c5,190
57,c1,574
58,c234,26
59,c1,28
60,c5,333
61,c5,364
62,c1,1388
63,c234,116
64,c1,194
65,c234,427
66,c1,262
67,c1,360
68,c234,256
69,c234,1690
70,c5,51
71,c1,72
72,c234,526
73,c1,192
74,c234,128
75,c234,458
76,c234,259
77,c234,309
78,c234,488
79,c234,271
80,c1,758
81,c1,222
82,c234,174
83,c234,519
84,c234,78
85,c5,261
86,c1,650
87,c1,428
88,c5,610
89,c1,137
90,c5,440
91,c1,2528
92,c1,51
93,c1,202
94,c1,502
95,c1,232
96,c234,60
97,c5,1515
98,c5,91
99,c5,291
100,c234,459
101,c234,83
102,c234,1186
103,c5,664
104,c234,339
105,c1,776
106,c1,946
107,c234,70
108,c5,105
109,c234,236
110,c5,82
111,c5,197
112,c234,93
113,c5,273
114,c1,526
115,c234,130
116,c5,925
117,c1,259
118,c5,91
119,c234,949
120,c5,138
121,c1,345
122,c234,756
123,c234,415
124,c1,415
125,c5,95
126,c234,149
127,c5,55
128,c234,326
129,c1,626
130,c234,698
131,c5,321
132,c234,177
133,c234,432
134,c1,176
135,c1,559
136,c1,354
137,c234,175
138,c5,153
139,c234,823
140,c234,169
141,c5,338
142,c234,622
143,c5,416
144,c1,1328
145,c1,136
146,c1,1332
147,c5,708
148,c1,449
149,c234,122
150,c234,2392
151,c234,164
152,c1,904
153,c5,97
154,c5,35
155,c234,171
156,c5,486
157,c5,144
158,c1,415
159,c5,17
160,c5,123
161,c234,301
162,c1,142
163,c234,155
164,c1,573
165,c234,145
166,c1,354
167,c1,398
168,c5,384
169,c1,28
170,c5,577
171,c234,606
172,c5,101
173,c234,460
174,c1,506
175,c1,477
176,c5,771
177,c5,462
178,c1,187
179,c234,441
180,c234,430
181,c1,195
182,c1,1577
183,c234,204
184,c234,304
185,c5,264
186,c234,232
187,c5,191
188,c234,633
189,c234,64
190,c1,919
191,c5,610
192,c234,88
193,c234,305
194,c234,323
195,c234,125
196,c1,139
197,c1,289
198,c234,322
199,c234,332
200,c234,406
201,c5,255
202,c5,589
203,c5,992
204,c1,168
205,c234,16
206,c1,428
207,c5,123
208,c5,218
209,c5,146
210,c5,298
211,c1,174
212,c1,69
213,c1,164
214,c1,729
215,c1,250
216,c1,1790
217,c234,922
218,c5,215
219,c234,160
220,c5,230
221,c5,51
222,c5,175
223,c5,991
224,c5,335
225,c234,495
226,c234,290
227,c1,682
228,c1,984
229,c1,671
230,c234,132
231,c1,513
232,c1,144
233,c234,96
234,c234,102
235,c234,61
236,c234,29
237,c234,432
238,c234,533
239,c5,393
240,c234,622
241,c1,895
242,c5,192
243,c5,218
244,c234,470
245,c5,114
246,c1,550
247,c1,331
248,c1,359
249,c5,189
250,c5,192
251,c5,300
252,c234,554
253,c234,818
254,c234,155
255,c5,185
256,c5,61
257,c234,353
258,c5,129
259,c5,61
260,c5,388
261,c1,153
262,c5,101
263,c5,129
264,c234,517
265,c234,48
266,c234,622
267,c5,1029
268,c5,512
269,c1,394
270,c234,178
271,c1,593
272,c1,2092
273,c5,146
274,c234,376
275,c5,41
276,c234,231
277,c5,56
278,c5,31
279,c234,234
280,c5,1056
281,c5,1614
282,c1,777
283,c5,51
284,c5,35
285,c5,475
286,c234,723
287,c1,87
288,c1,185
289,c234,392
290,c1,1658
291,c234,483
292,c234,460
293,c5,375
294,c5,43
295,c1,136
296,c1,392
297,c5,998
298,c234,215
299,c1,87
300,c1,683
301,c234,270
302,c234,354
303,c5,44
304,c5,78
305,c234,369
306,c234,16
307,c5,483
308,c1,499
309,c1,180
310,c1,671
311,c5,490
312,c234,47
313,c1,239
314,c234,685
315,c5,42
316,c5,411
317,c5,54
318,c234,1007
319,c234,232
320,c5,1164
321,c5,327
322,c5,151
323,c234,43
324,c5,261
325,c1,550
326,c1,170
327,c5,221
328,c1,301
329,c5,178
330,c1,169
331,c1,99
332,c1,12
333,c5,231
334,c234,1606
335,c1,219
336,c5,228
337,c5,355
338,c234,296
339,c1,452
340,c1,298
341,c5,307
342,c5,96
343,c234,426
344,c5,87
345,c234,602
346,c5,320
347,c5,275
348,c5,595
349,c5,34
350,c5,32
351,c234,213
352,c1,57
353,c1,1580
354,c1,487
355,c5,282
356,c5,499
357,c1,1297
358,c234,119
359,c234,364
360,c5,253
361,c234,460
362,c1,171
363,c234,315
364,c234,297
365,c1,68
366,c1,399
367,c1,404
368,c5,201
369,c5,247
370,c5,248
371,c5,77
372,c234,351
373,c5,499
374,c234,191
375,c1,1051
376,c1,402
377,c1,202
378,c5,683
379,c5,993
380,c5,444
381,c1,792
382,c5,687
383,c1,1130
384,c5,117
385,c234,574
386,c5,167
387,c5,672
388,c5,429
389,c234,575
390,c5,158
391,c5,226
392,c1,629
393,c234,228
394,c1,682
395,c5,47
396,c234,1094
397,c1,162
398,c5,492
399,c234,399
400,c1,132
401,c234,791
402,c234,706
403,c234,558
404,c5,522
405,c234,770
406,c1,1193
407,c1,394
408,c5,116
409,c1,31
410,c234,57
411,c5,465
412,c1,264
413,c1,302
414,c234,451
415,c234,184
416,c1,1103
417,c234,229
418,c234,2347
419,c1,131
420,c5,14
421,c1,1040
422,c1,805
423,c1,427
424,c1,107
425,c1,501
426,c1,737
427,c1,630
428,c1,1759
429,c1,207
430,c234,1052
431,c5,1397
432,c234,668
433,c234,900
434,c5,311
435,c1,80
436,c1,256
437,c1,725
438,c234,73
439,c5,164
440,c1,516
441,c1,473
442,c1,277
443,c234,435
444,c234,1766
445,c5,106
446,c1,288
447,c234,339
448,c234,153
449,c5,1984
450,c5,355
451,c1,883
452,c5,616
453,c234,284
454,c1,675
455,c5,1361
456,c5,526
457,c234,563
458,c1,418
459,c234,755
460,c1,1357
461,c5,339
462,c234,327
463,c1,669
464,c234,287
465,c5,491
466,c5,101
467,c234,47
468,c1,486
469,c1,89
470,c234,581
471,c5,40
472,c1,631
473,c234,146
474,c5,42
475,c1,472
476,c1,543
477,c234,1218
478,c1,472
479,c1,575
480,c234,225
481,c234,82
482,c5,869
483,c5,838
484,c1,287
485,c5,1123
486,c1,300
487,c234,681
488,c234,184
489,c5,88
490,c5,52
491,c234,111
492,c234,429
493,c1,369
494,c234,373
495,c234,88
496,c234,35
497,c5,105
498,c234,376
499,c1,1199
500,c234,552
501,c1,429
502,c5,260
503,c1,267
504,c1,392
505,c5,969
506,c5,132
507,c234,129
508,c234,147
509,c234,35
510,c5,22
511,c5,263
512,c1,341
513,c5,75
514,c234,406
515,c5,945
516,c234,33
517,c5,317
518,c234,75
519,c1,460
520,c1,119
521,c1,149
522,c1,197
523,c5,100
524,c5,625
525,c5,166
526,c5,79
527,c1,405
528,c1,287
529,c1,1040
530,c5,806
531,c5,226
532,c1,260
533,c5,93
534,c1,78
535,c1,620
536,c234,428
537,c5,38
538,c5,139
539,c1,117
540,c5,335
541,c234,266
542,c234,642
543,c234,104
544,c234,344
545,c1,59
546,c1,288
547,c1,105
548,c234,346
549,c1,609
550,c5,445
551,c234,566
552,c1,92
553,c234,94
554,c5,866
555,c234,169
556,c234,243
557,c1,1255
558,c5,454
559,c1,244
560,c1,1311
561,c234,66
562,c1,728
563,c5,330
564,c1,75
565,c234,179
566,c234,241
567,c234,1061
568,c1,477
569,c5,82
570,c5,65
571,c5,247
572,c5,459
573,c1,566
574,c234,1304
575,c5,266
576,c234,379
577,c5,68
578,c5,207
579,c1,495
580,c5,357
581,c234,763
582,c1,259
583,c5,80
584,c1,465
585,c234,141
586,c234,717
587,c1,241
588,c1,1765
589,c1,513
590,c5,42
591,c234,175
592,c234,467
593,c234,175
594,c1,604
595,c1,245
596,c1,304
597,c1,957
598,c5,278
599,c1,370
600,c5,25
601,c234,238
602,c5,72
603,c5,605
604,c234,542
605,c234,554
606,c1,269
607,c5,251
608,c1,769
609,c5,278
610,c1,346
611,c5,121
612,c5,141
613,c1,126
614,c234,189
615,c1,537
616,c5,239
617,c234,1231
618,c1,168
619,c5,499
620,c5,169
621,c234,156
622,c5,395
623,c234,191
624,c1,52
625,c5,23
626,c5,1420
627,c234,1513
628,c1,690
629,c234,140
630,c234,358
631,c234,93
632,c1,486
633,c1,555
634,c234,42
635,c5,208
636,c234,510
637,c1,205
638,c1,194
639,c1,395
640,c5,598
641,c1,67
642,c5,862
643,c234,22
644,c5,495
645,c234,646
646,c234,661
647,c5,36
648,c1,281
649,c234,79
650,c5,103
651,c1,549
652,c1,518
653,c234,623
654,c234,277
655,c234,615
656,c5,134
657,c234,988
658,c1,377
659,c234,212
660,c5,178
661,c5,77
662,c1,385
663,c5,50
664,c1,119
665,c5,167
666,c234,328
667,c5,69
668,c1,508
669,c5,85
670,c234,286
671,c234,38
672,c234,327
673,c234,683
674,c1,602
675,c5,264
676,c1,270
677,c1,564
678,c5,136
679,c234,394
680,c1,39
681,c1,433
682,c1,473
683,c5,12
684,c234,1862
685,c5,1037
686,c5,29
687,c234,144
688,c1,268
689,c234,650
690,c5,284
691,c234,257
692,c5,451
693,c234,539
694,c5,81
695,c234,271
696,c234,318
697,c234,300
698,c5,69
699,c5,74
700,c234,240
701,c5,307
702,c234,606
703,c234,262
704,c1,272
705,c1,215
706,c234,206
707,c1,312
708,c5,406
709,c1,397
710,c1,488
711,c5,371
712,c1,614
713,c234,389
714,c5,176
715,c234,61
716,c234,99
717,c5,97
718,c5,176
719,c5,706
720,c1,1659
721,c5,316
722,c234,196
723,c234,625
724,c5,2367
725,c234,303
726,c5,2544
727,c1,51
728,c1,170
729,c1,99
730,c5,164
731,c5,310
732,c1,459
733,c1,598
734,c234,121
735,c234,130
736,c5,398
737,c234,86
738,c5,434
739,c1,492
740,c234,198
741,c5,77
742,c1,149
743,c234,302
744,c5,342
745,c1,465
746,c5,414
747,c1,367
748,c1,41
749,c234,27
750,c5,225
751,c5,274
752,c234,622
753,c1,125
754,c5,688
755,c1,245
756,c234,73
757,c234,223
758,c5,34
759,c1,434
760,c234,415
761,c1,1292
762,c1,140
763,c1,132
764,c234,324
765,c1,622
766,c234,87
767,c5,1733
768,c1,595
769,c5,148
770,c234,474
771,c5,48
772,c5,200
773,c5,124
774,c1,91
775,c234,314
776,c1,593
777,c5,212
778,c5,278
779,c234,428
780,c5,924
781,c1,470
782,c234,457
783,c5,441
784,c234,922
785,c1,886
786,c234,581
787,c1,104
788,c234,294
789,c234,63
790,c234,400
791,c234,195
792,c234,347
793,c1,101
794,c1,1356
795,c5,61
796,c5,255
797,c5,349
798,c1,811
799,c234,300
800,c234,260
801,c234,320
802,c5,204
803,c234,207
804,c5,204
805,c1,313
806,c1,91
807,c5,613
808,c234,273
809,c5,322
810,c5,323
811,c1,643
812,c1,165
813,c5,105
814,c5,471
815,c1,276
816,c5,287
817,c5,69
818,c5,593
819,c5,588
820,c5,81
821,c234,604
822,c1,1690
823,c5,71
824,c1,284
825,c234,171
826,c5,136
827,c5,544
828,c234,428
829,c1,281
830,c5,544
831,c234,51
832,c1,136
833,c234,254
834,c234,437
835,c5,366
836,c234,453
837,c234,132
838,c5,1044
839,c5,36
840,c5,68
841,c234,701
842,c5,291
843,c5,67
844,c5,52
845,c1,669
846,c234,2940
847,c1,180
848,c234,253
849,c5,54
850,c1,622
851,c5,545
852,c1,224
853,c5,536
854,c234,412
855,c234,710
856,c1,178
857,c234,205
858,c1,138
859,c5,290
860,c1,1637
861,c1,568
862,c234,909
863,c1,161
864,c1,465
865,c5,155
866,c5,52
867,c5,232
868,c1,207
869,c1,132
870,c1,143
871,c5,489
872,c234,197
873,c5,302
874,c234,589
875,c1,535
876,c5,117
877,c5,223
878,c5,318
879,c234,40
880,c1,131
881,c234,994
882,c1,201
883,c5,152
884,c234,448
885,c5,240
886,c5,485
887,c234,159
888,c1,456
889,c5,174
890,c1,116
891,c5,329
892,c234,238
893,c234,333
894,c1,155
895,c5,59
896,c1,347
897,c1,571
898,c234,73
899,c5,561
900,c5,404
901,c234,803
902,c1,135
903,c5,70
904,c1,709
905,c1,122
906,c5,80
907,c234,685
908,c5,49
909,c5,270
910,c5,259
911,c5,396
912,c5,214
913,c1,135
914,c5,164
915,c1,502
916,c234,646
917,c5,139
918,c1,275
919,c1,97
920,c234,191
921,c234,126
922,c234,80
923,c234,449
924,c234,281
925,c1,753
926,c5,396
927,c5,154
928,c234,526
929,c1,93
930,c1,415
931,c1,23
932,c234,476
933,c234,276
934,c234,307
935,c5,155
936,c5,39
937,c234,200
938,c234,248
939,c1,524
940,c1,431
941,c1,815
942,c1,119
943,c5,155
944,c1,18
945,c5,345
946,c1,10
947,c5,71
948,c234,204
949,c234,410
950,c234,866
951,c234,166
952,c234,1042
953,c1,396
954,c1,142
955,c234,199
956,c5,102
957,c1,70
958,c1,180
959,c1,266
960,c5,720
961,c234,507
962,c5,70
963,c234,104
964,c1,289
965,c234,541
966,c1,948
967,c1,352
968,c5,364
969,c5,625
970,c1,928
971,c5,480
972,c1,333
973,c1,222
974,c5,169
975,c1,136
976,c1,134
977,c5,21
978,c234,469
979,c5,232
980,c5,48
981,c5,78
982,c1,132
983,c234,41
984,c1,417
985,c1,416
986,c234,550
987,c1,125
988,c234,88
989,c234,767
990,c234,456
991,c1,283
992,c234,246
993,c234,622
994,c5,1002
995,c1,107
996,c234,455
997,c234,196
998,c234,415
999,c5,63
1000,c234,707
1001,c234,1420
1002,c1,460
1003,c234,636
1004,c1,173
1005,c234,339
1006,c1,792
1007,c5,439
1008,c1,429
1009,c234,330
1010,c5,196
1011,c234,879
1012,c234,930
1013,c1,135
1014,c5,36
1015,c234,32
1016,c1,155
1017,c5,879
1018,c234,386
1019,c1,117
1020,c1,14
1021,c1,131
1022,c234,88
1023,c234,605
1024,c234,721
1025,c5,380
1026,c5,88
1027,c1,158
1028,c1,440
1029,c1,836
1030,c5,293
1031,c5,371
1032,c1,606
1033,c1,33
1034,c1,222
1035,c234,228
1036,c5,133
1037,c234,1086
1038,c1,166
1039,c5,288
1040,c5,13
1041,c5,501
1042,c1,639
1043,c234,2688
1044,c1,57
1045,c1,222
1046,c234,367
1047,c234,214
1048,c5,795
1049,c1,419
1050,c1,90
1051,c5,2094
1052,c234,129
1053,c1,40
1054,c5,643
1055,c234,312
1056,c1,1074
1057,c234,269
1058,c234,396
1059,c5,738
1060,c234,159
1061,c5,519
1062,c5,216
1063,c234,333
1064,c1,256
1065,c5,102
1066,c234,365
1067,c234,213
1068,c5,239
1069,c234,869
1070,c1,65
1071,c5,601
1072,c1,68
1073,c1,122
1074,c1,127
1075,c234,316
1076,c1,222
1077,c5,448
1078,c1,155
1079,c5,324
1080,c5,584
1081,c234,1073
1082,c1,501
1083,c1,43
1084,c1,296
1085,c234,439
1086,c1,334
1087,c234,122
1088,c234,477
1089,c1,390
1090,c1,362
1091,c5,339
1092,c234,199
1093,c5,210
1094,c1,132
1095,c1,222
1096,c5,149
1097,c5,697
1098,c234,95
1099,c234,396
1100,c234,782
1101,c5,125
1102,c234,150
1103,c1,429
1104,c5,378
1105,c5,39
1106,c234,380
1107,c234,121
1108,c234,13
1109,c234,111
1110,c1,198
1111,c234,811
1112,c5,192
1113,c234,286
1114,c1,274
1115,c1,92
1116,c234,415
1117,c5,186
1118,c1,622
1119,c1,929
1120,c234,115
1121,c234,188
1122,c234,176
1123,c234,132
1124,c234,1126
1125,c1,167
1126,c5,207
1127,c5,268
1128,c234,304
1129,c234,1051
1130,c1,73
1131,c1,446
1132,c1,651
1133,c234,411
1134,c5,98
1135,c234,32
1136,c1,382
1137,c234,268
1138,c234,404
1139,c5,116
1140,c5,257
1141,c1,57
1142,c5,1039
1143,c1,302
1144,c5,118
1145,c234,741
1146,c1,1256
1147,c234,422
1148,c1,261
1149,c1,1419
1150,c1,432
1151,c234,929
1152,c5,444
1153,c5,44
1154,c1,669
1155,c5,120
1156,c234,555
1157,c234,174
1158,c234,375
1159,c234,106
1160,c5,125
1161,c234,807
1162,c5,419
1163,c234,477
1164,c5,933
1165,c234,343
1166,c5,130
1167,c1,263
1168,c234,125
1169,c5,1036
1170,c5,764
1171,c5,839
1172,c5,175
1173,c234,1018
1174,c1,185
1175,c5,66
1176,c234,435
1177,c1,952
1178,c5,150
1179,c5,298
1180,c5,78
1181,c234,78
1182,c234,805
1183,c5,246
1184,c234,608
1185,c234,608
1186,c5,393
1187,c1,133
1188,c234,148
1189,c1,132
1190,c234,310
1191,c5,8
1192,c1,912
1193,c1,470
1194,c234,254
1195,c234,648
1196,c5,156
1197,c5,95
1198,c1,174
1199,c5,89
1200,c5,271
1201,c234,144
1202,c234,376
1203,c234,56
1204,c234,673
1205,c1,591
1206,c234,68
1207,c5,611
1208,c5,527
1209,c5,56
1210,c5,133
1211,c5,99
1212,c1,825
1213,c234,292
1214,c5,147
1215,c1,640
1216,c234,69
1217,c1,301
1218,c5,208
1219,c234,1151
1220,c5,361
1221,c1,151
1222,c1,143
1223,c234,1265
1224,c234,83
1225,c1,395
1226,c5,420
1227,c5,70
1228,c234,199
1229,c234,99
1230,c5,259
1231,c5,60
1232,c5,134
1233,c1,136
1234,c5,124
1235,c5,100
1236,c5,598
1237,c234,183
1238,c1,537
1239,c5,397
1240,c1,1770
1241,c5,130
1242,c5,499
1243,c234,916
1244,c5,2314
1245,c5,204
1246,c5,418
1247,c5,366
1248,c1,914
1249,c1,191
1250,c234,1201
1251,c5,150
1252,c234,277
1253,c234,189
1254,c5,478
1255,c234,312
1256,c234,132
1257,c1,101
1258,c234,20
1259,c234,434
1260,c234,368
1261,c5,597
1262,c5,587
1263,c5,343
1264,c1,169
1265,c234,413
1266,c234,27
1267,c5,101
1268,c5,233
1269,c5,107
1270,c234,842
1271,c5,192
1272,c5,213
1273,c1,47
1274,c5,98
1275,c234,181
1276,c1,232
1277,c234,23
1278,c5,59
1279,c234,130
1280,c1,113
1281,c1,299
1282,c5,166
1283,c234,899
1284,c1,408
1285,c5,363
1286,c234,920
1287,c1,301
1288,c1,548
1289,c234,34
1290,c234,184
1291,c5,400
1292,c1,184
1293,c234,693
1294,c234,1090
1295,c5,807
1296,c1,54
1297,c234,124
1298,c5,300
1299,c1,170
1300,c234,45
1301,c5,951
1302,c5,65
1303,c234,93
1304,c1,695
1305,c1,426
1306,c234,884
1307,c1,115
1308,c234,529
1309,c234,78
1310,c1,535
1311,c1,153
1312,c5,34
1313,c234,179
1314,c5,414
1315,c234,112
1316,c1,146
1317,c1,206
1318,c1,332
1319,c1,228
1320,c234,280
1321,c5,673
1322,c5,112
1323,c5,106
1324,c234,294
1325,c1,49
1326,c234,215
1327,c1,200
1328,c5,216
1329,c5,43
1330,c5,1325
1331,c1,699
1332,c234,447
1333,c5,194
1334,c5,59
1335,c1,58
1336,c1,83
1337,c5,173
1338,c234,234
1339,c1,152
1340,c5,65
1341,c1,536
1342,c234,498
1343,c234,264
1344,c234,75
1345,c5,309
1346,c5,76
1347,c234,364
1348,c5,830
1349,c5,174
1350,c5,329
1351,c1,1131
1352,c5,171
1353,c234,240
1354,c5,529
1355,c234,58
1356,c234,41
1357,c234,1260
1358,c1,260
1359,c5,68
1360,c5,45
1361,c5,257
1362,c1,237
1363,c1,150
1364,c1,96
1365,c1,287
1366,c5,62
1367,c234,200
1368,c1,453
1369,c1,111
1370,c1,244
1371,c5,436
1372,c5,355
1373,c5,911
1374,c234,1089
1375,c1,694
1376,c1,116
1377,c234,35
1378,c5,320
1379,c1,72
1380,c1,589
1381,c234,1049
1382,c1,1028
1383,c234,64
1384,c1,510
1385,c234,711
1386,c5,132
1387,c5,625
1388,c234,1070
1389,c234,215
1390,c1,742
1391,c1,88
1392,c234,549
1393,c234,832
1394,c234,606
1395,c1,175
1396,c1,59
1397,c234,428
1398,c234,31
1399,c5,146
1400,c5,132
1401,c234,1572
1402,c5,42
1403,c5,816
1404,c5,175
1405,c1,433
1406,c1,241
1407,c1,59
1408,c5,51
1409,c5,342
1410,c234,516
1411,c234,264
1412,c5,79
1413,c5,47
1414,c5,91
1415,c1,86
1416,c5,96
1417,c5,427
1418,c234,81
1419,c1,1032
1420,c5,284
1421,c5,604
1422,c1,561
1423,c234,356
1424,c5,174
1425,c234,62
1426,c5,102
1427,c5,1062
1428,c1,709
1429,c234,474
1430,c5,131
1431,c5,218
1432,c234,696
1433,c5,134
1434,c1,537
1435,c5,720
1436,c234,96
1437,c1,440
1438,c1,585
1439,c234,157
1440,c5,192
1441,c5,811
1442,c5,284
1443,c5,498
1444,c234,379
1445,c5,288
1446,c5,69
1447,c5,1062
1448,c5,283
1449,c5,173
1450,c1,164
1451,c1,242
1452,c5,344
1453,c234,77
1454,c1,371
1455,c234,768
1456,c1,315
1457,c234,136
1458,c234,204
1459,c234,197
1460,c234,479
1461,c234,377
1462,c5,376
1463,c234,225
1464,c1,143
1465,c234,161
1466,c1,211
1467,c5,201
1468,c1,70
1469,c5,259
1470,c1,350
1471,c1,758
1472,c5,935
1473,c5,1184
1474,c234,370
1475,c1,370
1476,c1,44
1477,c234,388
1478,c234,413
1479,c1,320
1480,c1,1101
1481,c234,176
1482,c1,51
1483,c1,85
1484,c1,655
1485,c234,447
1486,c5,153
1487,c5,150
1488,c234,291
1489,c5,177
1490,c1,10
1491,c1,1120
1492,c234,1077
1493,c5,222
1494,c5,89
1495,c1,181
1496,c234,1283
1497,c5,229
1498,c5,302
1499,c234,644
1500,c234,431
1501,c5,122
1502,c234,94
1503,c234,150
1504,c234,359
1505,c1,764
1506,c5,115
1507,c1,293
1508,c5,302
1509,c5,413
1510,c5,830
1511,c234,406
1512,c1,122
1513,c1,80
1514,c5,29
1515,c1,386
1516,c5,1434
1517,c5,1521
1518,c1,476
1519,c5,1000
1520,c5,247
1521,c5,605
1522,c234,554
1523,c5,114
1524,c5,45
1525,c5,335
1526,c234,1257
1527,c1,242
1528,c1,476
1529,c5,169
1530,c5,31
1531,c234,948
1532,c234,132
1533,c5,211
1534,c1,110
1535,c1,1131
1536,c5,218
1537,c1,81
1538,c1,366
1539,c1,656
1540,c1,1869
1541,c1,345
1542,c5,247
1543,c1,1071
1544,c5,172
1545,c1,245
1546,c5,240
1547,c5,36
1548,c1,132
1549,c5,58
1550,c234,420
1551,c234,108
1552,c1,1772
1553,c1,277
1554,c234,534
1555,c5,309
1556,c1,333
1557,c5,493
1558,c234,110
1559,c5,169
1560,c234,234
1561,c5,170
1562,c5,282
1563,c1,176
1564,c5,227
1565,c5,114
1566,c5,233
1567,c1,494
1568,c234,201
1569,c5,144
1570,c5,165
1571,c5,3726
1572,c5,47
1573,c5,361
1574,c5,24
1575,c5,134
1576,c234,388
1577,c5,193
1578,c1,472
1579,c1,128
1580,c5,238
1581,c5,38
1582,c5,168
1583,c1,65
1584,c234,92
1585,c234,242
1586,c5,310
1587,c234,110
1588,c5,432
1589,c1,396
1590,c234,603
1591,c5,330
1592,c234,149
1593,c234,35
1594,c234,27
1595,c234,372
1596,c234,552
1597,c234,14
1598,c5,497
1599,c5,120
1600,c5,169
1601,c5,221
1602,c234,85
1603,c234,458
1604,c1,376
1605,c5,70
1606,c1,176
1607,c234,180
1608,c1,384
1609,c5,326
1610,c1,146
1611,c5,73
1612,c1,285
1613,c1,1256
1614,c234,48
1615,c1,409
1616,c234,171
1617,c1,506
1618,c234,1460
1619,c5,117
1620,c234,110
1621,c234,441
1622,c5,81
1623,c1,347
1624,c1,62
1625,c5,184
1626,c5,184
1627,c5,1506
1628,c5,122
1629,c234,92
1630,c5,210
1631,c1,456
1632,c234,494
1633,c5,75
1634,c5,654
1635,c234,140
1636,c5,215
1637,c5,418
1638,c5,973
1639,c1,191
1640,c234,268
1641,c5,99
1642,c234,309
1643,c234,940
1644,c1,216
1645,c5,429
1646,c5,645
1647,c5,243
1648,c1,136
1649,c1,374
1650,c5,107
1651,c1,537
1652,c234,46
1653,c234,336
1654,c5,331
1655,c5,208
1656,c5,81
1657,c234,24
1658,c234,46
1659,c1,576
1660,c1,367
1661,c234,272
1662,c5,639
1663,c234,104
1664,c5,111
1665,c234,230
1666,c5,180
1667,c1,540
1668,c234,80
1669,c234,1488
1670,c1,199
1671,c1,26
1672,c5,238
1673,c234,286
1674,c1,148
1675,c5,61
1676,c1,401
1677,c234,41
1678,c234,24
1679,c234,794
1680,c5,751
1681,c234,1061
1682,c5,165
1683,c234,1184
1684,c1,107
1685,c1,186
1686,c1,719
1687,c234,384
1688,c1,525
1689,c1,278
1690,c5,477
1691,c1,1190
1692,c5,80
1693,c234,216
1694,c1,424
1695,c234,203
1696,c5,436
1697,c5,274
1698,c234,268
1699,c234,171
1700,c1,1243
1701,c5,170
1702,c234,127
1703,c234,143
1704,c5,27
1705,c1,220
1706,c234,154
1707,c5,286
1708,c1,477
1709,c1,304
1710,c234,181
1711,c5,183
1712,c234,168
1713,c234,509
1714,c5,378
1715,c1,413
1716,c5,138
1717,c5,101
1718,c234,118
1719,c5,331
1720,c1,33
1721,c234,420
1722,c1,158
1723,c234,120
1724,c5,509
1725,c234,255
1726,c234,1913
1727,c234,708
1728,c234,159
1729,c5,229
1730,c234,548
1731,c234,93
1732,c5,490
1733,c234,568
1734,c1,377
1735,c1,1309
1736,c1,299
1737,c1,867
1738,c234,244
1739,c5,144
1740,c1,39
1741,c234,290
1742,c5,500
1743,c234,294
1744,c234,615
1745,c234,480
1746,c234,234
1747,c234,940
1748,c234,113
1749,c5,64
1750,c5,248
1751,c234,75
1752,c5,55
1753,c1,120
1754,c5,198
1755,c234,614
1756,c234,127
1757,c1,443
1758,c1,1123
1759,c234,892
1760,c234,138
1761,c234,378
1762,c1,672
1763,c234,79
1764,c5,172
1765,c5,295
1766,c5,114
1767,c1,195
1768,c1,193
1769,c5,100
1770,c234,1240
1771,c5,107
1772,c5,477
1773,c5,84
1774,c234,913
1775,c234,328
1776,c5,79
1777,c234,156
1778,c5,65
1779,c5,408
1780,c1,392
1781,c234,423
1782,c5,876
1783,c1,333
1784,c5,195
1785,c5,91
1786,c1,246
1787,c1,329
1788,c5,30
1789,c5,2839
1790,c234,1685
1791,c5,27
1792,c234,240
1793,c1,76
1794,c1,380
1795,c1,281
1796,c5,413
1797,c234,9
1798,c1,603
1799,c5,300
1800,c5,349
1801,c234,114
1802,c5,61
1803,c5,155
1804,c234,892
1805,c1,175
1806,c5,877
1807,c5,67
1808,c5,179
1809,c5,342
1810,c5,705
1811,c5,362
1812,c1,432
1813,c234,235
1814,c5,273
1815,c5,145
1816,c234,652
1817,c5,150
1818,c234,439
1819,c5,406
1820,c5,173
1821,c1,106
1822,c5,174
1823,c5,131
1824,c1,498
1825,c5,568
1826,c234,406
1827,c234,145
1828,c1,1039
1829,c1,1049
1830,c234,476
1831,c5,136
1832,c1,287
1833,c234,80
1834,c234,362
1835,c1,359
1836,c234,460
1837,c234,522
1838,c234,603
1839,c234,77
1840,c1,616
1841,c5,285
1842,c234,249
1843,c234,297
1844,c1,70
1845,c1,460
1846,c5,882
1847,c1,70
1848,c234,386
1849,c234,938
1850,c1,92
1851,c234,190
1852,c1,259
1853,c234,101
1854,c1,43
1855,c234,614
1856,c234,182
1857,c234,570
1858,c1,138
1859,c1,995
1860,c234,639
1861,c234,131
1862,c1,634
1863,c234,1285
1864,c5,394
1865,c1,748
1866,c234,632
1867,c1,81
1868,c234,346
1869,c1,411
1870,c1,343
1871,c234,46
1872,c234,344
1873,c1,75
1874,c234,174
1875,c234,277
1876,c5,61
1877,c1,31
1878,c5,422
1879,c5,1663
1880,c234,471
1881,c234,188
1882,c5,840
1883,c5,743
1884,c1,305
1885,c5,945
1886,c1,1151
1887,c234,296
1888,c234,70
1889,c1,906
1890,c234,227
1891,c5,47
1892,c1,278
1893,c5,131
1894,c1,134
1895,c5,654
1896,c5,808
1897,c1,880
1898,c1,55
1899,c5,38
1900,c234,1052
1901,c5,231
1902,c234,587
1903,c234,660
1904,c1,333
1905,c1,611
1906,c234,452
1907,c1,607
1908,c234,252
1909,c234,178
1910,c234,42
1911,c234,1272
1912,c234,264
1913,c5,111
1914,c5,92
1915,c1,224
1916,c234,20
1917,c234,317
1918,c234,80
1919,c1,615
1920,c1,128
1921,c1,509
1922,c5,942
1923,c5,175
1924,c1,143
1925,c234,101
1926,c234,557
1927,c234,175
1928,c234,404
1929,c234,783
1930,c234,635
1931,c1,506
1932,c234,235
1933,c1,545
1934,c234,191
1935,c5,284
1936,c1,158
1937,c234,94
1938,c1,99
1939,c1,240
1940,c1,211
1941,c1,81
1942,c5,128
1943,c1,10
1944,c1,1022
1945,c5,2426
1946,c234,243
1947,c5,33
1948,c5,338
1949,c234,624
1950,c5,86
1951,c234,541
1952,c5,308
1953,c234,145
1954,c1,546
1955,c1,569
1956,c5,372
1957,c1,786
1958,c234,897
1959,c234,61
1960,c234,383
1961,c5,375
1962,c234,768
1963,c5,77
1964,c5,442
1965,c5,47
1966,c5,73
1967,c1,22
1968,c5,346
1969,c5,242
1970,c234,608
1971,c234,621
1972,c1,773
1973,c1,90
1974,c1,420
1975,c234,1725
1976,c234,142
1977,c1,29
1978,c5,156
1979,c234,1705
1980,c234,393
1981,c1,308
1982,c5,400
1983,c234,2180
1984,c234,439
1985,c1,115
1986,c234,1066
1987,c234,222
1988,c1,1097
1989,c1,14
1990,c234,768
1991,c5,251
1992,c1,70
1993,c1,22
1994,c5,388
1995,c5,313
1996,c5,228
1997,c234,239
1998,c5,426
1999,c234,211
2000,c1,829
2001,c5,503
2002,c1,484
2003,c1,30
2004,c5,425
2005,c5,116
2006,c5,129
2007,c1,778
2008,c234,22
2009,c234,478
2010,c234,430
2011,c5,63
2012,c1,429
2013,c5,61
2014,c1,949
2015,c234,700
2016,c1,409
2017,c5,145
2018,c234,501
2019,c1,91
2020,c5,196
2021,c234,31
2022,c5,187
2023,c5,412
2024,c234,297
2025,c234,612
2026,c5,116
2027,c1,207
2028,c234,476
2029,c234,593
2030,c5,418
2031,c1,121
2032,c1,1778
2033,c1,269
2034,c1,652
2035,c5,291
2036,c1,419
2037,c5,187
2038,c5,134
2039,c234,114
2040,c5,266
2041,c1,280
2042,c1,181
2043,c5,397
2044,c5,208
2045,c234,324
2046,c234,1066
2047,c234,286
2048,c5,158
2049,c234,90
2050,c234,91
2051,c5,826
2052,c1,353
2053,c5,470
2054,c234,292
2055,c5,184
2056,c1,780
2057,c1,71
2058,c234,250
2059,c234,223
2060,c5,111
2061,c1,141
2062,c5,413
2063,c234,327
2064,c5,266
2065,c234,210
2066,c5,174
2067,c1,138
2068,c1,352
2069,c1,161
2070,c5,339
2071,c5,84
2072,c1,424
2073,c234,93
2074,c234,1046
2075,c5,215
2076,c1,166
2077,c5,301
2078,c1,38
2079,c1,126
2080,c5,150
2081,c1,144
2082,c5,265
2083,c5,316
2084,c234,228
2085,c5,133
2086,c5,451
2087,c5,68
2088,c5,758
2089,c234,718
2090,c234,1565
2091,c234,130
2092,c5,235
2093,c1,482
2094,c1,36
2095,c1,2739
2096,c1,382
2097,c5,102
2098,c234,220
2099,c1,389
2100,c1,568
2101,c5,129
2102,c1,100
2103,c1,109
2104,c5,38
2105,c1,415
2106,c5,59
2107,c1,389
2108,c234,507
2109,c234,89
2110,c1,57
2111,c234,302
2112,c1,396
2113,c1,2366
2114,c1,646
2115,c1,1604
2116,c1,449
2117,c234,628
2118,c5,117
2119,c234,909
2120,c5,444
2121,c1,349
2122,c5,43
2123,c234,311
2124,c234,251
2125,c1,531
2126,c1,444
2127,c5,149
2128,c5,48
2129,c234,420
2130,c1,332
2131,c1,121
2132,c234,263
2133,c234,365
2134,c1,150
2135,c5,349
2136,c1,529
2137,c5,55
2138,c5,119
2139,c5,272
2140,c234,664
2141,c1,907
2142,c5,176
2143,c5,116
2144,c1,90
2145,c234,267
2146,c234,981
2147,c234,467
2148,c5,197
2149,c234,467
2150,c234,1083
2151,c5,504
2152,c1,195
2153,c1,255
2154,c5,52
2155,c1,301
2156,c234,284
2157,c1,920
2158,c234,168
2159,c1,222
2160,c234,68
2161,c5,154
2162,c1,401
2163,c234,143
2164,c1,53
2165,c1,63
2166,c1,354
2167,c5,77
2168,c234,534
2169,c234,540
2170,c5,44
2171,c234,569
2172,c234,744
2173,c234,538
2174,c1,344
2175,c5,202
2176,c234,224
2177,c5,21
2178,c1,77
2179,c5,115
2180,c234,59
2181,c1,340
2182,c234,145
2183,c234,532
2184,c234,483
2185,c5,151
2186,c5,669
2187,c5,1157
2188,c234,29
2189,c5,199
2190,c5,127
2191,c234,272
2192,c5,1386
2193,c5,634
2194,c5,1540
2195,c5,65
2196,c1,823
2197,c1,432
2198,c5,56
2199,c5,258
2200,c5,71
2201,c1,186
2202,c1,70
2203,c234,294
2204,c1,75
2205,c234,129
2206,c234,1298
2207,c5,138
2208,c5,508
2209,c1,253
2210,c234,374
2211,c234,628
2212,c1,400
2213,c5,1001
2214,c234,411
2215,c5,243
2216,c234,111
2217,c1,57
2218,c1,214
2219,c1,563
2220,c5,270
2221,c5,263
2222,c5,333
2223,c234,915
2224,c5,75
2225,c234,137
2226,c1,87
2227,c234,2516
2228,c1,669
2229,c5,86
2230,c5,186
2231,c1,109
2232,c234,342
2233,c5,73
2234,c5,70
2235,c234,141
2236,c234,219
2237,c1,628
2238,c5,252
2239,c234,409
2240,c234,443
2241,c5,142
2242,c5,187
2243,c1,397
2244,c1,133
2245,c234,842
2246,c1,1254
2247,c234,162
2248,c1,582
2249,c5,426
2250,c1,703
2251,c5,179
2252,c234,128
2253,c1,402
2254,c234,392
2255,c234,430
2256,c5,461
2257,c1,986
2258,c5,311
2259,c5,169
2260,c1,122
2261,c1,246
2262,c234,18
2263,c1,135
2264,c1,332
2265,c5,194
2266,c234,568
2267,c234,165
2268,c1,278
2269,c234,170
2270,c1,698
2271,c5,240
2272,c234,1608
2273,c1,144
2274,c5,628
2275,c5,193
2276,c234,1192
2277,c234,193
2278,c5,473
2279,c1,291
2280,c234,15
2281,c1,70
2282,c234,130
2283,c1,1049
2284,c1,150
2285,c234,415
2286,c1,61
2287,c5,1582
2288,c1,124
2289,c234,300
2290,c234,501
2291,c234,987
2292,c5,921
2293,c234,212
2294,c234,58
2295,c234,494
2296,c1,44
2297,c5,183
2298,c234,138
2299,c234,79
2300,c5,714
2301,c1,1057
2302,c1,1303
2303,c1,36
2304,c1,91
2305,c5,395
2306,c1,813
2307,c5,523
2308,c234,468
2309,c234,336
2310,c1,179
2311,c5,169
2312,c234,106
2313,c5,141
2314,c5,921
2315,c5,331
2316,c5,257
2317,c234,335
2318,c1,1089
2319,c5,506
2320,c234,660
2321,c1,434
2322,c234,272
2323,c234,152
2324,c5,583
2325,c5,315
2326,c234,125
2327,c234,311
2328,c234,102
2329,c234,48
2330,c1,17
2331,c234,388
2332,c5,236
2333,c1,185
2334,c5,652
2335,c1,217
2336,c234,25
2337,c234,395
2338,c5,505
2339,c234,89
2340,c5,455
2341,c1,108
2342,c234,10
2343,c1,234
2344,c1,539
2345,c1,60
2346,c234,303
2347,c234,704
2348,c1,462
2349,c5,123
2350,c5,195
2351,c234,409
2352,c5,234
2353,c5,581
2354,c5,548
2355,c5,608
2356,c5,432
2357,c5,337
2358,c1,268
2359,c234,428
2360,c1,82
2361,c1,616
2362,c1,281
2363,c1,311
2364,c1,83
2365,c234,865
2366,c1,503
2367,c234,270
2368,c5,184
2369,c5,111
2370,c5,274
2371,c234,442
2372,c1,428
2373,c5,96
2374,c1,75
2375,c1,79
2376,c1,406
2377,c5,657
2378,c1,210
2379,c234,359
2380,c234,755
2381,c1,741
2382,c234,91
2383,c1,219
2384,c1,688
2385,c5,443
2386,c234,674
2387,c5,788
2388,c5,73
2389,c234,107
2390,c234,590
2391,c1,238
2392,c234,160
2393,c1,142
2394,c234,141
2395,c234,441
2396,c1,118
2397,c5,85
2398,c5,259
2399,c234,167
2400,c5,603
2401,c5,462
2402,c5,853
2403,c5,49
2404,c1,289
2405,c5,1722
2406,c1,315
2407,c234,267
2408,c5,93
2409,c234,675
2410,c1,104
2411,c1,422
2412,c234,407
2413,c5,82
2414,c5,325
2415,c5,66
2416,c1,258
2417,c1,173
2418,c1,304
2419,c1,333
2420,c5,503
2421,c234,484
2422,c5,154
2423,c5,166
2424,c5,407
2425,c234,624
2426,c5,156
2427,c1,741
2428,c5,255
2429,c5,280
2430,c1,288
2431,c5,262
2432,c1,308
2433,c1,349
2434,c5,103
2435,c5,849
2436,c234,502
2437,c1,1971
2438,c5,247
2439,c234,363
2440,c234,841
2441,c234,541
2442,c234,200
2443,c234,45
2444,c1,35
2445,c234,139
2446,c1,79
2447,c1,531
2448,c234,615
2449,c5,61
2450,c5,748
2451,c1,1314
2452,c234,32
2453,c234,511
2454,c234,636
2455,c5,398
2456,c5,1653
2457,c5,420
2458,c5,57
2459,c1,115
2460,c234,1136
2461,c234,767
2462,c234,331
2463,c234,701
2464,c5,622
2465,c234,450
2466,c5,305
2467,c5,30
2468,c1,691
2469,c5,723
2470,c1,59
2471,c5,341
2472,c5,150
2473,c234,605
2474,c234,910
2475,c234,525
2476,c1,1869
2477,c234,571
2478,c5,345
2479,c5,63
2480,c5,99
2481,c1,88
2482,c5,234
2483,c1,272
2484,c1,214
2485,c1,187
2486,c1,28
2487,c5,405
2488,c1,757
2489,c5,278
2490,c1,136
2491,c5,369
2492,c1,192
2493,c234,319
2494,c5,216
2495,c5,596
2496,c5,171
2497,c1,258
2498,c234,345
2499,c1,104
2500,c5,61
2501,c234,400
2502,c234,593
2503,c5,487
2504,c234,778
2505,c1,83
2506,c1,132
2507,c234,394
2508,c5,194
2509,c5,174
2510,c234,345
2511,c1,527
2512,c234,97
2513,c1,855
2514,c234,224
2515,c5,159
2516,c1,65
2517,c5,225
2518,c5,106
2519,c234,72
2520,c1,83
2521,c234,423
2522,c5,358
2523,c1,111
2524,c5,640
2525,c1,113
2526,c5,390
2527,c5,1730
2528,c5,201
2529,c234,699
2530,c1,355
2531,c5,380
2532,c1,260
2533,c234,315
2534,c5,362
2535,c234,85
2536,c1,309
2537,c5,263
2538,c234,50
2539,c5,265
2540,c1,23
2541,c234,16
2542,c1,133
2543,c5,324
2544,c5,134
2545,c5,474
2546,c234,35
2547,c5,219
2548,c5,212
2549,c5,253
2550,c1,383
2551,c1,239
2552,c5,895
2553,c5,464
2554,c234,153
2555,c234,241
2556,c5,379
2557,c234,340
2558,c5,243
2559,c1,131
2560,c5,132
2561,c5,397
2562,c5,572
2563,c234,16
2564,c234,154
2565,c5,317
2566,c5,264
2567,c1,75
2568,c234,223
2569,c234,226
2570,c5,253
2571,c234,69
2572,c5,285
2573,c234,208
2574,c5,962
2575,c234,622
2576,c234,311
2577,c234,176
2578,c234,422
2579,c1,577
2580,c5,622
2581,c234,422
2582,c5,346
2583,c5,315
2584,c234,1096
2585,c234,900
2586,c1,534
2587,c234,625
2588,c234,157
2589,c5,276
2590,c5,206
2591,c234,48
2592,c5,129
2593,c5,798
2594,c5,748
2595,c1,152
2596,c5,280
2597,c234,339
2598,c5,1253
2599,c234,64
2600,c234,413
2601,c234,1012
2602,c234,273
2603,c5,332
2604,c234,248
2605,c1,335
2606,c5,81
2607,c5,103
2608,c5,118
2609,c234,632
2610,c1,536
2611,c234,2820
2612,c234,1859
2613,c234,487
2614,c5,226
2615,c1,392
2616,c5,471
2617,c5,52
2618,c1,1356
2619,c234,52
2620,c1,57
2621,c5,174
2622,c1,674
2623,c234,164
2624,c5,372
2625,c5,149
2626,c1,40
2627,c1,416
2628,c234,401
2629,c234,212
2630,c5,57
2631,c234,61
2632,c234,80
2633,c234,183
2634,c5,323
2635,c1,274
2636,c5,578
2637,c5,185
2638,c234,65
2639,c234,426
2640,c234,709
2641,c5,304
2642,c1,144
2643,c1,147
2644,c1,452
2645,c5,873
2646,c1,1516
2647,c1,96
2648,c1,1523
2649,c234,356
2650,c234,62
2651,c234,1577
2652,c234,421
2653,c5,154
2654,c5,220
2655,c1,937
2656,c5,159
2657,c5,628
2658,c234,88
2659,c1,327
2660,c1,315
2661,c5,86
2662,c1,659
2663,c1,388
2664,c5,86
2665,c1,207
2666,c5,670
2667,c5,189
2668,c234,74
2669,c1,441
2670,c1,170
2671,c234,683
2672,c5,242
2673,c234,463
2674,c1,636
2675,c234,147
2676,c1,1579
2677,c1,779
2678,c5,75
2679,c234,703
2680,c5,49
2681,c5,723
2682,c5,608
2683,c234,14
2684,c5,480
2685,c5,502
2686,c1,122
2687,c1,526
2688,c1,189
2689,c1,557
2690,c234,185
2691,c1,603
2692,c5,30
2693,c1,73
2694,c1,764
2695,c5,309
2696,c5,652
2697,c234,320
2698,c5,49
2699,c1,622
2700,c5,277
2701,c234,791
2702,c234,56
2703,c234,355
2704,c1,205
2705,c1,488
2706,c234,72
2707,c234,170
2708,c1,59
2709,c5,217
2710,c234,417
2711,c1,416
2712,c234,145
2713,c234,101
2714,c1,158
2715,c1,622
2716,c1,357
2717,c1,166
2718,c1,519
2719,c1,105
2720,c5,10
2721,c5,68
2722,c234,100
2723,c1,50
2724,c1,259
2725,c5,349
2726,c234,1396
2727,c5,273
2728,c1,96
2729,c5,683
2730,c1,618
2731,c234,78
2732,c234,635
2733,c234,51
2734,c5,3381
2735,c5,53
2736,c5,259
2737,c5,82
2738,c5,993
2739,c1,208
2740,c5,175
2741,c1,166
2742,c1,417
2743,c5,41
2744,c5,451
2745,c5,95
2746,c1,787
2747,c234,13
2748,c234,126
2749,c5,98
2750,c1,60
2751,c234,223
2752,c1,109
2753,c1,631
2754,c5,1093
2755,c5,204
2756,c1,336
2757,c1,369
2758,c1,179
2759,c1,83
2760,c5,295
2761,c5,253
2762,c234,226
2763,c234,429
2764,c5,65
2765,c1,683
2766,c5,69
2767,c5,107
2768,c1,499
2769,c234,415
2770,c5,50
2771,c5,90
2772,c234,156
2773,c234,448
2774,c234,221
2775,c5,803
2776,c1,100
2777,c234,524
2778,c234,168
2779,c5,591
2780,c234,398
2781,c234,261
2782,c5,754
2783,c234,145
2784,c234,728
2785,c5,615
2786,c5,943
2787,c5,44
2788,c1,413
2789,c5,309
2790,c5,744
2791,c234,95
2792,c234,70
2793,c5,165
2794,c234,738
2795,c234,76
2796,c5,168
2797,c234,1245
2798,c234,79
2799,c234,760
2800,c5,180
2801,c5,149
2802,c5,157
2803,c234,318
2804,c5,545
2805,c5,178
2806,c1,429
2807,c234,680
2808,c5,936
2809,c1,209
2810,c5,109
2811,c5,73
2812,c1,159
2813,c234,779
2814,c234,47
2815,c5,56
2816,c1,55
2817,c5,959
2818,c234,144
2819,c234,470
2820,c1,41
2821,c1,216
2822,c234,2073
2823,c234,80
2824,c234,475
2825,c1,193
2826,c234,242
2827,c234,188
2828,c5,273
2829,c5,123
2830,c5,57
2831,c234,132
2832,c5,102
2833,c5,284
2834,c5,10
2835,c234,39
2836,c5,729
2837,c1,169
2838,c234,143
2839,c234,149
2840,c234,55
2841,c5,41
2842,c1,593
2843,c1,175
2844,c1,727
2845,c5,659
2846,c5,410
2847,c5,238
2848,c1,61
2849,c5,252
2850,c5,454
2851,c5,444
2852,c234,159
2853,c234,85
2854,c5,56
2855,c234,472
2856,c234,328
2857,c1,553
2858,c234,97
2859,c234,474
2860,c234,533
2861,c5,28
2862,c1,415
2863,c234,291
2864,c234,463
2865,c1,107
2866,c234,747
2867,c234,622
2868,c234,742
2869,c5,230
2870,c1,206
2871,c5,187
2872,c1,372
2873,c5,47
2874,c234,268
2875,c234,342
2876,c5,60
2877,c1,200
2878,c5,282
2879,c234,415
2880,c5,139
2881,c234,53
2882,c234,138
2883,c1,287
2884,c1,333
2885,c5,991
2886,c234,764
2887,c1,35
2888,c1,606
2889,c1,574
2890,c5,87
2891,c5,506
2892,c1,253
2893,c5,85
2894,c5,98
2895,c5,94
2896,c5,2983
2897,c5,14
2898,c5,1727
2899,c5,101
2900,c1,84
2901,c5,95
2902,c1,367
2903,c234,1204
2904,c5,246
2905,c5,52
2906,c1,156
2907,c5,404
2908,c1,1444
2909,c5,101
2910,c5,368
2911,c1,522
2912,c1,122
2913,c5,685
2914,c1,120
2915,c5,135
2916,c234,609
2917,c5,12
2918,c1,534
2919,c1,258
2920,c5,123
2921,c234,463
2922,c234,164
2923,c1,248
2924,c5,200
2925,c234,96
2926,c5,216
2927,c1,386
2928,c5,467
2929,c5,434
2930,c234,169
2931,c5,1404
2932,c1,332
2933,c1,428
2934,c1,215
2935,c1,281
2936,c234,392
2937,c234,444
2938,c234,632
2939,c5,55
2940,c5,335
2941,c1,72
2942,c234,108
2943,c5,557
2944,c234,1124
2945,c234,41
2946,c5,80
2947,c234,425
2948,c1,527
2949,c5,50
2950,c1,199
2951,c234,22
2952,c234,625
2953,c5,347
2954,c5,170
2955,c5,1560
2956,c5,53
2957,c234,2270
2958,c1,102
2959,c5,128
2960,c5,67
2961,c1,740
2962,c5,104
2963,c1,142
2964,c1,402
2965,c5,157
2966,c5,1380
2967,c234,225
2968,c234,109
2969,c5,233
2970,c5,64
2971,c5,96
2972,c234,2400
2973,c1,630
2974,c1,277
2975,c234,75
2976,c1,176
2977,c1,643
2978,c234,227
2979,c1,39
2980,c234,160
2981,c1,53
2982,c1,37
2983,c234,104
2984,c1,434
2985,c234,133
2986,c5,709
2987,c5,209
2988,c1,415
2989,c234,306
2990,c234,460
2991,c234,526
2992,c5,43
2993,c5,671
2994,c234,328
2995,c5,625
2996,c234,548
2997,c234,699
2998,c234,160
2999,c234,264
3000,c1,509
3001,c234,661
3002,c1,399
3003,c234,90
3004,c234,217
3005,c234,386
3006,c234,1321
3007,c234,131
3008,c5,650
3009,c234,25
3010,c5,11
3011,c234,277
3012,c234,237
3013,c5,231
3014,c234,1104
3015,c1,410
3016,c5,301
3017,c5,415
3018,c234,448
3019,c234,360
3020,c5,117
3021,c1,35
3022,c234,229
3023,c5,192
3024,c1,77
3025,c234,315
3026,c5,75
3027,c234,522
3028,c5,83
3029,c234,1102
3030,c234,239
3031,c1,43
3032,c234,420
3033,c1,182
3034,c234,789
3035,c1,173
3036,c1,1193
3037,c234,153
3038,c5,221
3039,c5,84
3040,c5,268
3041,c234,203
3042,c1,164
3043,c234,502
3044,c1,124
3045,c1,716
3046,c1,433
3047,c1,43
3048,c234,674
3049,c234,196
3050,c234,884
3051,c234,184
3052,c1,803
3053,c234,2795
3054,c234,60
3055,c1,132
3056,c234,204
3057,c234,873
3058,c1,351
3059,c5,200
3060,c5,394
3061,c5,326
3062,c1,170
3063,c1,338
3064,c5,283
3065,c1,734
3066,c234,73
3067,c5,401
3068,c1,622
3069,c5,162
3070,c234,181
3071,c5,76
3072,c5,295
3073,c5,48
3074,c1,40
3075,c1,163
3076,c1,9
3077,c1,10
3078,c234,234
3079,c1,672
3080,c5,67
3081,c1,459
3082,c5,71
3083,c1,380
3084,c234,166
3085,c5,96
3086,c1,263
3087,c234,711
3088,c5,1186
3089,c1,84
3090,c1,168
3091,c1,190
3092,c5,435
3093,c1,318
3094,c1,611
3095,c5,130
3096,c1,199
3097,c5,45
3098,c234,103
3099,c1,14
3100,c1,46
3101,c234,258
3102,c234,45
3103,c1,262
3104,c234,144
3105,c5,305
3106,c5,471
3107,c5,242
3108,c5,68
3109,c234,918
3110,c234,498
3111,c5,87
3112,c1,417
3113,c5,23
3114,c1,1369
3115,c234,453
3116,c1,910
3117,c234,448
3118,c1,514
3119,c234,141
3120,c5,327
3121,c234,898
3122,c1,115
3123,c1,682
3124,c234,362
3125,c5,236
3126,c234,29
3127,c234,1284
3128,c5,276
3129,c5,129
3130,c234,251
3131,c1,182
3132,c5,246
3133,c234,341
3134,c1,139
3135,c1,112
3136,c234,1333
3137,c5,545
3138,c5,172
3139,c234,615
3140,c5,671
3141,c234,95
3142,c1,396
3143,c234,2366
3144,c5,264
3145,c234,372
3146,c234,644
3147,c234,73
3148,c1,94
3149,c1,187
3150,c234,496
3151,c234,658
3152,c1,128
3153,c234,137
3154,c1,857
3155,c5,290
3156,c1,265
3157,c5,953
3158,c5,92
3159,c234,39
3160,c234,154
3161,c5,389
3162,c5,2169
3163,c5,55
3164,c234,138
3165,c1,114
3166,c1,934
3167,c234,324
3168,c234,395
3169,c1,132
3170,c5,248
3171,c5,36
3172,c234,899
3173,c5,349
3174,c1,374
3175,c234,692
3176,c5,365
3177,c5,746
3178,c1,192
3179,c1,1322
3180,c1,813
3181,c1,367
3182,c234,156
3183,c1,84
3184,c234,709
3185,c5,91
3186,c1,1535
3187,c5,40
3188,c5,65
3189,c234,344
3190,c5,188
3191,c5,1071
3192,c234,183
3193,c5,303
3194,c5,2447
3195,c5,41
3196,c5,156
3197,c1,358
3198,c1,683
3199,c5,634
3200,c1,630
3201,c5,163
3202,c1,54
3203,c1,383
3204,c1,111
3205,c5,789
3206,c5,356
3207,c5,471
3208,c234,248
3209,c5,827
3210,c5,284
3211,c234,254
3212,c1,120
3213,c234,135
3214,c234,738
3215,c234,380
3216,c1,31
3217,c5,179
3218,c5,18
3219,c234,358
3220,c5,432
3221,c1,56
3222,c5,354
3223,c234,256
3224,c1,309
3225,c1,1272
3226,c1,393
3227,c1,204
3228,c5,418
3229,c234,144
3230,c234,1372
3231,c234,338
3232,c234,376
3233,c234,914
3234,c234,613
3235,c5,488
3236,c1,21
3237,c5,75
3238,c5,366
3239,c234,189
3240,c5,744
3241,c5,64
3242,c5,165
3243,c234,1153
3244,c234,283
3245,c5,28
3246,c1,381
3247,c234,128
3248,c234,784
3249,c1,90
3250,c234,1594
3251,c1,590
3252,c1,366
3253,c5,160
3254,c5,44
3255,c5,178
3256,c1,174
3257,c1,122
3258,c234,89
3259,c1,1695
3260,c1,587
3261,c5,799
3262,c5,292
3263,c234,144
3264,c1,257
3265,c1,1089
3266,c234,118
3267,c5,825
3268,c5,125
3269,c1,990
3270,c5,82
3271,c5,132
3272,c5,160
3273,c234,366
3274,c1,132
3275,c1,75
3276,c1,162
3277,c1,585
3278,c5,1037
3279,c234,41
3280,c234,108
3281,c1,344
3282,c234,484
3283,c5,288
3284,c234,85
3285,c234,457
3286,c5,610
3287,c5,142
3288,c1,361
3289,c5,360
3290,c5,412
3291,c5,50
3292,c234,445
3293,c1,24
3294,c234,153
3295,c234,828
3296,c5,331
3297,c5,32
3298,c1,23
3299,c234,702
3300,c1,84
3301,c5,541
3302,c1,390
3303,c1,641
3304,c1,336
3305,c234,273
3306,c5,578
3307,c1,1497
3308,c5,307
3309,c5,120
3310,c5,338
3311,c234,176
3312,c234,172
3313,c5,74
3314,c234,208
3315,c5,651
3316,c5,393
3317,c234,352
3318,c5,22
3319,c5,588
3320,c1,12
3321,c1,131
3322,c234,62
3323,c1,257
3324,c5,175
3325,c234,25
3326,c5,693
3327,c234,611
3328,c5,66
3329,c1,186
3330,c1,275
3331,c234,430
3332,c5,430
3333,c1,483
3334,c234,1321
3335,c1,696
3336,c234,100
3337,c5,110
3338,c234,118
3339,c234,236
3340,c234,208
3341,c1,732
3342,c1,210
3343,c234,342
3344,c5,255
3345,c234,382
3346,c234,151
3347,c234,567
3348,c234,105
3349,c234,639
3350,c5,126
3351,c5,611
3352,c234,388
3353,c234,263
3354,c234,161
3355,c234,217
3356,c234,577
3357,c1,19
3358,c5,97
3359,c234,37
3360,c5,708
3361,c234,38
3362,c1,1915
3363,c1,105
3364,c234,303
3365,c234,53
3366,c1,484
3367,c234,121
3368,c1,419
3369,c234,854
3370,c234,342
3371,c234,642
3372,c234,278
3373,c234,95
3374,c234,154
3375,c5,730
3376,c5,672
3377,c1,193
3378,c5,27
3379,c5,144
3380,c1,631
3381,c5,78
3382,c1,429
3383,c234,200
3384,c234,295
3385,c234,551
3386,c5,696
3387,c234,461
3388,c234,325
3389,c1,872
3390,c1,816
3391,c5,250
3392,c1,70
3393,c234,999
3394,c1,526
3395,c234,909
3396,c234,132
3397,c234,77
3398,c1,151
3399,c5,20
3400,c234,461
3401,c234,164
3402,c5,205
3403,c234,60
3404,c234,344
3405,c1,776
3406,c5,102
3407,c5,281
3408,c234,870
3409,c5,449
3410,c5,519
3411,c1,625
3412,c1,743
3413,c1,134
3414,c1,364
3415,c234,593
3416,c5,271
3417,c5,217
3418,c234,563
3419,c234,286
3420,c5,212
3421,c234,2713
3422,c5,1263
3423,c5,568
3424,c5,525
3425,c234,580
3426,c1,633
3427,c5,86
3428,c234,56
3429,c234,264
3430,c234,721
3431,c5,489
3432,c234,522
3433,c5,58
3434,c234,160
3435,c1,250
3436,c5,129
3437,c1,674
3438,c1,582
3439,c234,400
3440,c1,390
3441,c5,490
3442,c234,611
3443,c5,98
3444,c1,217
3445,c234,151
3446,c5,128
3447,c5,698
3448,c234,29
3449,c234,117
3450,c1,92
3451,c1,683
3452,c1,1084
3453,c234,189
3454,c5,85
3455,c234,195
3456,c234,528
3457,c5,80
3458,c234,60
3459,c234,363
3460,c1,322
3461,c1,711
3462,c234,100
3463,c234,183
3464,c234,762
3465,c1,341
3466,c234,278
3467,c234,243
3468,c234,17
3469,c5,171
3470,c234,439
3471,c234,139
3472,c5,257
3473,c234,146
3474,c5,163
3475,c1,318
3476,c5,249
3477,c234,137
3478,c5,103
3479,c234,265
3480,c234,283
3481,c5,54
3482,c234,81
3483,c1,645
3484,c234,1334
3485,c234,336
3486,c234,292
3487,c1,260
3488,c5,161
3489,c1,551
3490,c234,341
3491,c1,832
3492,c1,72
3493,c234,494
3494,c5,112
3495,c1,211
3496,c234,261
3497,c1,5
3498,c234,41
3499,c1,870
3500,c234,1188
3501,c234,353
3502,c5,107
3503,c1,254
3504,c234,309
3505,c5,237
3506,c1,386
3507,c234,76
3508,c5,322
3509,c1,162
3510,c234,283
3511,c5,249
3512,c5,229
3513,c234,693
3514,c5,611
3515,c1,148
3516,c234,218
3517,c234,907
3518,c234,2036
3519,c234,169
3520,c5,77
3521,c5,159
3522,c5,133
3523,c1,1672
3524,c234,51
3525,c1,355
3526,c1,465
3527,c1,1176
3528,c1,742
3529,c1,30
3530,c234,69
3531,c1,303
3532,c234,298
3533,c234,51
3534,c1,300
3535,c5,277
3536,c1,53
3537,c5,474
3538,c5,453
3539,c234,84
3540,c234,769
3541,c1,884
3542,c1,1727
3543,c1,265
3544,c1,1109
3545,c5,2486
3546,c234,250
3547,c1,498
3548,c234,1830
3549,c5,310
3550,c234,139
3551,c5,227
3552,c234,295
3553,c5,729
3554,c234,239
3555,c234,174
3556,c234,165
3557,c234,25
3558,c5,131
3559,c5,126
3560,c1,525
3561,c5,79
3562,c234,126
3563,c1,335
3564,c5,414
3565,c5,665
3566,c5,79
3567,c234,431
3568,c234,115
3569,c5,47
3570,c1,428
3571,c1,33
3572,c5,113
3573,c1,50
3574,c234,477
3575,c1,70
3576,c5,93
3577,c234,350
3578,c234,237
3579,c234,339
3580,c234,43
3581,c1,540
3582,c5,379
3583,c1,996
3584,c1,255
3585,c5,258
3586,c234,132
3587,c234,522
3588,c5,208
3589,c5,337
3590,c234,172
3591,c5,498
3592,c234,211
3593,c234,663
3594,c234,607
3595,c5,182
3596,c1,140
3597,c234,202
3598,c1,172
3599,c1,367
3600,c1,155
3601,c234,132
3602,c234,72
3603,c5,136
3604,c5,1972
3605,c234,817
3606,c5,100
3607,c5,215
3608,c1,72
3609,c234,174
3610,c5,82
3611,c234,743
3612,c5,158
3613,c5,554
3614,c1,1337
3615,c234,180
3616,c1,192
3617,c1,45
3618,c5,179
3619,c1,83
3620,c234,248
3621,c1,491
3622,c5,127
3623,c1,41
3624,c234,198
3625,c5,27
3626,c5,392
3627,c234,220
3628,c5,121
3629,c1,422
3630,c1,173
3631,c5,54
3632,c1,502
3633,c234,679
3634,c234,692
3635,c5,53
3636,c234,96
3637,c234,49
3638,c234,738
3639,c234,1279
3640,c234,515
3641,c234,365
3642,c5,33
3643,c1,751
3644,c1,700
3645,c5,278
3646,c1,137
3647,c234,686
3648,c5,344
3649,c234,139
3650,c1,246
3651,c1,215
3652,c234,124
3653,c234,338
3654,c1,1347
3655,c5,601
3656,c5,107
3657,c1,1092
3658,c234,705
3659,c234,158
3660,c1,258
3661,c1,285
3662,c5,148
3663,c5,102
3664,c234,267
3665,c1,550
3666,c234,132
3667,c1,305
3668,c5,338
3669,c5,246
3670,c5,959
3671,c1,71
3672,c1,1105
3673,c234,591
3674,c1,225
3675,c5,736
3676,c5,844
3677,c1,446
3678,c234,561
3679,c1,14
3680,c5,211
3681,c234,259
3682,c5,505
3683,c1,267
3684,c234,314
3685,c5,360
3686,c5,436
3687,c5,154
3688,c5,102
3689,c234,70
3690,c1,479
3691,c1,380
3692,c234,337
3693,c5,995
3694,c234,126
3695,c5,174
3696,c234,125
3697,c1,176
3698,c1,443
3699,c234,315
3700,c5,250
3701,c1,731
3702,c1,110
3703,c234,31
3704,c234,377
3705,c234,189
3706,c5,756
3707,c5,362
3708,c234,998
3709,c5,124
3710,c1,196
3711,c234,165
3712,c234,208
3713,c1,157
3714,c5,96
3715,c5,192
3716,c5,518
3717,c5,157
3718,c5,257
3719,c234,50
3720,c1,1823
3721,c1,397
3722,c234,26
3723,c234,149
3724,c1,10
3725,c234,282
3726,c234,252
3727,c234,174
3728,c5,136
3729,c1,682
3730,c234,538
3731,c5,444
3732,c1,2259
3733,c5,32
3734,c234,409
3735,c1,312
3736,c1,96
3737,c1,500
3738,c234,615
3739,c234,366
3740,c1,558
3741,c5,596
3742,c5,254
3743,c1,131
3744,c5,18
3745,c1,338
3746,c1,185
3747,c5,240
3748,c1,89
3749,c234,496
3750,c5,35
3751,c1,851
3752,c1,258
3753,c5,77
3754,c234,14
3755,c5,561
3756,c234,459
3757,c234,1724
3758,c1,287
3759,c5,185
3760,c1,1917
3761,c5,161
3762,c1,127
3763,c1,350
3764,c1,381
3765,c5,131
3766,c234,238
3767,c1,229
3768,c5,168
3769,c1,756
3770,c5,906
3771,c5,121
3772,c234,550
3773,c5,129
3774,c1,12
3775,c234,124
3776,c5,21
3777,c234,11
3778,c5,63
3779,c234,401
3780,c5,654
3781,c1,219
3782,c5,1057
3783,c234,747
3784,c1,234
3785,c5,158
3786,c1,354
3787,c5,75
3788,c234,497
3789,c5,214
3790,c1,444
3791,c1,160
3792,c5,884
3793,c5,624
3794,c5,1077
3795,c234,946
3796,c234,411
3797,c234,345
3798,c5,84
3799,c234,186
3800,c234,240
3801,c1,199
3802,c5,325
3803,c234,121
3804,c5,848
3805,c234,161
3806,c1,1273
3807,c234,44
3808,c1,386
3809,c5,226
3810,c1,58
3811,c5,70
3812,c234,929
3813,c5,159
3814,c1,191
3815,c5,428
3816,c234,105
3817,c5,123
3818,c234,1732
3819,c1,81
3820,c1,200
3821,c1,544
3822,c234,396
3823,c5,129
3824,c234,625
3825,c1,261
3826,c234,167
3827,c234,584
3828,c234,9
3829,c5,670
3830,c234,56
3831,c1,113
3832,c234,93
3833,c5,12
3834,c1,1882
3835,c5,292
3836,c234,552
3837,c5,139
3838,c1,530
3839,c234,551
3840,c234,345
3841,c1,160
3842,c1,394
3843,c5,14
3844,c234,212
3845,c234,137
3846,c5,348
3847,c234,552
3848,c234,468
3849,c234,132
3850,c5,277
3851,c5,420
3852,c1,845
3853,c5,107
3854,c234,137
3855,c234,61
3856,c5,108
3857,c234,1931
3858,c234,169
3859,c234,2154
3860,c5,502
3861,c1,321
3862,c234,74
3863,c1,1480
3864,c234,49
3865,c1,1435
3866,c5,584
3867,c5,318
3868,c1,719
3869,c1,426
3870,c1,370
3871,c5,145
3872,c234,123
3873,c1,142
3874,c1,287
3875,c5,450
3876,c1,155
3877,c5,650
3878,c234,338
3879,c1,47
3880,c1,120
3881,c5,366
3882,c234,124
3883,c234,191
3884,c1,240
3885,c234,814
3886,c1,156
3887,c1,370
3888,c5,710
3889,c234,380
3890,c1,730
3891,c5,224
3892,c1,265
3893,c1,207
3894,c1,326
3895,c1,93
3896,c1,1380
3897,c5,67
3898,c5,340
3899,c5,50
3900,c234,189
3901,c5,29
3902,c234,375
3903,c234,106
3904,c1,144
3905,c234,790
3906,c234,1000
3907,c234,65
3908,c234,90
3909,c1,50
3910,c234,347
3911,c5,232
3912,c1,631
3913,c1,173
3914,c5,343
3915,c1,218
3916,c234,350
3917,c5,344
3918,c5,532
3919,c1,828
3920,c5,1066
3921,c5,217
3922,c1,394
3923,c5,261
3924,c234,626
3925,c5,80
3926,c1,1150
3927,c234,459
3928,c5,298
3929,c234,326
3930,c1,1040
3931,c234,258
3932,c5,619
3933,c234,303
3934,c1,299
3935,c234,189
3936,c1,48
3937,c5,242
3938,c5,47
3939,c234,1114
3940,c1,772
3941,c5,109
3942,c5,537
3943,c5,45
3944,c5,242
3945,c5,259
3946,c1,687
3947,c5,108
3948,c5,104
3949,c5,344
3950,c234,195
3951,c1,144
3952,c5,439
3953,c5,444
3954,c5,1045
3955,c1,415
3956,c234,685
3957,c1,564
3958,c5,140
3959,c5,484
3960,c234,557
3961,c5,184
3962,c1,369
3963,c1,979
3964,c234,1310
3965,c234,105
3966,c234,71
3967,c1,37
3968,c5,1300
3969,c1,711
3970,c234,725
3971,c234,25
3972,c234,99
3973,c5,62
3974,c234,541
3975,c234,1719
3976,c5,337
3977,c1,465
3978,c234,1142
3979,c234,368
3980,c1,101
3981,c234,262
3982,c234,189
3983,c234,1130
3984,c1,709
3985,c234,714
3986,c234,99
3987,c1,465
3988,c5,77
3989,c1,923
3990,c1,252
3991,c1,34
3992,c5,100
3993,c5,556
3994,c5,333
3995,c234,674
3996,c1,35
3997,c234,593
3998,c1,412
3999,c1,58
4000,c234,25
4001,c234,208
4002,c1,255
4003,c1,550
4004,c234,460
4005,c234,258
4006,c5,428
4007,c234,55
4008,c1,292
4009,c5,644
4010,c5,157
4011,c1,129
4012,c1,174
4013,c1,242
4014,c234,1138
4015,c234,89
4016,c1,614
4017,c5,271
4018,c5,388
4019,c1,444
4020,c234,364
4021,c5,181
4022,c234,380
4023,c5,763
4024,c1,31
4025,c5,320
4026,c5,397
4027,c5,92
4028,c5,172
4029,c1,252
4030,c5,302
4031,c1,415
4032,c234,255
4033,c1,1125
4034,c234,254
4035,c5,779
4036,c234,1018
4037,c1,378
4038,c234,269
4039,c5,111
4040,c234,528
4041,c1,1535
4042,c1,97
4043,c1,366
4044,c5,84
4045,c1,165
4046,c5,736
4047,c1,222
4048,c5,665
4049,c234,1236
4050,c5,74
4051,c234,175
4052,c5,298
4053,c234,592
4054,c1,60
4055,c234,132
4056,c234,1101
4057,c5,643
4058,c234,331
4059,c5,331
4060,c1,97
4061,c5,85
4062,c234,165
4063,c1,311
4064,c5,445
4065,c1,321
4066,c1,259
4067,c5,231
4068,c1,254
4069,c1,420
4070,c5,79
4071,c1,353
4072,c5,338
4073,c234,134
4074,c234,123
4075,c5,178
4076,c234,131
4077,c234,822
4078,c5,120
4079,c234,231
4080,c234,584
4081,c234,498
4082,c1,379
4083,c1,189
4084,c5,107
4085,c5,380
4086,c5,187
4087,c1,122
4088,c1,53
4089,c5,59
4090,c5,935
4091,c5,206
4092,c234,97
4093,c5,121
4094,c1,569
4095,c234,173
4096,c1,241
4097,c5,376
4098,c5,61
4099,c5,55
4100,c234,104
4101,c234,328
4102,c5,36
4103,c5,484
4104,c234,172
4105,c1,442
4106,c1,56
4107,c234,91
4108,c234,257
4109,c5,438
4110,c234,325
4111,c1,417
4112,c5,216
4113,c5,234
4114,c234,263
4115,c234,261
4116,c5,250
4117,c5,265
4118,c1,1006
4119,c5,236
4120,c5,176
4121,c5,212
4122,c234,188
4123,c1,83
4124,c234,209
4125,c1,96
4126,c234,1626
4127,c1,259
4128,c1,221
4129,c5,620
4130,c234,139
4131,c1,295
4132,c1,549
4133,c1,255
4134,c1,350
4135,c1,366
4136,c5,340
4137,c1,122
4138,c1,109
4139,c5,89
4140,c234,606
4141,c234,201
4142,c1,67
4143,c1,14
4144,c5,956
4145,c1,500
4146,c5,157
4147,c234,401
4148,c1,155
4149,c234,160
4150,c5,362
4151,c234,129
4152,c234,545
4153,c5,469
4154,c1,428
4155,c5,87
4156,c1,579
4157,c5,188
4158,c1,81
4159,c1,2328
4160,c1,161
4161,c5,263
4162,c1,383
4163,c5,555
4164,c5,614
4165,c1,300
4166,c234,739
4167,c1,373
4168,c234,252
4169,c5,167
4170,c5,94
4171,c234,1737
4172,c5,52
4173,c5,246
4174,c234,16
4175,c234,101
4176,c234,162
4177,c5,63
4178,c234,130
4179,c5,16
4180,c1,82
4181,c234,199
4182,c234,109
4183,c5,273
4184,c5,315
4185,c1,643
4186,c234,171
4187,c234,555
4188,c1,509
4189,c234,242
4190,c5,280
4191,c5,426
4192,c5,514
4193,c234,57
4194,c1,1045
4195,c234,348
4196,c1,274
4197,c234,633
4198,c234,108
4199,c234,207
4200,c1,398
4201,c1,415
4202,c234,209
4203,c234,405
4204,c234,132
4205,c5,72
4206,c234,390
4207,c5,133
4208,c1,408
4209,c5,178
4210,c5,78
4211,c5,712
4212,c1,323
4213,c5,715
4214,c5,174
4215,c1,206
4216,c1,469
4217,c234,902
4218,c234,462
4219,c234,131
4220,c5,727
4221,c1,1191
4222,c5,351
4223,c5,47
4224,c1,733
4225,c234,906
4226,c5,260
4227,c5,297
4228,c234,70
4229,c1,182
4230,c5,211
4231,c1,275
4232,c5,69
4233,c5,232
4234,c5,97
4235,c234,224
4236,c5,80
4237,c234,733
4238,c234,65
4239,c234,321
4240,c5,207
4241,c1,135
4242,c234,1061
4243,c1,67
4244,c1,409
4245,c5,1300
4246,c5,172
4247,c1,109
4248,c234,83
4249,c5,73
4250,c234,91
4251,c1,208
4252,c5,278
4253,c5,415
4254,c5,149
4255,c1,82
4256,c234,2454
4257,c5,29
4258,c5,1953
4259,c1,190
4260,c5,505
4261,c1,891
4262,c234,265
4263,c5,4405
4264,c234,429
4265,c5,201
4266,c234,213
4267,c234,342
4268,c234,446
4269,c1,415
4270,c234,146
4271,c234,141
4272,c1,286
4273,c1,14
4274,c234,577
4275,c5,134
4276,c1,31
4277,c1,148
4278,c5,663
4279,c5,298
4280,c1,358
4281,c1,904
4282,c234,228
4283,c234,11
4284,c5,2687
4285,c1,59
4286,c234,725
4287,c5,92
4288,c5,1271
4289,c5,225
4290,c1,259
4291,c5,180
4292,c234,2069
4293,c5,40
4294,c5,269
4295,c5,463
4296,c234,746
4297,c234,132
4298,c5,273
4299,c234,229
4300,c5,270
4301,c234,60
4302,c5,305
4303,c5,1343
4304,c5,717
4305,c234,1436
4306,c5,242
4307,c5,217
4308,c234,414
4309,c234,906
4310,c234,131
4311,c234,212
4312,c234,200
4313,c5,650
4314,c1,166
4315,c1,1184
4316,c1,1312
4317,c1,1231
4318,c5,232
4319,c1,421
4320,c1,243
4321,c1,909
4322,c5,211
4323,c5,185
4324,c1,132
4325,c5,127
4326,c1,69
4327,c5,173
4328,c1,246
4329,c5,231
4330,c234,372
4331,c1,481
4332,c1,132
4333,c234,187
4334,c1,784
4335,c5,273
4336,c234,2447
4337,c1,42
4338,c5,347
4339,c234,237
4340,c1,73
4341,c5,647
4342,c234,291
4343,c5,137
4344,c234,392
4345,c5,41
4346,c234,200
4347,c234,164
4348,c1,430
4349,c1,79
4350,c234,261
4351,c234,38
4352,c5,576
4353,c234,373
4354,c5,351
4355,c234,309
4356,c1,160
4357,c5,274
4358,c234,592
4359,c234,1250
4360,c5,411
4361,c234,263
4362,c234,170
4363,c234,604
4364,c234,168
4365,c234,666
4366,c5,209
4367,c1,1755
4368,c5,889
4369,c5,207
4370,c5,334
4371,c1,1499
4372,c234,164
4373,c1,1722
4374,c5,80
4375,c234,377
4376,c234,1359
4377,c234,172
4378,c5,459
4379,c234,184
4380,c234,90
4381,c234,39
4382,c234,54
4383,c5,511
4384,c1,463
4385,c234,120
4386,c234,362
4387,c1,369
4388,c5,172
4389,c1,354
4390,c1,684
4391,c234,297
4392,c234,742
4393,c5,116
4394,c5,902
4395,c234,679
4396,c5,619
4397,c5,310
4398,c234,483
4399,c1,861
4400,c5,574
4401,c5,438
4402,c1,673
4403,c1,173
4404,c1,32
4405,c5,529
4406,c1,375
4407,c1,355
4408,c234,77
4409,c1,63
4410,c1,657
4411,c234,82
4412,c234,132
4413,c5,214
4414,c5,325
4415,c1,285
4416,c234,283
4417,c5,73
4418,c234,297
4419,c1,132
4420,c1,708
4421,c5,492
4422,c1,286
4423,c234,142
4424,c5,129
4425,c1,825
4426,c234,178
4427,c5,222
4428,c1,285
4429,c5,45
4430,c1,381
4431,c5,29
4432,c1,67
4433,c1,328
4434,c5,269
4435,c1,147
4436,c1,515
4437,c5,192
4438,c234,183
4439,c1,295
4440,c5,98
4441,c5,646
4442,c234,168
4443,c5,263
4444,c234,181
4445,c234,1103
4446,c234,542
4447,c234,145
4448,c5,87
4449,c5,205
4450,c234,179
4451,c234,157
4452,c1,164
4453,c1,77
4454,c1,145
4455,c234,22
4456,c1,201
4457,c5,297
4458,c1,279
4459,c5,207
4460,c1,415
4461,c234,137
4462,c5,136
4463,c234,365
4464,c234,131
4465,c5,462
4466,c234,763
4467,c1,151
4468,c234,416
4469,c5,381
4470,c234,256
4471,c234,664
4472,c234,90
4473,c5,395
4474,c1,270
4475,c1,391
4476,c234,647
4477,c234,1127
4478,c5,146
4479,c1,184
4480,c234,406
4481,c5,270
4482,c1,360
4483,c5,767
4484,c1,134
4485,c234,71
4486,c1,16
4487,c234,151
4488,c234,867
4489,c234,218
4490,c1,209
4491,c234,410
4492,c5,101
4493,c5,866
4494,c234,586
4495,c234,1001
4496,c5,120
4497,c234,556
4498,c5,480
4499,c1,1325
4500,c5,31
4501,c234,519
4502,c1,1053
4503,c5,67
4504,c1,638
4505,c234,218
4506,c5,855
4507,c5,14
4508,c1,334
4509,c5,159
4510,c1,213
4511,c1,33
4512,c5,344
4513,c234,108
4514,c234,284
4515,c234,500
4516,c5,353
4517,c1,1077
4518,c5,162
4519,c1,206
4520,c234,313
4521,c234,449
4522,c5,69
4523,c1,132
4524,c234,519
4525,c5,525
4526,c5,543
4527,c5,242
4528,c1,1024
4529,c234,235
4530,c234,588
4531,c1,516
4532,c234,377
4533,c1,434
4534,c1,104
4535,c234,199
4536,c234,716
4537,c1,60
4538,c5,86
4539,c5,675
4540,c234,1049
4541,c234,275
4542,c234,30
4543,c1,239
4544,c1,108
4545,c1,53
4546,c1,392
4547,c5,31
4548,c5,215
4549,c5,243
4550,c234,150
4551,c1,944
4552,c5,646
4553,c234,489
4554,c234,263
4555,c234,1250
4556,c234,78
4557,c1,698
4558,c5,456
4559,c234,239
4560,c5,424
4561,c234,143
4562,c234,199
4563,c5,47
4564,c1,636
4565,c234,398
4566,c5,236
4567,c1,549
4568,c5,288
4569,c1,2339
4570,c5,1653
4571,c234,303
4572,c1,167
4573,c234,208
4574,c1,536
4575,c234,1443
4576,c5,47
4577,c1,719
4578,c1,78
4579,c1,1010
4580,c5,72
4581,c5,283
4582,c234,625
4583,c234,121
4584,c5,208
4585,c234,421
4586,c5,250
4587,c234,77
4588,c234,2337
4589,c234,239
4590,c1,284
4591,c1,251
4592,c1,352
4593,c234,575
4594,c5,60
4595,c234,363
4596,c1,41
4597,c234,479
4598,c1,354
4599,c234,134
4600,c234,346
4601,c1,28
4602,c234,800
4603,c5,160
4604,c1,652
4605,c234,307
4606,c1,185
4607,c234,197
4608,c234,168
4609,c1,2297
4610,c1,309
4611,c5,1417
4612,c1,8
4613,c234,236
4614,c234,241
4615,c234,413
4616,c5,543
4617,c5,347
4618,c1,356
4619,c1,344
4620,c234,50
4621,c1,824
4622,c1,16
4623,c1,757
4624,c234,585
4625,c1,917
4626,c234,790
4627,c5,106
4628,c5,1097
4629,c5,69
4630,c5,208
4631,c234,473
4632,c5,273
4633,c234,539
4634,c5,318
4635,c234,332
4636,c1,782
4637,c1,171
4638,c5,583
4639,c234,1359
4640,c1,70
4641,c234,89
4642,c1,429
4643,c1,61
4644,c1,271
4645,c5,273
4646,c234,714
4647,c234,1066
4648,c1,17
4649,c5,144
4650,c1,456
4651,c5,51
4652,c5,136
4653,c1,278
4654,c234,132
4655,c5,702
4656,c234,149
4657,c234,587
4658,c1,723
4659,c234,99
4660,c5,346
4661,c234,1647
4662,c234,1868
4663,c5,1365
4664,c234,89
4665,c5,874
4666,c234,721
4667,c1,317
4668,c5,985
4669,c1,285
4670,c234,148
4671,c5,206
4672,c5,14
4673,c1,461
4674,c234,838
4675,c234,188
4676,c234,2217
4677,c1,242
4678,c1,459
4679,c234,187
4680,c5,485
4681,c1,152
4682,c5,625
4683,c1,654
4684,c5,59
4685,c234,49
4686,c234,109
4687,c1,505
4688,c5,306
4689,c234,379
4690,c5,308
4691,c234,1261
4692,c1,614
4693,c1,991
4694,c5,51
4695,c234,381
4696,c1,65
4697,c1,41
4698,c234,348
4699,c1,297
4700,c5,222
4701,c5,299
4702,c1,539
4703,c1,44
4704,c1,457
4705,c5,69
4706,c5,88
4707,c234,342
4708,c5,243
4709,c5,326
4710,c234,189
4711,c1,572
4712,c234,82
4713,c234,636
4714,c234,129
4715,c5,34
4716,c1,442
4717,c5,197
4718,c1,167
4719,c5,196
4720,c1,229
4721,c234,226
4722,c1,439
4723,c234,172
4724,c234,37
4725,c234,188
4726,c1,173
4727,c1,259
4728,c1,267
4729,c5,83
4730,c1,379
4731,c234,143
4732,c234,721
4733,c234,691
4734,c5,351
4735,c1,132
4736,c234,872
4737,c234,852
4738,c1,885
4739,c5,47
4740,c1,178
4741,c1,151
4742,c234,84
4743,c5,52
4744,c5,32
4745,c1,214
4746,c5,1152
4747,c234,789
4748,c5,142
4749,c234,388
4750,c1,743
4751,c1,342
4752,c5,119
4753,c5,289
4754,c234,601
4755,c234,45
4756,c1,141
4757,c1,703
4758,c5,137
4759,c5,83
4760,c234,172
4761,c234,1196
4762,c1,179
4763,c5,450
4764,c234,1145
4765,c234,409
4766,c1,279
4767,c1,78
4768,c1,424
4769,c5,352
4770,c5,371
4771,c234,659
4772,c1,428
4773,c1,322
4774,c5,158
4775,c1,130
4776,c234,124
4777,c1,518
4778,c1,392
4779,c1,395
4780,c5,63
4781,c1,143
4782,c234,178
4783,c1,2466
4784,c234,1008
4785,c5,438
4786,c5,390
4787,c234,284
4788,c234,378
4789,c1,342
4790,c1,1180
4791,c234,154
4792,c234,208
4793,c234,102
4794,c5,258
4795,c5,136
4796,c234,325
4797,c1,45
4798,c234,541
4799,c234,136
4800,c5,34
4801,c1,392
4802,c5,51
4803,c1,336
4804,c5,402
4805,c1,240
4806,c1,31
4807,c5,97
4808,c1,559
4809,c1,558
4810,c5,605
4811,c1,393
4812,c1,327
4813,c234,409
4814,c1,1327
4815,c5,527
4816,c5,32
4817,c5,378
4818,c1,52
4819,c5,759
4820,c234,622
4821,c1,460
4822,c234,117
4823,c234,444
4824,c1,359
4825,c5,57
4826,c1,41
4827,c1,536
4828,c234,100
4829,c1,155
4830,c1,457
4831,c1,396
4832,c1,719
4833,c234,693
4834,c234,663
4835,c5,302
4836,c234,92
4837,c5,19
4838,c1,76
4839,c5,237
4840,c234,131
4841,c234,822
4842,c5,87
4843,c1,1288
4844,c5,108
4845,c5,572
4846,c234,1078
4847,c5,210
4848,c1,124
4849,c234,132
4850,c234,465
4851,c5,161
4852,c5,211
4853,c1,203
4854,c234,626
4855,c5,109
4856,c5,753
4857,c234,85
4858,c5,28
4859,c1,331
4860,c1,850
4861,c234,12
4862,c234,406
4863,c234,555
4864,c234,587
4865,c1,88
4866,c5,125
4867,c5,132
4868,c5,399
4869,c5,375
4870,c1,235
4871,c1,299
4872,c234,682
4873,c234,204
4874,c1,624
4875,c1,161
4876,c5,42
4877,c1,147
4878,c1,13
4879,c234,424
4880,c5,139
4881,c234,78
4882,c1,202
4883,c1,742
4884,c1,660
4885,c234,310
4886,c234,747
4887,c5,293
4888,c234,35
4889,c234,132
4890,c5,377
4891,c234,73
4892,c1,43
4893,c234,448
4894,c234,491
4895,c1,311
4896,c5,14
4897,c234,191
4898,c5,496
4899,c1,75
4900,c1,14
4901,c234,67
4902,c5,212
4903,c1,429
4904,c1,1196
4905,c234,508
4906,c234,34
4907,c1,864
4908,c5,425
4909,c5,298
4910,c1,241
4911,c5,279
4912,c234,80
4913,c5,42
4914,c5,198
4915,c5,139
4916,c234,261
4917,c5,211
4918,c234,119
4919,c234,399
4920,c1,771
4921,c1,763
4922,c1,690
4923,c1,139
4924,c1,440
4925,c5,535
4926,c1,536
4927,c234,1464
4928,c234,149
4929,c234,676
4930,c1,41
4931,c5,1028
4932,c5,13
4933,c1,132
4934,c5,53
4935,c5,10
4936,c234,472
4937,c1,36
4938,c234,144
4939,c5,412
4940,c1,89
4941,c234,906
4942,c5,172
4943,c234,862
4944,c1,864
4945,c5,393
4946,c1,439
4947,c5,293
4948,c5,75
4949,c5,116
4950,c234,299
4951,c234,1023
4952,c1,44
4953,c234,31
4954,c234,421
4955,c1,409
4956,c5,418
4957,c234,224
4958,c234,279
4959,c1,813
4960,c234,33
4961,c1,364
4962,c234,69
4963,c234,1589
4964,c5,291
4965,c234,187
4966,c5,61
4967,c5,89
4968,c1,461
4969,c234,107
4970,c1,368
4971,c234,747
4972,c1,190
4973,c5,170
4974,c1,119
4975,c5,75
4976,c5,83
4977,c5,145
4978,c1,246
4979,c1,1016
4980,c234,1105
4981,c234,380
4982,c234,92
4983,c234,739
4984,c234,460
4985,c5,124
4986,c5,299
4987,c5,233
4988,c1,182
4989,c5,224
4990,c1,72
4991,c234,263
4992,c234,130
4993,c5,593
4994,c234,538
4995,c1,345
4996,c234,167
4997,c234,169
4998,c5,2688
4999,c5,149
5000,c1,340
5001,c1,1255
5002,c5,807
5003,c1,308
5004,c1,245
5005,c1,1209
5006,c1,140
5007,c5,343
5008,c234,157
5009,c1,75
5010,c234,129
5011,c5,288
5012,c5,45
5013,c234,929
5014,c234,572
5015,c1,415
5016,c234,553
5017,c1,442
5018,c1,182
5019,c5,337
5020,c5,242
5021,c5,42
5022,c234,514
5023,c5,467
5024,c5,162
5025,c5,161
5026,c1,5
5027,c1,556
5028,c1,415
5029,c1,69
5030,c234,65
5031,c5,943
5032,c1,504
5033,c1,174
5034,c234,343
5035,c5,451
5036,c1,586
5037,c1,187
5038,c5,48
5039,c5,706
5040,c1,174
5041,c1,100
5042,c234,639
5043,c234,394
5044,c1,126
5045,c234,100
5046,c5,76
5047,c1,84
5048,c1,40
5049,c5,421
5050,c5,169
5051,c1,41
5052,c5,409
5053,c5,51
5054,c234,178
5055,c234,74
5056,c1,462
5057,c234,187
5058,c1,126
5059,c234,639
5060,c1,127
5061,c1,415
5062,c234,589
5063,c5,106
5064,c234,178
5065,c1,59
5066,c234,80
5067,c1,546
5068,c1,145
5069,c234,1141
5070,c234,925
5071,c1,76
5072,c234,132
5073,c5,16
5074,c1,51
5075,c234,269
5076,c5,498
5077,c234,391
5078,c234,533
5079,c234,561
5080,c5,743
5081,c234,196
5082,c5,234
5083,c1,210
5084,c1,263
5085,c1,40
5086,c5,47
5087,c1,362
5088,c1,325
5089,c234,808
5090,c234,542
5091,c5,334
5092,c1,235
5093,c234,772
5094,c5,117
5095,c1,743
5096,c234,621
5097,c5,362
5098,c1,1220
5099,c234,415
5100,c1,746
5101,c1,46
5102,c234,622
5103,c5,358
5104,c1,612
5105,c234,211
5106,c234,807
5107,c5,636
5108,c234,392
5109,c1,545
5110,c1,675
5111,c1,281
5112,c234,49
5113,c5,417
5114,c5,468
5115,c1,457
5116,c1,662
5117,c5,388
5118,c5,126
5119,c234,75
5120,c5,196
5121,c5,76
5122,c234,184
5123,c5,32
5124,c1,337
5125,c234,286
5126,c5,243
5127,c234,41
5128,c234,233
5129,c5,149
5130,c234,67
5131,c234,455
5132,c5,62
5133,c234,409
5134,c5,373
5135,c1,60
5136,c5,254
5137,c1,30
5138,c1,181
5139,c234,262
5140,c5,368
5141,c1,1889
5142,c5,558
5143,c5,735
5144,c1,586
5145,c5,230
5146,c1,664
5147,c234,231
5148,c234,686
5149,c5,125
5150,c234,367
5151,c1,346
5152,c234,435
5153,c234,269
5154,c234,233
5155,c234,391
5156,c5,91
5157,c1,215
5158,c5,150
5159,c234,408
5160,c234,224
5161,c5,83
5162,c234,69
5163,c234,316
5164,c234,410
5165,c5,567
5166,c1,150
5167,c5,357
5168,c234,290
5169,c234,241
5170,c1,44
5171,c234,416
5172,c5,70
5173,c1,490
5174,c5,1465
5175,c5,254
5176,c234,186
5177,c1,687
5178,c1,142
5179,c1,97
5180,c234,151
5181,c234,164
5182,c234,44
5183,c1,283
5184,c1,154
5185,c1,136
5186,c234,262
5187,c234,470
5188,c234,577
5189,c5,238
5190,c234,316
5191,c5,672
5192,c1,83
5193,c234,1019
5194,c1,73
5195,c5,698
5196,c5,504
5197,c1,242
5198,c234,692
5199,c1,73
5200,c234,107
5201,c1,14
5202,c5,845
5203,c5,372
5204,c1,199
5205,c1,424
5206,c234,165
5207,c5,173
5208,c5,298
5209,c234,400
5210,c1,3056
5211,c1,450
5212,c234,371
5213,c234,547
5214,c1,143
5215,c234,572
5216,c5,237
5217,c5,322
5218,c5,161
5219,c234,312
5220,c5,136
5221,c5,3381
5222,c5,54
5223,c5,825
5224,c1,15
5225,c5,168
5226,c5,226
5227,c1,495
5228,c1,410
5229,c5,389
5230,c5,64
5231,c1,255
5232,c234,440
5233,c5,141
5234,c5,661
5235,c1,732
5236,c1,836
5237,c1,421
5238,c234,276
5239,c1,48
5240,c234,56
5241,c1,141
5242,c1,470
5243,c5,239
5244,c1,341
5245,c1,29
5246,c1,42
5247,c5,316
5248,c1,662
5249,c5,353
5250,c1,112
5251,c234,1577
5252,c5,180
5253,c234,7
5254,c1,303
5255,c1,287
5256,c1,700
5257,c234,90
5258,c1,1331
5259,c5,207
5260,c1,76
5261,c5,75
5262,c1,342
5263,c1,210
5264,c5,344
5265,c5,14
5266,c1,428
5267,c234,205
5268,c5,175
5269,c5,333
5270,c5,550
5271,c5,48
5272,c1,20
5273,c5,241
5274,c5,45
5275,c5,59
5276,c5,959
5277,c1,650
5278,c5,239
5279,c234,174
5280,c5,261
5281,c234,255
5282,c5,1139
5283,c5,867
5284,c234,567
5285,c234,341
5286,c1,144
5287,c1,226
5288,c1,345
5289,c1,72
5290,c234,389
5291,c5,377
5292,c234,70
5293,c234,497
5294,c5,67
5295,c234,1099
5296,c5,195
5297,c5,303
5298,c1,82
5299,c5,759
5300,c5,648
5301,c1,174
5302,c5,80
5303,c234,561
5304,c1,520
5305,c1,196
5306,c5,273
5307,c234,429
5308,c1,216
5309,c1,79
5310,c1,142
5311,c1,307
5312,c234,1132
5313,c1,421
5314,c5,275
5315,c1,1218
5316,c5,238
5317,c1,205
5318,c234,20
5319,c1,369
5320,c5,76
5321,c234,1246
5322,c1,143
5323,c234,9
5324,c234,677
5325,c234,70
5326,c5,228
5327,c1,1199
5328,c1,129
5329,c234,287
5330,c234,348
5331,c5,509
5332,c234,650
5333,c234,924
5334,c1,113
5335,c234,117
5336,c5,52
5337,c1,129
5338,c5,219
5339,c5,643
5340,c1,201
5341,c234,100
5342,c234,202
5343,c5,64
5344,c234,90
5345,c1,10
5346,c1,1317
5347,c234,79
5348,c5,2377
5349,c234,502
5350,c5,234
5351,c1,234
5352,c1,202
5353,c234,519
5354,c5,144
5355,c1,77
5356,c234,710
5357,c234,576
5358,c234,764
5359,c1,235
5360,c234,72
5361,c234,254
5362,c5,264
5363,c1,361
5364,c5,89
5365,c234,159
5366,c1,469
5367,c1,119
5368,c1,402
5369,c5,53
5370,c234,2301
5371,c1,655
5372,c1,201
5373,c5,65
5374,c1,294
5375,c1,265
5376,c5,139
5377,c5,22
5378,c234,135
5379,c234,176
5380,c234,338
5381,c1,8
5382,c234,413
5383,c1,96
5384,c234,160
5385,c1,874
5386,c234,751
5387,c234,334
5388,c234,229
5389,c5,620
5390,c5,490
5391,c234,132
5392,c1,604
5393,c1,100
5394,c234,1497
5395,c5,622
5396,c1,91
5397,c5,399
5398,c5,1508
5399,c5,97
5400,c234,377
5401,c234,329
5402,c234,245
5403,c1,140
5404,c1,153
5405,c1,205
5406,c1,254
5407,c234,415
5408,c1,161
5409,c234,27
5410,c1,719
5411,c5,288
5412,c1,54
5413,c1,548
5414,c5,1076
5415,c234,973
5416,c1,476
5417,c5,314
5418,c1,606
5419,c234,574
5420,c234,366
5421,c1,72
5422,c234,227
5423,c234,146
5424,c1,353
5425,c1,422
5426,c5,243
5427,c5,145
5428,c1,301
5429,c5,229
5430,c234,104
5431,c5,261
5432,c5,94
5433,c5,17
5434,c1,678
5435,c234,419
5436,c234,442
5437,c1,62
5438,c1,347
5439,c5,373
5440,c1,698
5441,c234,172
5442,c234,189
5443,c234,41
5444,c5,95
5445,c1,696
5446,c5,528
5447,c1,122
5448,c5,469
5449,c1,392
5450,c5,39
5451,c5,2388
5452,c1,184
5453,c5,779
5454,c234,92
5455,c5,120
5456,c234,86
5457,c234,288
5458,c1,622
5459,c1,20
5460,c1,1164
5461,c5,431
5462,c1,263
5463,c1,115
5464,c1,168
5465,c1,259
5466,c5,169
5467,c234,103
5468,c1,631
5469,c1,919
5470,c1,102
5471,c234,85
5472,c234,316
5473,c1,626
5474,c234,428
5475,c1,1446
5476,c234,167
5477,c234,15
5478,c1,377
5479,c234,1133
5480,c5,238
5481,c5,542
5482,c5,38
5483,c234,145
5484,c234,146
5485,c234,236
5486,c1,991
5487,c5,319
5488,c5,400
5489,c1,384
5490,c1,518
5491,c1,621
5492,c234,311
5493,c1,110
5494,c5,107
5495,c1,225
5496,c234,953
5497,c5,1064
5498,c5,261
5499,c1,1137
5500,c5,79
5501,c234,643
5502,c234,56
5503,c234,527
5504,c5,504
5505,c5,134
5506,c5,706
5507,c5,86
5508,c5,44
5509,c234,313
5510,c234,1674
5511,c1,1764
5512,c234,144
5513,c234,905
5514,c5,148
5515,c5,669
5516,c234,577
5517,c234,298
5518,c5,458
5519,c1,1607
5520,c234,710
5521,c234,127
5522,c234,566
5523,c1,238
5524,c5,1397
5525,c1,103
5526,c1,1806
5527,c1,616
5528,c5,96
5529,c5,348
5530,c234,219
5531,c234,350
5532,c5,37
5533,c1,1443
5534,c5,287
5535,c5,294
5536,c234,691
5537,c1,402
5538,c5,35
5539,c234,407
5540,c234,663
5541,c234,228
5542,c234,745
5543,c234,666
5544,c234,367
5545,c234,951
5546,c5,253
5547,c234,203
5548,c1,199
5549,c5,399
5550,c1,368
5551,c5,234
5552,c234,550
5553,c234,238
5554,c1,133
5555,c1,65
5556,c1,1250
5557,c5,103
5558,c1,41
5559,c234,300
5560,c1,177
5561,c5,325
5562,c1,97
5563,c234,278
5564,c234,119
5565,c234,512
5566,c1,1258
5567,c1,413
5568,c1,27
5569,c1,54
5570,c1,385
5571,c5,177
5572,c5,351
5573,c5,132
5574,c5,193
5575,c5,575
5576,c5,201
5577,c234,440
5578,c234,265
5579,c234,132
5580,c234,495
5581,c5,93
5582,c234,522
5583,c234,247
5584,c1,404
5585,c1,132
5586,c5,255
5587,c5,42
5588,c1,1732
5589,c234,339
5590,c234,277
5591,c5,54
5592,c234,395
5593,c5,85
5594,c234,604
5595,c5,196
5596,c1,320
5597,c234,269
5598,c1,206
5599,c234,1234
5600,c234,480
5601,c5,587
5602,c234,119
5603,c5,419
5604,c5,647
5605,c1,1543
5606,c5,62
5607,c5,540
5608,c5,450
5609,c234,124
5610,c234,357
5611,c234,113
5612,c1,21
5613,c1,131
5614,c1,487
5615,c234,341
5616,c1,34
5617,c234,398
5618,c234,501
5619,c5,125
5620,c1,381
5621,c5,88
5622,c5,436
5623,c234,116
5624,c234,205
5625,c234,251
5626,c234,132
5627,c5,166
5628,c5,488
5629,c234,480
5630,c5,225
5631,c234,160
5632,c234,358
5633,c5,163
5634,c5,36
5635,c1,62
5636,c5,82
5637,c1,25
5638,c1,173
5639,c5,132
5640,c234,629
5641,c234,902
5642,c1,357
5643,c1,40
5644,c1,421
5645,c5,252
5646,c234,214
5647,c234,533
5648,c5,598
5649,c5,683
5650,c1,380
5651,c1,394
5652,c1,195
5653,c234,547
5654,c1,113
5655,c234,65
5656,c234,261
5657,c234,93
5658,c234,294
5659,c1,579
5660,c234,131
5661,c234,166
5662,c234,92
5663,c1,386
5664,c5,373
5665,c234,683
5666,c5,518
5667,c1,138
5668,c234,326
5669,c1,305
5670,c5,713
5671,c1,231
5672,c234,287
5673,c234,1203
5674,c1,1153
5675,c1,428
5676,c5,422
5677,c234,54
5678,c5,296
5679,c5,90
5680,c5,291
5681,c234,198
5682,c1,8
5683,c5,1252
5684,c1,351
5685,c1,406
5686,c5,80
5687,c234,276
5688,c5,17
5689,c5,186
5690,c5,246
5691,c234,35
5692,c5,269
5693,c234,306
5694,c234,167
5695,c5,34
5696,c1,15
5697,c234,428
5698,c5,54
5699,c234,274
5700,c5,161
5701,c5,333
5702,c1,264
5703,c234,33
5704,c5,530
5705,c234,391
5706,c1,132
5707,c5,2357
5708,c234,1310
5709,c5,835
5710,c234,1145
5711,c234,154
5712,c5,41
5713,c5,512
5714,c234,14
5715,c1,78
5716,c1,76
5717,c1,369
5718,c1,76
5719,c234,325
5720,c234,323
5721,c5,188
5722,c5,161
5723,c1,158
5724,c1,532
5725,c234,130
5726,c234,540
5727,c234,109
5728,c1,414
5729,c5,138
5730,c1,534
5731,c234,429
5732,c5,581
5733,c234,47
5734,c1,604
5735,c1,829
5736,c1,295
5737,c1,473
5738,c1,437
5739,c234,33
5740,c1,272
5741,c5,926
5742,c5,159
5743,c5,141
5744,c234,119
5745,c234,72
5746,c1,340
5747,c1,1759
5748,c234,350
5749,c5,505
5750,c5,320
5751,c234,2080
5752,c1,600
5753,c5,316
5754,c1,671
5755,c234,139
5756,c5,241
5757,c234,65
5758,c234,578
5759,c234,392
5760,c5,947
5761,c234,175
5762,c5,71
5763,c5,472
5764,c5,290
5765,c5,277
5766,c5,492
5767,c234,2654
5768,c234,505
5769,c5,215
5770,c234,854
5771,c1,26
5772,c1,592
5773,c1,259
5774,c5,149
5775,c5,486
5776,c234,174
5777,c5,131
5778,c234,82
5779,c1,93
5780,c5,700
5781,c1,364
5782,c234,564
5783,c5,70
5784,c234,372
5785,c5,95
5786,c5,113
5787,c234,801
5788,c1,61
5789,c5,381
5790,c234,866
5791,c1,110
5792,c234,2014
5793,c1,318
5794,c5,253
5795,c1,248
5796,c234,895
5797,c1,373
5798,c5,749
5799,c5,36
5800,c234,395
5801,c1,200
5802,c5,416
5803,c234,403
5804,c5,90
5805,c234,40
5806,c5,268
5807,c1,222
5808,c1,991
5809,c1,157
5810,c1,328
5811,c5,463
5812,c5,907
5813,c1,776
5814,c234,262
5815,c234,377
5816,c234,207
5817,c1,310
5818,c5,348
5819,c1,412
5820,c1,881
5821,c234,334
5822,c1,268
5823,c5,462
5824,c234,711
5825,c1,489
5826,c234,70
5827,c5,99
5828,c1,99
5829,c5,38
5830,c1,114
5831,c1,391
5832,c1,665
5833,c234,43
5834,c234,143
5835,c5,220
5836,c1,567
5837,c234,35
5838,c234,586
5839,c234,270
5840,c1,53
5841,c1,555
5842,c234,302
5843,c234,415
5844,c234,498
5845,c1,897
5846,c234,358
5847,c5,960
5848,c234,201
5849,c1,984
5850,c234,84
5851,c5,399
5852,c234,1608
5853,c5,110
5854,c234,1133
5855,c1,896
5856,c5,59
5857,c5,182
5858,c5,94
5859,c1,113
5860,c234,292
5861,c1,822
5862,c5,81
5863,c234,383
5864,c1,292
5865,c1,75
5866,c1,149
5867,c5,305
5868,c5,372
5869,c5,240
5870,c5,403
5871,c1,316
5872,c1,27
5873,c5,145
5874,c5,77
5875,c234,521
5876,c1,216
5877,c234,146
5878,c1,400
5879,c5,178
5880,c5,580
5881,c234,342
5882,c234,132
5883,c5,166
5884,c5,233
5885,c5,490
5886,c5,51
5887,c1,2456
5888,c1,1079
5889,c5,622
5890,c234,307
5891,c1,889
5892,c5,556
5893,c1,751
5894,c234,962
5895,c234,59
5896,c234,1118
5897,c234,570
5898,c1,445
5899,c5,333
5900,c234,261
5901,c1,33
5902,c234,1052
5903,c5,126
5904,c234,186
5905,c5,82
5906,c5,252
5907,c1,214
5908,c1,55
5909,c1,41
5910,c1,659
5911,c5,274
5912,c1,207
5913,c234,451
5914,c1,570
5915,c5,154
5916,c5,538
5917,c234,508
5918,c234,166
5919,c1,231
5920,c5,120
5921,c5,389
5922,c5,75
5923,c1,282
5924,c234,416
5925,c5,326
5926,c5,78
5927,c234,287
5928,c1,35
5929,c1,150
5930,c5,298
5931,c234,83
5932,c5,301
5933,c1,281
5934,c1,200
5935,c234,412
5936,c5,427
5937,c5,83
5938,c1,186
5939,c234,90
5940,c1,1020
5941,c1,413
5942,c234,1332
5943,c234,79
5944,c234,457
5945,c234,370
5946,c234,247
5947,c1,454
5948,c234,637
5949,c1,2349
5950,c5,352
5951,c234,130
5952,c5,311
5953,c234,359
5954,c5,592
5955,c234,992
5956,c234,195
5957,c234,689
5958,c5,20
5959,c1,500
5960,c234,293
5961,c5,286
5962,c1,1783
5963,c1,25
5964,c5,157
5965,c1,83
5966,c5,188
5967,c234,264
5968,c5,230
5969,c5,138
5970,c1,190
5971,c1,405
5972,c234,911
5973,c234,131
5974,c5,459
5975,c234,639
5976,c234,1267
5977,c1,109
5978,c1,1674
5979,c234,692
5980,c234,211
5981,c234,308
5982,c234,178
5983,c5,1032
5984,c1,281
5985,c5,482
5986,c5,143
5987,c5,70
5988,c234,601
5989,c1,326
5990,c5,365
5991,c234,1324
5992,c5,277
5993,c5,158
5994,c234,439
5995,c234,919
5996,c1,289
5997,c5,401
5998,c5,70
5999,c234,251
6000,c1,2261
6001,c1,110
6002,c5,481
6003,c5,98
6004,c5,407
6005,c234,867
6006,c234,122
6007,c1,432
6008,c234,362
6009,c5,86
6010,c234,466
6011,c1,1801
6012,c234,90
6013,c5,371
6014,c5,102
6015,c234,338
6016,c234,486
6017,c5,664
6018,c5,1574
6019,c234,177
6020,c5,431
6021,c5,558
6022,c5,608
6023,c5,209
6024,c234,405
6025,c234,667
6026,c234,665
6027,c5,426
6028,c1,194
6029,c1,211
6030,c234,244
6031,c234,27
6032,c1,163
6033,c5,61
6034,c1,377
6035,c1,345
6036,c1,67
6037,c5,41
6038,c234,1198
6039,c234,749
6040,c5,133
6041,c5,156
6042,c5,104
6043,c5,27
6044,c5,393
6045,c234,244
6046,c1,422
6047,c234,146
6048,c234,412
6049,c234,528
6050,c5,494
6051,c234,956
6052,c234,200
6053,c234,441
6054,c5,43
6055,c5,537
6056,c1,167
6057,c234,492
6058,c234,376
6059,c5,37
6060,c1,1084
6061,c5,467
6062,c1,296
6063,c234,758
6064,c5,146
6065,c5,677
6066,c234,249
6067,c1,45
6068,c1,1941
6069,c234,327
6070,c5,57
6071,c1,310
6072,c234,1051
6073,c234,79
6074,c5,287
6075,c1,222
6076,c234,365
6077,c234,181
6078,c5,1112
6079,c1,478
6080,c234,2471
6081,c234,103
6082,c234,132
6083,c5,269
6084,c5,96
6085,c1,640
6086,c5,149
6087,c5,60
6088,c234,65
6089,c234,356
6090,c5,92
6091,c234,1505
6092,c5,270
6093,c5,111
6094,c5,23
6095,c234,390
6096,c234,133
6097,c234,93
6098,c5,41
6099,c5,1088
6100,c5,238
6101,c234,386
6102,c234,75
6103,c5,405
6104,c5,1152
6105,c5,397
6106,c5,62
6107,c1,216
6108,c5,218
6109,c1,14
6110,c5,116
6111,c234,114
6112,c1,1511
6113,c5,27
6114,c234,284
6115,c1,16
6116,c234,362
6117,c1,70
6118,c234,560
6119,c1,478
6120,c234,37
6121,c5,636
6122,c234,196
6123,c234,294
6124,c1,1327
6125,c5,279
6126,c234,140
6127,c234,382
6128,c5,1211
6129,c1,181
6130,c1,272
6131,c234,342
6132,c1,259
6133,c5,129
6134,c5,353
6135,c234,798
6136,c5,123
6137,c5,140
6138,c234,292
6139,c1,329
6140,c5,41
6141,c234,912
6142,c5,288
6143,c234,308
6144,c5,650
6145,c1,931
6146,c5,486
6147,c234,358
6148,c234,407
6149,c1,179
6150,c5,605
6151,c1,231
6152,c234,340
6153,c1,134
6154,c1,990
6155,c5,456
6156,c234,84
6157,c1,324
6158,c5,215
6159,c234,471
6160,c1,388
6161,c5,349
6162,c5,448
6163,c1,842
6164,c5,1180
6165,c234,127
6166,c5,173
6167,c5,748
6168,c1,131
6169,c234,879
6170,c5,142
6171,c1,88
6172,c5,398
6173,c234,81
6174,c5,452
6175,c1,51
6176,c1,76
6177,c5,42
6178,c5,417
6179,c5,53
6180,c1,416
6181,c1,95
6182,c234,1604
6183,c5,72
6184,c234,229
6185,c1,557
6186,c5,164
6187,c5,62
6188,c234,891
6189,c1,696
6190,c5,428
6191,c1,186
6192,c234,447
6193,c1,1232
6194,c234,613
6195,c1,147
6196,c1,690
6197,c1,427
6198,c234,20
6199,c5,301
6200,c5,66
6201,c1,416
6202,c5,1198
6203,c1,220
6204,c5,65
6205,c5,726
6206,c234,57
6207,c1,436
6208,c234,175
6209,c1,420
6210,c234,57
6211,c1,416
6212,c1,887
6213,c5,354
6214,c234,478
6215,c234,227
6216,c1,336
6217,c234,69
6218,c234,522
6219,c234,527
6220,c1,57
6221,c5,355
6222,c234,415
6223,c234,135
6224,c1,353
6225,c1,459
6226,c1,959
6227,c5,418
6228,c1,315
6229,c5,242
6230,c5,228
6231,c5,45
6232,c5,232
6233,c5,133
6234,c1,1167
6235,c234,166
6236,c234,45
6237,c5,259
6238,c5,764
6239,c1,113
6240,c1,116
6241,c234,1731
6242,c1,188
6243,c1,132
6244,c234,568
6245,c234,72
6246,c234,884
6247,c5,209
6248,c234,443
6249,c1,127
6250,c234,1116
6251,c5,196
6252,c5,67
6253,c5,310
6254,c1,85
6255,c1,689
6256,c234,355
6257,c234,161
6258,c234,98
6259,c234,292
6260,c234,984
6261,c234,132
6262,c5,480
6263,c234,796
6264,c1,143
6265,c1,90
6266,c5,153
6267,c1,1090
6268,c1,16
6269,c1,358
6270,c234,258
6271,c234,302
6272,c234,390
6273,c5,22
6274,c1,200
6275,c1,262
6276,c1,124
6277,c234,700
6278,c1,62
6279,c5,148
6280,c1,478
6281,c234,124
6282,c234,14
6283,c1,743
6284,c234,238
6285,c5,412
6286,c5,533
6287,c5,275
6288,c234,153
6289,c5,32
6290,c5,271
6291,c1,161
6292,c234,366
6293,c234,288
6294,c5,86
6295,c5,285
6296,c5,386
6297,c5,191
6298,c5,244
6299,c234,243
6300,c234,506
6301,c5,131
6302,c1,206
6303,c5,171
6304,c5,83
6305,c234,426
6306,c1,95
6307,c1,425
6308,c5,57
6309,c5,143
6310,c5,506
6311,c1,392
6312,c234,33
6313,c234,553
6314,c5,67
6315,c234,130
6316,c234,26
6317,c1,433
6318,c234,1137
6319,c1,440
6320,c1,142
6321,c5,252
6322,c234,118
6323,c1,482
6324,c234,1209
6325,c234,69
6326,c234,409
6327,c5,717
6328,c1,1808
6329,c234,685
6330,c234,783
6331,c1,486
6332,c234,157
6333,c234,309
6334,c5,64
6335,c1,350
6336,c5,251
6337,c5,490
6338,c234,323
6339,c5,292
6340,c5,171
6341,c5,14
6342,c5,310
6343,c5,255
6344,c234,119
6345,c5,97
6346,c1,303
6347,c234,150
6348,c234,584
6349,c5,1108
6350,c5,328
6351,c234,51
6352,c5,287
6353,c1,25
6354,c5,606
6355,c5,11
6356,c5,178
6357,c234,429
6358,c234,86
6359,c1,92
6360,c1,155
6361,c234,2549
6362,c5,33
6363,c5,238
6364,c5,59
6365,c1,86
6366,c234,198
6367,c1,452
6368,c5,130
6369,c1,258
6370,c1,1002
6371,c1,180
6372,c234,673
6373,c1,164
6374,c1,126
6375,c5,80
6376,c1,495
6377,c234,73
6378,c5,441
6379,c234,359
6380,c234,622
6381,c234,643
6382,c5,410
6383,c1,622
6384,c5,40
6385,c1,849
6386,c234,475
6387,c5,55
6388,c234,502
6389,c1,488
6390,c5,132
6391,c234,769
6392,c5,1229
6393,c5,462
6394,c234,206
6395,c5,241
6396,c1,180
6397,c234,743
6398,c5,1071
6399,c234,411
6400,c5,174
6401,c5,334
6402,c5,199
6403,c5,64
6404,c1,263
6405,c1,1100
6406,c234,355
6407,c5,452
6408,c234,460
6409,c5,201
6410,c5,401
6411,c234,1403
6412,c5,312
6413,c5,196
6414,c5,293
6415,c1,558
6416,c234,304
6417,c234,601
6418,c234,1056
6419,c234,419
6420,c234,122
6421,c234,312
6422,c1,583
6423,c1,79
6424,c1,443
6425,c234,1147
6426,c5,312
6427,c5,37
6428,c1,260
6429,c5,436
6430,c5,995
6431,c234,142
6432,c1,880
6433,c5,40
6434,c234,192
6435,c234,163
6436,c5,157
6437,c5,217
6438,c5,205
6439,c234,1220
6440,c5,504
6441,c234,1474
6442,c5,309
6443,c5,179
6444,c1,114
6445,c1,38
6446,c5,250
6447,c5,490
6448,c234,113
6449,c234,280
6450,c1,577
6451,c234,358
6452,c234,138
6453,c234,300
6454,c5,59
6455,c5,220
6456,c234,241
6457,c5,386
6458,c234,259
6459,c1,162
6460,c5,206
6461,c234,497
6462,c234,289
6463,c5,109
6464,c5,120
6465,c234,999
6466,c5,326
6467,c5,393
6468,c5,1417
6469,c1,34
6470,c5,126
6471,c5,312
6472,c1,186
6473,c1,26
6474,c1,923
6475,c1,622
6476,c5,691
6477,c5,484
6478,c1,456
6479,c1,1147
6480,c5,173
6481,c234,1009
6482,c5,99
6483,c5,584
6484,c5,228
6485,c5,131
6486,c1,86
6487,c1,236
6488,c5,263
6489,c234,502
6490,c5,611
6491,c234,318
6492,c234,57
6493,c1,1640
6494,c5,976
6495,c1,601
6496,c1,731
6497,c5,1297
6498,c1,448
6499,c1,461
6500,c1,94
6501,c1,525
6502,c1,192
6503,c5,169
6504,c5,243
6505,c234,128
6506,c234,512
6507,c5,149
6508,c1,123
6509,c5,194
6510,c234,336
6511,c234,10
6512,c5,429
6513,c5,120
6514,c1,654
6515,c5,551
6516,c5,161
6517,c1,450
6518,c5,114
6519,c1,9
6520,c1,469
6521,c234,254
6522,c1,200
6523,c5,1737
6524,c1,428
6525,c234,520
6526,c5,21
6527,c1,129
6528,c1,49
6529,c1,302
6530,c1,90
6531,c234,909
6532,c234,851
6533,c1,259
6534,c234,448
6535,c5,294
6536,c1,1400
6537,c234,71
6538,c5,236
6539,c5,293
6540,c234,1834
6541,c5,1070
6542,c1,603
6543,c5,919
6544,c1,234
6545,c234,944
6546,c234,22
6547,c234,436
6548,c1,10
6549,c1,999
6550,c234,134
6551,c5,321
6552,c1,448
6553,c234,597
6554,c1,308
6555,c1,1114
6556,c1,96
6557,c5,353
6558,c234,626
6559,c234,221
6560,c1,88
6561,c1,16
6562,c5,68
6563,c1,524
6564,c5,216
6565,c1,138
6566,c5,364
6567,c1,1110
6568,c5,288
6569,c5,235
6570,c1,326
6571,c5,428
6572,c1,353
6573,c5,394
6574,c1,339
6575,c5,374
6576,c1,224
6577,c1,1198
6578,c234,36
6579,c5,89
6580,c234,455
6581,c1,503
6582,c5,276
6583,c5,1032
6584,c1,132
6585,c1,190
6586,c234,349
6587,c1,125
6588,c1,341
6589,c234,357
6590,c1,59
6591,c1,1199
6592,c234,487
6593,c1,130
6594,c5,457
6595,c234,235
6596,c1,583
6597,c1,471
6598,c5,232
6599,c1,1502
6600,c5,653
6601,c234,145
6602,c1,109
6603,c1,160
6604,c5,32
6605,c1,33
6606,c234,335
6607,c234,595
6608,c1,25
6609,c234,198
6610,c1,233
6611,c234,946
6612,c234,129
6613,c5,40
6614,c234,1261
6615,c1,31
6616,c5,242
6617,c1,132
6618,c234,2297
6619,c1,158
6620,c5,196
6621,c5,38
6622,c5,73
6623,c5,322
6624,c5,132
6625,c5,95
6626,c1,281
6627,c5,364
6628,c1,16
6629,c5,1091
6630,c5,801
6631,c1,378
6632,c234,315
6633,c5,27
6634,c234,689
6635,c5,307
6636,c5,41
6637,c234,11
6638,c5,154
6639,c234,670
6640,c234,837
6641,c1,119
6642,c234,1074
6643,c234,464
6644,c1,424
6645,c1,132
6646,c234,35
6647,c5,621
6648,c1,51
6649,c1,69
6650,c5,835
6651,c1,465
6652,c5,428
6653,c5,436
6654,c5,59
6655,c1,443
6656,c234,767
6657,c5,178
6658,c234,852
6659,c5,83
6660,c5,409
6661,c234,801
6662,c234,84
6663,c234,335
6664,c234,746
6665,c1,443
6666,c1,224
6667,c1,239
6668,c234,379
6669,c234,627
6670,c1,129
6671,c234,196
6672,c234,616
6673,c234,312
6674,c5,678
6675,c234,411
6676,c5,277
6677,c1,450
6678,c1,1063
6679,c234,1170
6680,c1,439
6681,c1,31
6682,c5,305
6683,c234,898
6684,c1,392
6685,c234,31
6686,c1,593
6687,c234,211
6688,c5,82
6689,c5,246
6690,c234,89
6691,c234,377
6692,c234,558
6693,c1,246
6694,c5,295
6695,c5,32
6696,c1,320
6697,c234,169
6698,c5,139
6699,c1,351
6700,c234,284
6701,c234,432
6702,c1,532
6703,c5,149
6704,c5,298
6705,c1,357
6706,c5,650
6707,c5,375
6708,c1,451
6709,c1,934
6710,c234,371
6711,c234,126
6712,c234,100
6713,c234,192
6714,c1,829
6715,c234,345
6716,c234,863
6717,c234,60
6718,c5,38
6719,c5,622
6720,c5,35
6721,c5,251
6722,c1,482
6723,c1,106
6724,c234,398
6725,c5,658
6726,c1,238
6727,c5,41
6728,c234,710
6729,c1,44
6730,c5,432
6731,c234,241
6732,c5,171
6733,c1,1315
6734,c5,822
6735,c234,146
6736,c1,484
6737,c1,32
6738,c5,263
6739,c1,504
6740,c1,262
6741,c234,179
6742,c1,505
6743,c234,786
6744,c234,327
6745,c5,160
6746,c1,286
6747,c1,353
6748,c1,626
6749,c1,38
6750,c5,170
6751,c1,628
6752,c5,279
6753,c1,29
6754,c234,813
6755,c5,284
6756,c1,281
6757,c1,268
6758,c234,470
6759,c234,118
6760,c1,232
6761,c234,33
6762,c5,606
6763,c234,519
6764,c5,381
6765,c234,1051
6766,c1,1956
6767,c234,616
6768,c1,932
6769,c5,195
6770,c234,981
6771,c5,205
6772,c5,90
6773,c234,543
6774,c5,115
6775,c234,266
6776,c234,728
6777,c1,439
6778,c1,143
6779,c234,63
6780,c5,89
6781,c5,56
6782,c5,55
6783,c234,178
6784,c5,956
6785,c1,263
6786,c234,49
6787,c234,454
6788,c234,330
6789,c5,33
6790,c1,39
6791,c1,277
6792,c234,130
6793,c1,621
6794,c1,700
6795,c234,722
6796,c234,100
6797,c234,67
6798,c234,302
6799,c1,175
6800,c5,219
6801,c1,781
6802,c1,438
6803,c1,909
6804,c5,673
6805,c1,200
6806,c234,119
6807,c5,962
6808,c5,152
6809,c5,552
6810,c5,216
6811,c1,92
6812,c234,112
6813,c1,143
6814,c5,401
6815,c5,340
6816,c234,586
6817,c234,113
6818,c234,328
6819,c234,560
6820,c5,336
6821,c1,70
6822,c234,1011
6823,c1,143
6824,c1,458
6825,c234,401
6826,c1,626
6827,c234,170
6828,c1,73
6829,c234,128
6830,c1,457
6831,c1,97
6832,c5,389
6833,c1,27
6834,c1,38
6835,c234,163
6836,c234,365
6837,c234,782
6838,c5,314
6839,c1,130
6840,c1,522
6841,c234,142
6842,c234,253
6843,c1,238
6844,c234,512
6845,c5,43
6846,c234,891
6847,c234,1428
6848,c234,886
6849,c1,393
6850,c1,68
6851,c5,468
6852,c1,1091
6853,c5,592
6854,c1,1410
6855,c5,132
6856,c5,144
6857,c5,318
6858,c1,450
6859,c234,831
6860,c1,103
6861,c1,683
6862,c234,71
6863,c234,423
6864,c5,1154
6865,c5,64
6866,c5,234
6867,c5,643
6868,c234,344
6869,c5,374
6870,c1,218
6871,c5,222
6872,c234,604
6873,c5,246
6874,c5,33
6875,c5,186
6876,c5,93
6877,c234,1088
6878,c1,99
6879,c1,461
6880,c5,163
6881,c5,134
6882,c5,1288
6883,c234,28
6884,c5,215
6885,c1,387
6886,c234,143
6887,c1,90
6888,c5,478
6889,c1,50
6890,c5,138
6891,c5,149
6892,c1,147
6893,c1,623
6894,c1,581
6895,c1,161
6896,c234,141
6897,c234,690
6898,c5,142
6899,c1,90
6900,c234,433
6901,c1,79
6902,c5,405
6903,c5,340
6904,c234,796
6905,c1,130
6906,c234,170
6907,c5,383
6908,c5,233
6909,c234,220
6910,c1,14
6911,c5,440
6912,c1,838
6913,c234,138
6914,c5,168
6915,c234,79
6916,c1,239
6917,c1,329
6918,c1,158
6919,c5,262
6920,c234,719
6921,c234,653
6922,c1,213
6923,c1,173
6924,c5,910
6925,c1,324
6926,c5,161
6927,c1,415
6928,c1,79
6929,c234,717
6930,c234,287
6931,c1,10
6932,c5,213
6933,c5,94
6934,c234,1125
6935,c5,42
6936,c234,456
6937,c234,2360
6938,c5,223
6939,c234,624
6940,c5,738
6941,c1,368
6942,c234,788
6943,c234,366
6944,c1,256
6945,c1,203
6946,c1,271
6947,c5,306
6948,c5,195
6949,c234,134
6950,c5,358
6951,c5,504
6952,c5,325
6953,c1,836
6954,c234,58
6955,c1,313
6956,c234,391
6957,c5,1043
6958,c234,107
6959,c1,62
6960,c5,162
6961,c1,158
6962,c5,1060
6963,c5,769
6964,c1,10
6965,c1,129
6966,c234,155
6967,c234,154
6968,c5,242
6969,c1,66
6970,c234,734
6971,c1,148
6972,c5,308
6973,c1,89
6974,c234,250
6975,c1,178
6976,c1,208
6977,c234,241
6978,c1,27
6979,c5,92
6980,c5,481
6981,c1,67
6982,c5,150
6983,c1,115
6984,c234,365
6985,c234,231
6986,c5,272
6987,c5,2364
6988,c1,915
6989,c234,866
6990,c5,891
6991,c1,245
6992,c1,133
6993,c1,64
6994,c234,362
6995,c5,671
6996,c234,604
6997,c5,118
6998,c5,2008
6999,c1,336
7000,c5,15
7001,c5,150
7002,c5,377
7003,c5,293
7004,c1,1023
7005,c5,625
7006,c1,462
7007,c5,231
7008,c234,722
7009,c234,92
7010,c1,316
7011,c5,63
7012,c5,741
7013,c234,660
7014,c5,515
7015,c1,351
7016,c234,102
7017,c5,486
7018,c1,275
7019,c5,305
7020,c5,243
7021,c234,843
7022,c5,168
7023,c5,126
7024,c5,53
7025,c234,31
7026,c1,1249
7027,c234,323
7028,c1,845
7029,c5,15
7030,c1,96
7031,c1,78
7032,c234,299
7033,c1,396
7034,c1,1102
7035,c5,242
7036,c1,820
7037,c5,270
7038,c234,428
7039,c5,385
7040,c1,481
7041,c5,664
7042,c1,277
7043,c1,627
7044,c5,489
7045,c1,424
7046,c234,245
7047,c1,75
7048,c1,167
7049,c234,695
7050,c234,106
7051,c5,143
7052,c5,43
7053,c234,410
7054,c234,674
7055,c5,193
7056,c234,126
7057,c234,272
7058,c1,10
7059,c234,330
7060,c234,478
7061,c5,172
7062,c5,371
7063,c1,47
7064,c234,349
7065,c5,274
7066,c5,376
7067,c5,150
7068,c234,289
7069,c1,508
7070,c5,99
7071,c234,907
7072,c234,1261
7073,c234,10
7074,c1,312
7075,c1,234
7076,c1,108
7077,c234,350
7078,c234,252
7079,c5,229
7080,c234,165
7081,c234,1202
7082,c5,444
7083,c5,338
7084,c1,241
7085,c234,249
7086,c5,409
7087,c234,191
7088,c1,927
7089,c1,2960
7090,c5,298
7091,c5,386
7092,c234,132
7093,c234,360
7094,c234,715
7095,c234,131
7096,c1,216
7097,c1,482
7098,c234,34
7099,c5,158
7100,c1,610
7101,c234,52
7102,c1,57
7103,c234,1016
7104,c5,491
7105,c5,212
7106,c234,241
7107,c234,455
7108,c5,250
7109,c5,222
7110,c234,1008
7111,c234,424
7112,c234,561
7113,c1,617
7114,c5,326
7115,c234,438
7116,c5,794
7117,c234,829
7118,c234,92
7119,c5,132
7120,c1,1291
7121,c234,335
7122,c5,66
7123,c1,391
7124,c5,583
7125,c5,132
7126,c5,192
7127,c5,247
7128,c234,111
7129,c1,197
7130,c234,1299
7131,c5,349
7132,c5,101
7133,c1,90
7134,c1,499
7135,c234,55
7136,c234,706
7137,c1,2133
7138,c1,222
7139,c234,579
7140,c5,495
7141,c5,307
7142,c1,1286
7143,c1,983
7144,c234,710
7145,c5,24
7146,c5,149
7147,c1,276
7148,c1,195
7149,c234,225
7150,c5,218
7151,c1,160
7152,c1,189
7153,c1,94
7154,c1,105
7155,c234,92
7156,c1,900
7157,c5,256
7158,c1,762
7159,c1,405
7160,c1,122
7161,c5,103
7162,c234,236
7163,c5,153
7164,c234,926
7165,c5,512
7166,c234,651
7167,c1,133
7168,c234,489
7169,c1,20
7170,c5,588
7171,c234,892
7172,c234,340
7173,c5,35
7174,c234,310
7175,c234,73
7176,c234,138
7177,c234,251
7178,c234,131
7179,c5,107
7180,c234,746
7181,c234,194
7182,c234,418
7183,c5,121
7184,c234,1168
7185,c234,66
7186,c5,148
7187,c1,603
7188,c1,513
7189,c1,423
7190,c1,88
7191,c1,134
7192,c234,380
7193,c1,1680
7194,c5,936
7195,c234,78
7196,c5,599
7197,c5,169
7198,c1,311
7199,c234,292
7200,c5,492
7201,c234,56
7202,c234,263
7203,c5,492
7204,c5,701
7205,c234,154
7206,c5,161
7207,c1,264
7208,c1,221
7209,c1,31
7210,c5,211
7211,c5,1022
7212,c5,694
7213,c1,142
7214,c234,179
7215,c1,750
7216,c5,172
7217,c234,139
7218,c1,1202
7219,c1,270
7220,c234,217
7221,c234,818
7222,c1,113
7223,c5,183
7224,c234,1217
7225,c234,640
7226,c234,874
7227,c234,245
7228,c5,200
7229,c234,492
7230,c5,481
7231,c234,104
7232,c234,232
7233,c1,392
7234,c234,80
7235,c234,882
7236,c234,254
7237,c5,34
7238,c1,415
7239,c5,352
7240,c1,235
7241,c5,171
7242,c5,99
7243,c1,885
7244,c5,222
7245,c5,47
7246,c1,507
7247,c234,422
7248,c1,255
7249,c5,91
7250,c234,197
7251,c5,64
7252,c234,1028
7253,c1,187
7254,c1,227
7255,c5,276
7256,c1,81
7257,c5,47
7258,c234,65
7259,c5,96
7260,c234,132
7261,c234,42
7262,c234,814
7263,c234,66
7264,c234,169
7265,c234,473
7266,c1,380
7267,c5,453
7268,c234,57
7269,c1,228
7270,c5,313
7271,c5,318
7272,c234,649
7273,c1,292
7274,c5,180
7275,c234,92
7276,c1,23
7277,c5,693
7278,c5,312
7279,c5,506
7280,c5,243
7281,c234,185
7282,c234,181
7283,c234,201
7284,c234,281
7285,c5,272
7286,c5,59
7287,c234,50
7288,c234,64
7289,c234,616
7290,c5,1014
7291,c234,1251
7292,c1,892
7293,c5,281
7294,c234,439
7295,c5,198
7296,c5,11
7297,c1,1026
7298,c5,104
7299,c1,716
7300,c234,278
7301,c1,173
7302,c5,447
7303,c1,318
7304,c234,955
7305,c234,335
7306,c5,74
7307,c1,70
7308,c5,65
7309,c5,70
7310,c5,544
7311,c1,191
7312,c5,368
7313,c1,361
7314,c234,192
7315,c1,111
7316,c234,356
7317,c1,551
7318,c234,207
7319,c5,83
7320,c1,19
7321,c1,725
7322,c1,56
7323,c5,416
7324,c234,602
7325,c234,169
7326,c234,123
7327,c234,183
7328,c234,177
7329,c1,136
7330,c5,115
7331,c1,23
7332,c234,85
7333,c234,578
7334,c5,150
7335,c1,313
7336,c234,672
7337,c234,1139
7338,c5,222
7339,c234,226
7340,c5,15
7341,c5,706
7342,c1,180
7343,c5,320
7344,c234,108
7345,c234,316
7346,c234,82
7347,c5,94
7348,c5,54
7349,c1,410
7350,c5,337
7351,c1,502
7352,c234,441
7353,c234,916
7354,c5,263
7355,c234,87
7356,c5,379
7357,c5,826
7358,c5,61
7359,c1,369
7360,c1,72
7361,c1,140
7362,c5,67
7363,c1,391
7364,c5,320
7365,c234,229
7366,c5,180
7367,c1,163
7368,c5,121
7369,c5,341
7370,c5,86
7371,c234,131
7372,c5,143
7373,c234,580
7374,c5,135
7375,c234,797
7376,c1,324
7377,c234,76
7378,c1,604
7379,c1,907
7380,c1,138
7381,c1,571
7382,c234,320
7383,c5,202
7384,c234,279
7385,c5,205
7386,c5,219
7387,c1,1496
7388,c234,247
7389,c234,143
7390,c1,235
7391,c1,54
7392,c1,487
7393,c234,39
7394,c5,484
7395,c1,907
7396,c234,622
7397,c234,591
7398,c1,333
7399,c234,34
7400,c1,2283
7401,c5,60
7402,c5,1227
7403,c234,744
7404,c1,261
7405,c234,81
7406,c5,846
7407,c5,88
7408,c1,928
7409,c1,265
7410,c1,453
7411,c1,390
7412,c1,87
7413,c5,139
7414,c5,658
7415,c1,254
7416,c234,783
7417,c1,197
7418,c5,99
7419,c5,439
7420,c1,670
7421,c5,73
7422,c234,19
7423,c1,962
7424,c1,571
7425,c234,439
7426,c1,620
7427,c234,513
7428,c5,196
7429,c5,251
7430,c5,207
7431,c234,458
7432,c5,312
7433,c1,524
7434,c1,481
7435,c234,339
7436,c1,128
7437,c5,64
7438,c5,479
7439,c234,658
7440,c1,314
7441,c5,51
7442,c5,291
7443,c1,788
7444,c234,228
7445,c234,622
7446,c234,2363
7447,c1,170
7448,c5,260
7449,c5,829
7450,c1,442
7451,c5,107
7452,c1,411
7453,c234,1678
7454,c1,65
7455,c1,387
7456,c5,239
7457,c5,241
7458,c5,469
7459,c5,345
7460,c1,508
7461,c234,250
7462,c5,488
7463,c5,312
7464,c234,230
7465,c1,320
7466,c1,381
7467,c5,661
7468,c1,204
7469,c234,19
7470,c5,205
7471,c234,561
7472,c1,132
7473,c1,291
7474,c1,333
7475,c234,476
7476,c1,167
7477,c1,164
7478,c5,276
7479,c5,391
7480,c234,372
7481,c234,216
7482,c234,1310
7483,c5,724
7484,c1,142
7485,c5,538
7486,c1,193
7487,c234,2018
7488,c1,132
7489,c234,95
7490,c234,763
7491,c234,137
7492,c234,173
7493,c1,220
7494,c5,208
7495,c1,301
7496,c1,751
7497,c1,17
7498,c1,30
7499,c234,56
7500,c1,689
7501,c234,255
7502,c234,575
7503,c5,440
7504,c1,506
7505,c234,393
7506,c1,1082
7507,c5,277
7508,c5,408
7509,c234,211
7510,c234,602
7511,c1,87
7512,c5,416
7513,c5,102
7514,c234,71
7515,c1,1356
7516,c1,722
7517,c5,219
7518,c5,728
7519,c1,125
7520,c1,557
7521,c1,706
7522,c234,36
7523,c1,35
7524,c5,551
7525,c1,101
7526,c1,281
7527,c234,375
7528,c5,83
7529,c5,872
7530,c234,1534
7531,c1,652
7532,c5,85
7533,c234,537
7534,c5,492
7535,c234,170
7536,c1,1203
7537,c5,83
7538,c5,182
7539,c1,226
7540,c234,642
7541,c5,64
7542,c1,31
7543,c234,609
7544,c5,142
7545,c234,768
7546,c234,428
7547,c5,438
7548,c1,646
7549,c5,262
7550,c5,621
7551,c5,862
7552,c1,169
7553,c234,71
7554,c234,90
7555,c234,88
7556,c5,155
7557,c5,264
7558,c234,142
7559,c234,1935
7560,c234,446
7561,c1,268
7562,c5,351
7563,c5,406
7564,c5,293
7565,c234,156
7566,c5,173
7567,c1,796
7568,c234,2048
7569,c1,241
7570,c1,425
7571,c5,66
7572,c234,526
7573,c1,737
7574,c5,249
7575,c234,164
7576,c1,120
7577,c234,399
7578,c1,410
7579,c234,69
7580,c234,136
7581,c234,30
7582,c234,1171
7583,c234,46
7584,c234,741
7585,c5,554
7586,c5,329
7587,c1,38
7588,c5,55
7589,c234,35
7590,c234,730
7591,c5,266
7592,c5,31
7593,c5,248
7594,c234,324
7595,c5,84
7596,c5,464
7597,c1,412
7598,c5,130
7599,c5,217
7600,c5,434
7601,c5,339
7602,c234,337
7603,c5,199
7604,c1,613
7605,c5,115
7606,c1,826
7607,c1,524
7608,c1,242
7609,c5,82
7610,c1,31
7611,c5,215
7612,c1,234
7613,c1,585
7614,c5,19
7615,c234,300
7616,c234,454
7617,c1,192
7618,c5,349
7619,c5,230
7620,c5,796
7621,c5,314
7622,c1,378
7623,c234,168
7624,c5,67
7625,c234,231
7626,c234,261
7627,c234,336
7628,c5,269
7629,c234,1573
7630,c5,2708
7631,c5,271
7632,c234,197
7633,c5,70
7634,c5,631
7635,c1,731
7636,c1,34
7637,c234,203
7638,c1,970
7639,c1,105
7640,c5,728
7641,c234,493
7642,c5,83
7643,c234,1275
7644,c1,84
7645,c5,1020
7646,c5,159
7647,c234,210
7648,c234,1796
7649,c5,238
7650,c234,533
7651,c1,231
7652,c234,40
7653,c234,517
7654,c234,111
7655,c5,59
7656,c1,331
7657,c1,160
7658,c1,242
7659,c5,159
7660,c1,620
7661,c5,534
7662,c5,201
7663,c234,30
7664,c234,245
7665,c1,122
7666,c234,596
7667,c1,798
7668,c5,700
7669,c1,259
7670,c1,643
7671,c234,36
7672,c1,637
7673,c5,190
7674,c1,873
7675,c5,518
7676,c234,622
7677,c1,1144
7678,c234,254
7679,c1,612
7680,c5,351
7681,c1,2110
7682,c234,797
7683,c5,174
7684,c234,423
7685,c1,725
7686,c5,137
7687,c1,670
7688,c5,197
7689,c234,31
7690,c5,263
7691,c5,127
7692,c234,1952
7693,c234,445
7694,c1,494
7695,c5,87
7696,c5,986
7697,c234,375
7698,c1,203
7699,c234,1889
7700,c1,429
7701,c1,18
7702,c234,754
7703,c5,485
7704,c234,226
7705,c5,162
7706,c1,216
7707,c1,186
7708,c234,147
7709,c1,779
7710,c234,661
7711,c5,296
7712,c1,622
7713,c234,203
7714,c5,640
7715,c5,92
7716,c5,262
7717,c1,287
7718,c1,305
7719,c1,1056
7720,c5,40
7721,c5,316
7722,c234,961
7723,c5,556
7724,c1,369
7725,c5,243
7726,c234,335
7727,c5,162
7728,c5,460
7729,c1,32
7730,c1,535
7731,c1,180
7732,c1,251
7733,c234,1045
7734,c1,420
7735,c234,207
7736,c1,73
7737,c234,428
7738,c1,213
7739,c1,475
7740,c234,187
7741,c5,797
7742,c1,1434
7743,c5,76
7744,c234,575
7745,c234,649
7746,c5,332
7747,c1,553
7748,c5,275
7749,c5,213
7750,c1,145
7751,c1,143
7752,c234,487
7753,c234,671
7754,c1,60
7755,c5,279
7756,c234,456
7757,c1,1732
7758,c5,92
7759,c5,45
7760,c5,27
7761,c1,640
7762,c234,91
7763,c234,128
7764,c234,1416
7765,c5,2374
7766,c1,165
7767,c5,72
7768,c1,235
7769,c5,272
7770,c234,464
7771,c1,63
7772,c234,550
7773,c1,64
7774,c234,138
7775,c234,309
7776,c5,283
7777,c1,407
7778,c234,150
7779,c5,69
7780,c234,100
7781,c1,122
7782,c5,55
7783,c5,444
7784,c1,438
7785,c1,415
7786,c234,143
7787,c5,2281
7788,c234,410
7789,c1,123
7790,c5,407
7791,c5,177
7792,c5,74
7793,c5,325
7794,c1,171
7795,c5,73
7796,c234,912
7797,c234,911
7798,c5,127
7799,c234,173
7800,c234,655
7801,c1,224
7802,c1,394
7803,c1,315
7804,c5,172
7805,c234,72
7806,c1,235
7807,c234,463
7808,c1,1509
7809,c5,70
7810,c1,64
7811,c5,117
7812,c234,901
7813,c1,178
7814,c5,571
7815,c5,175
7816,c5,398
7817,c5,159
7818,c1,149
7819,c234,2360
7820,c1,342
7821,c5,183
7822,c234,363
7823,c5,225
7824,c234,372
7825,c1,651
7826,c1,162
7827,c234,415
7828,c234,909
7829,c234,78
7830,c5,357
7831,c5,150
7832,c1,299
7833,c5,236
7834,c234,187
7835,c234,96
7836,c234,187
7837,c5,188
7838,c5,250
7839,c234,459
7840,c5,55
7841,c1,557
7842,c234,196
7843,c234,311
7844,c1,1531
7845,c5,44
7846,c234,175
7847,c234,179
7848,c234,283
7849,c5,42
7850,c234,168
7851,c5,415
7852,c1,426
7853,c5,169
7854,c1,147
7855,c234,132
7856,c1,632
7857,c5,198
7858,c234,73
7859,c1,535
7860,c5,434
7861,c1,335
7862,c5,34
7863,c234,38
7864,c5,62
7865,c5,243
7866,c1,555
7867,c234,1178
7868,c1,560
7869,c5,81
7870,c5,384
7871,c234,122
7872,c1,168
7873,c234,28
7874,c1,132
7875,c1,612
7876,c234,473
7877,c234,277
7878,c5,217
7879,c234,246
7880,c5,117
7881,c1,2389
7882,c234,580
7883,c234,1885
7884,c5,98
7885,c5,175
7886,c1,385
7887,c1,909
7888,c5,263
7889,c234,810
7890,c5,137
7891,c5,380
7892,c5,463
7893,c1,880
7894,c1,222
7895,c1,537
7896,c234,1185
7897,c234,29
7898,c1,489
7899,c234,662
7900,c1,719
7901,c234,467
7902,c5,295
7903,c1,492
7904,c5,376
7905,c1,275
7906,c5,38
7907,c5,179
7908,c1,58
7909,c234,392
7910,c5,577
7911,c1,366
7912,c5,176
7913,c234,365
7914,c1,607
7915,c5,146
7916,c5,366
7917,c5,54
7918,c5,276
7919,c234,400
7920,c1,147
7921,c5,199
7922,c5,363
7923,c234,383
7924,c1,411
7925,c5,370
7926,c1,517
7927,c1,306
7928,c5,416
7929,c1,302
7930,c5,620
7931,c1,64
7932,c5,150
7933,c234,332
7934,c234,61
7935,c5,470
7936,c234,174
7937,c5,561
7938,c1,518
7939,c1,2265
7940,c1,171
7941,c234,796
7942,c5,189
7943,c1,649
7944,c234,240
7945,c5,53
7946,c234,357
7947,c234,426
7948,c5,313
7949,c234,145
7950,c1,97
7951,c1,449
7952,c234,105
7953,c5,62
7954,c1,57
7955,c234,122
7956,c234,671
7957,c234,10
7958,c5,164
7959,c234,420
7960,c234,333
7961,c5,473
7962,c5,775
7963,c5,230
7964,c234,62
7965,c5,524
7966,c5,140
7967,c1,641
7968,c5,356
7969,c5,163
7970,c5,103
7971,c234,213
7972,c5,657
7973,c5,77
7974,c1,99
7975,c5,117
7976,c234,380
7977,c234,422
7978,c5,478
7979,c234,356
7980,c1,565
7981,c234,669
7982,c234,374
7983,c234,469
7984,c234,352
7985,c5,198
7986,c234,680
7987,c1,216
7988,c5,616
7989,c234,411
7990,c1,98
7991,c234,1158
7992,c1,106
7993,c1,169
7994,c234,397
7995,c234,70
7996,c234,132
7997,c5,121
7998,c1,97
7999,c5,513
8000,c1,1145
8001,c1,636
8002,c5,848
8003,c234,385
8004,c1,295
8005,c5,197
8006,c234,289
8007,c1,429
8008,c234,624
8009,c234,100
8010,c5,108
8011,c1,326
8012,c5,45
8013,c1,18
8014,c234,248
8015,c234,240
8016,c5,533
8017,c234,529
8018,c234,271
8019,c234,505
8020,c1,410
8021,c234,83
8022,c5,119
8023,c1,760
8024,c1,1069
8025,c5,929
8026,c1,40
8027,c234,402
8028,c1,25
8029,c234,345
8030,c5,588
8031,c1,291
8032,c1,593
8033,c1,123
8034,c234,65
8035,c5,1112
8036,c5,95
8037,c234,572
8038,c1,239
8039,c5,302
8040,c5,68
8041,c234,241
8042,c234,131
8043,c5,435
8044,c234,289
8045,c1,335
8046,c5,143
8047,c5,20
8048,c1,399
8049,c5,259
8050,c1,224
8051,c1,11
8052,c1,538
8053,c5,533
8054,c234,135
8055,c1,79
8056,c5,172
8057,c234,622
8058,c1,171
8059,c234,309
8060,c5,384
8061,c5,209
8062,c234,1234
8063,c5,244
8064,c5,117
8065,c5,73
8066,c234,28
8067,c1,135
8068,c5,171
8069,c234,135
8070,c234,244
8071,c234,85
8072,c234,452
8073,c1,950
8074,c234,191
8075,c5,64
8076,c234,611
8077,c1,314
8078,c1,172
8079,c1,524
8080,c5,128
8081,c234,58
8082,c5,339
8083,c1,2400
8084,c5,496
8085,c234,153
8086,c1,253
8087,c1,1117
8088,c5,139
8089,c5,632
8090,c1,920
8091,c234,515
8092,c1,125
8093,c5,81
8094,c234,380
8095,c234,116
8096,c5,33
8097,c5,566
8098,c234,123
8099,c5,311
8100,c1,103
8101,c5,200
8102,c5,138
8103,c1,207
8104,c1,692
8105,c5,218
8106,c1,176
8107,c234,850
8108,c1,414
8109,c5,520
8110,c234,131
8111,c234,529
8112,c1,389
8113,c5,123
8114,c234,664
8115,c234,506
8116,c5,159
8117,c5,411
8118,c5,531
8119,c5,290
8120,c1,412
8121,c234,169
8122,c234,275
8123,c5,421
8124,c234,304
8125,c5,497
8126,c234,269
8127,c234,144
8128,c234,301
8129,c234,520
8130,c5,60
8131,c5,266
8132,c234,54
8133,c234,267
8134,c234,361
8135,c1,902
8136,c1,69
8137,c234,92
8138,c5,191
8139,c5,304
8140,c5,331
8141,c1,308
8142,c1,849
8143,c234,928
8144,c5,110
8145,c1,360
8146,c5,171
8147,c1,129
8148,c5,128
8149,c234,427
8150,c234,772
8151,c1,178
8152,c1,162
8153,c234,577
8154,c5,149
8155,c234,492
8156,c5,728
8157,c234,978
8158,c1,199
8159,c5,501
8160,c5,72
8161,c5,261
8162,c1,280
8163,c5,75
8164,c5,142
8165,c5,196
8166,c234,73
8167,c1,500
8168,c234,658
8169,c1,604
8170,c5,579
8171,c1,129
8172,c5,690
8173,c234,97
8174,c1,187
8175,c1,457
8176,c1,509
8177,c1,230
8178,c1,165
8179,c234,558
8180,c5,67
8181,c1,512
8182,c1,124
8183,c5,282
8184,c1,1261
8185,c5,139
8186,c1,108
8187,c5,373
8188,c1,647
8189,c234,423
8190,c234,551
8191,c234,111
8192,c234,79
8193,c1,811
8194,c5,215
8195,c5,320
8196,c234,592
8197,c234,32
8198,c1,86
8199,c1,356
8200,c5,402
8201,c5,297
8202,c1,691
8203,c234,52
8204,c5,703
8205,c1,376
8206,c1,180
8207,c1,102
8208,c1,151
8209,c234,262
8210,c234,451
8211,c234,273
8212,c1,226
8213,c234,176
8214,c234,592
8215,c234,155
8216,c1,405
8217,c5,1328
8218,c5,142
8219,c1,186
8220,c5,311
8221,c5,280
8222,c234,33
8223,c234,546
8224,c234,171
8225,c1,197
8226,c234,102
8227,c234,11
8228,c1,825
8229,c5,636
8230,c5,84
8231,c5,445
8232,c5,225
8233,c234,120
8234,c234,144
8235,c234,468
8236,c1,272
8237,c5,11
8238,c1,68
8239,c5,99
8240,c1,132
8241,c5,372
8242,c234,579
8243,c1,14
8244,c234,842
8245,c5,634
8246,c5,124
8247,c234,622
8248,c234,373
8249,c234,67
8250,c234,463
8251,c1,753
8252,c234,766
8253,c5,622
8254,c234,190
8255,c1,282
8256,c234,256
8257,c234,574
8258,c234,139
8259,c1,468
8260,c1,388
8261,c5,205
8262,c1,70
8263,c234,380
8264,c234,834
8265,c234,534
8266,c5,154
8267,c1,757
8268,c1,825
8269,c5,429
8270,c5,238
8271,c1,42
8272,c1,372
8273,c234,224
8274,c234,150
8275,c1,408
8276,c1,428
8277,c1,874
8278,c1,223
8279,c1,617
8280,c234,152
8281,c5,810
8282,c1,72
8283,c5,388
8284,c5,16
8285,c234,278
8286,c5,75
8287,c234,1099
8288,c234,83
8289,c5,1682
8290,c5,190
8291,c234,69
8292,c234,519
8293,c234,62
8294,c234,267
8295,c1,136
8296,c5,363
8297,c1,1174
8298,c1,428
8299,c1,188
8300,c234,1191
8301,c234,452
8302,c234,261
8303,c234,182
8304,c234,129
8305,c234,418
8306,c1,457
8307,c234,29
8308,c5,153
8309,c5,41
8310,c5,129
8311,c1,385
8312,c5,238
8313,c234,302
8314,c1,84
8315,c1,318
8316,c234,403
8317,c234,363
8318,c1,85
8319,c234,497
8320,c5,35
8321,c5,79
8322,c1,415
8323,c5,217
8324,c5,704
8325,c1,25
8326,c1,244
8327,c1,159
8328,c234,378
8329,c1,9
8330,c5,153
8331,c5,330
8332,c1,1979
8333,c5,487
8334,c5,229
8335,c5,1277
8336,c234,348
8337,c1,107
8338,c5,346
8339,c234,848
8340,c1,128
8341,c5,80
8342,c234,133
8343,c5,304
8344,c1,729
8345,c5,386
8346,c1,508
8347,c1,421
8348,c234,274
8349,c1,1040
8350,c1,1721
8351,c1,41
8352,c1,581
8353,c5,65
8354,c234,338
8355,c5,169
8356,c5,63
8357,c5,644
8358,c234,456
8359,c5,151
8360,c1,361
8361,c234,469
8362,c234,116
8363,c234,479
8364,c5,493
8365,c1,504
8366,c1,459
8367,c5,29
8368,c5,79
8369,c5,320
8370,c5,555
8371,c234,318
8372,c1,71
8373,c234,105
8374,c5,115
8375,c234,323
8376,c5,195
8377,c5,383
8378,c234,45
8379,c5,37
8380,c234,408
8381,c5,126
8382,c1,102
8383,c5,465
8384,c1,450
8385,c234,1260
8386,c234,246
8387,c234,47
8388,c1,447
8389,c234,723
8390,c1,2621
8391,c1,686
8392,c5,664
8393,c234,461
8394,c1,310
8395,c234,759
8396,c5,234
8397,c234,35
8398,c234,695
8399,c234,185
8400,c1,1300
8401,c234,266
8402,c5,215
8403,c1,78
8404,c234,517
8405,c1,405
8406,c234,223
8407,c1,98
8408,c5,351
8409,c1,647
8410,c1,171
8411,c1,489
8412,c5,133
8413,c234,347
8414,c5,166
8415,c1,741
8416,c1,343
8417,c5,133
8418,c5,79
8419,c1,242
8420,c234,52
8421,c1,345
8422,c1,490
8423,c1,127
8424,c234,52
8425,c1,1574
8426,c1,276
8427,c1,479
8428,c234,785
8429,c5,643
8430,c234,941
8431,c1,535
8432,c5,698
8433,c234,447
8434,c1,131
8435,c234,284
8436,c234,450
8437,c234,242
8438,c1,543
8439,c234,457
8440,c5,515
8441,c234,239
8442,c234,1015
8443,c1,1627
8444,c5,60
8445,c1,179
8446,c1,89
8447,c234,69
8448,c5,145
8449,c5,105
8450,c1,384
8451,c234,178
8452,c5,306
8453,c234,169
8454,c5,54
8455,c1,36
8456,c5,900
8457,c234,509
8458,c5,126
8459,c5,364
8460,c234,101
8461,c5,282
8462,c234,13
8463,c5,295
8464,c234,1024
8465,c234,325
8466,c5,530
8467,c1,418
8468,c234,441
8469,c234,458
8470,c1,193
8471,c5,60
8472,c5,568
8473,c1,89
8474,c5,455
8475,c1,415
8476,c234,79
8477,c5,296
8478,c5,279
8479,c234,16
8480,c234,175
8481,c5,278
8482,c1,304
8483,c5,44
8484,c234,683
8485,c234,596
8486,c1,297
8487,c5,156
8488,c5,1007
8489,c1,527
8490,c234,743
8491,c1,182
8492,c5,82
8493,c5,119
8494,c234,265
8495,c5,187
8496,c234,439
8497,c5,273
8498,c1,163
8499,c5,595
8500,c234,335
8501,c1,330
8502,c1,352
8503,c234,49
8504,c1,633
8505,c234,284
8506,c234,727
8507,c5,530
8508,c5,70
8509,c5,131
8510,c1,146
8511,c1,646
8512,c5,60
8513,c234,1807
8514,c1,298
8515,c5,214
8516,c1,385
8517,c5,246
8518,c1,1620
8519,c5,598
8520,c234,388
8521,c234,90
8522,c1,431
8523,c234,186
8524,c1,515
8525,c1,331
8526,c5,507
8527,c5,264
8528,c234,78
8529,c1,55
8530,c1,175
8531,c234,237
8532,c1,406
8533,c234,322
8534,c5,374
8535,c1,134
8536,c5,235
8537,c5,1176
8538,c234,186
8539,c234,603
8540,c5,631
8541,c1,678
8542,c1,131
8543,c1,259
8544,c1,643
8545,c1,541
8546,c234,382
8547,c5,53
8548,c5,2217
8549,c5,590
8550,c5,142
8551,c5,474
8552,c5,700
8553,c5,551
8554,c234,452
8555,c234,374
8556,c5,266
8557,c234,335
8558,c1,44
8559,c5,1044
8560,c234,422
8561,c234,27
8562,c1,231
8563,c5,184
8564,c5,132
8565,c234,48
8566,c1,955
8567,c234,222
8568,c5,125
8569,c1,44
8570,c1,477
8571,c234,209
8572,c1,52
8573,c234,263
8574,c1,1329
8575,c234,352
8576,c234,410
8577,c5,51
8578,c1,562
8579,c234,622
8580,c1,709
8581,c5,68
8582,c5,129
8583,c234,416
8584,c5,1439
8585,c5,154
8586,c234,334
8587,c234,716
8588,c234,179
8589,c234,493
8590,c5,34
8591,c5,223
8592,c1,182
8593,c1,261
8594,c234,331
8595,c5,870
8596,c5,112
8597,c5,85
8598,c5,158
8599,c5,80
8600,c1,44
8601,c234,1271
8602,c1,681
8603,c5,812
8604,c234,395
8605,c234,1041
8606,c1,134
8607,c234,92
8608,c5,1216
8609,c234,482
8610,c1,525
8611,c5,52
8612,c5,203
8613,c234,477
8614,c5,191
8615,c234,132
8616,c1,295
8617,c5,117
8618,c234,995
8619,c234,30
8620,c1,242
8621,c5,99
8622,c234,191
8623,c5,122
8624,c234,1540
8625,c5,219
8626,c234,627
8627,c5,1812
8628,c5,208
8629,c234,452
8630,c5,94
8631,c5,549
8632,c5,59
8633,c234,22
8634,c1,104
8635,c1,484
8636,c1,946
8637,c1,154
8638,c1,37
8639,c5,394
8640,c1,80
8641,c234,73
8642,c5,417
8643,c234,704
8644,c1,144
8645,c5,231
8646,c234,59
8647,c1,1198
8648,c5,280
8649,c5,473
8650,c5,358
8651,c1,365
8652,c1,159
8653,c234,112
8654,c234,376
8655,c5,112
8656,c234,415
8657,c234,13
8658,c5,418
8659,c1,594
8660,c234,159
8661,c1,364
8662,c234,197
8663,c5,249
8664,c5,85
8665,c234,1414
8666,c1,263
8667,c5,326
8668,c5,100
8669,c5,171
8670,c5,305
8671,c234,608
8672,c1,492
8673,c1,338
8674,c234,48
8675,c1,13
8676,c234,785
8677,c1,423
8678,c234,631
8679,c234,110
8680,c234,334
8681,c234,41
8682,c234,106
8683,c234,252
8684,c234,420
8685,c1,457
8686,c1,2767
8687,c234,195
8688,c234,499
8689,c234,118
8690,c1,40
8691,c5,382
8692,c1,576
8693,c5,132
8694,c5,952
8695,c1,93
8696,c1,194
8697,c1,174
8698,c5,438
8699,c1,60
8700,c5,844
8701,c234,458
8702,c234,495
8703,c1,979
8704,c234,1148
8705,c1,134
8706,c234,125
8707,c5,69
8708,c1,220
8709,c1,317
8710,c1,503
8711,c234,356
8712,c5,903
8713,c1,464
8714,c1,242
8715,c5,410
8716,c234,131
8717,c1,443
8718,c5,229
8719,c1,384
8720,c5,268
8721,c234,1062
8722,c234,899
8723,c1,1203
8724,c5,35
8725,c5,161
8726,c1,134
8727,c5,46
8728,c1,1209
8729,c1,132
8730,c1,852
8731,c234,396
8732,c234,428
8733,c1,87
8734,c5,215
8735,c234,329
8736,c234,588
8737,c1,387
8738,c5,136
8739,c5,2521
8740,c234,392
8741,c234,355
8742,c1,108
8743,c1,60
8744,c5,189
8745,c234,284
8746,c234,1729
8747,c5,82
8748,c234,299
8749,c5,277
8750,c5,596
8751,c234,133
8752,c234,450
8753,c1,133
8754,c234,66
8755,c5,1213
8756,c1,236
8757,c234,9
8758,c234,83
8759,c5,998
8760,c234,452
8761,c5,11
8762,c5,37
8763,c5,223
8764,c5,511
8765,c1,1656
8766,c5,298
8767,c234,460
8768,c234,46
8769,c234,1437
8770,c5,67
8771,c5,127
8772,c5,104
8773,c5,241
8774,c5,65
8775,c234,278
8776,c1,79
8777,c5,64
8778,c5,68
8779,c1,169
8780,c1,392
8781,c5,2476
8782,c5,331
8783,c1,177
8784,c5,111
8785,c5,337
8786,c234,249
8787,c5,372
8788,c1,208
8789,c1,625
8790,c1,388
8791,c1,366
8792,c1,359
8793,c5,270
8794,c5,640
8795,c5,279
8796,c5,63
8797,c1,428
8798,c1,554
8799,c5,48
8800,c234,687
8801,c234,115
8802,c1,887
8803,c234,439
8804,c1,787
8805,c5,62
8806,c234,406
8807,c234,116
8808,c234,296
8809,c5,326
8810,c1,227
8811,c234,378
8812,c1,234
8813,c1,556
8814,c1,47
8815,c1,585
8816,c234,113
8817,c234,596
8818,c234,424
8819,c1,1392
8820,c1,945
8821,c1,148
8822,c5,221
8823,c5,962
8824,c5,965
8825,c5,906
8826,c1,1118
8827,c234,553
8828,c5,35
8829,c1,35
8830,c234,88
8831,c1,619
8832,c1,1924
8833,c234,286
8834,c5,190
8835,c5,575
8836,c5,3140
8837,c5,712
8838,c5,75
8839,c1,259
8840,c234,60
8841,c5,22
8842,c234,242
8843,c5,1689
8844,c234,611
8845,c234,698
8846,c234,652
8847,c1,322
8848,c1,270
8849,c234,553
8850,c234,172
8851,c5,356
8852,c5,121
8853,c5,111
8854,c1,239
8855,c234,944
8856,c1,763
8857,c5,75
8858,c234,597
8859,c5,227
8860,c234,377
8861,c234,480
8862,c234,50
8863,c234,374
8864,c5,334
8865,c5,465
8866,c1,249
8867,c5,171
8868,c5,177
8869,c234,39
8870,c5,418
8871,c5,616
8872,c234,658
8873,c5,687
8874,c5,35
8875,c1,312
8876,c5,340
8877,c234,446
8878,c1,302
8879,c234,465
8880,c234,77
8881,c234,393
8882,c1,265
8883,c5,75
8884,c1,929
8885,c234,236
8886,c5,228
8887,c5,151
8888,c5,474
8889,c1,264
8890,c1,621
8891,c234,154
8892,c234,746
8893,c5,158
8894,c1,54
8895,c234,58
8896,c234,106
8897,c234,213
8898,c234,102
8899,c234,800
8900,c1,210
8901,c234,238
8902,c234,1320
8903,c1,174
8904,c234,373
8905,c5,340
8906,c234,47
8907,c234,492
8908,c1,55
8909,c1,119
8910,c1,137
8911,c5,131
8912,c234,849
8913,c1,212
8914,c1,92
8915,c234,961
8916,c1,450
8917,c1,176
8918,c234,492
8919,c234,151
8920,c1,298
8921,c5,221
8922,c1,1083
8923,c5,125
8924,c234,121
8925,c234,117
8926,c5,166
8927,c1,643
8928,c5,416
8929,c234,207
8930,c234,516
8931,c234,424
8932,c5,94
8933,c5,138
8934,c234,303
8935,c1,347
8936,c5,99
8937,c1,135
8938,c1,233
8939,c234,285
8940,c1,459
8941,c5,377
8942,c1,599
8943,c234,52
8944,c234,1333
8945,c234,367
8946,c1,289
8947,c234,104
8948,c1,121
8949,c234,402
8950,c1,585
8951,c1,207
8952,c5,30
8953,c1,464
8954,c1,176
8955,c5,461
8956,c5,318
8957,c234,360
8958,c5,137
8959,c5,643
8960,c234,250
8961,c5,2164
8962,c1,401
8963,c234,40
8964,c5,172
8965,c234,44
8966,c234,363
8967,c1,86
8968,c5,82
8969,c234,262
8970,c234,107
8971,c5,88
8972,c1,532
8973,c1,244
8974,c1,114
8975,c234,612
8976,c5,213
8977,c1,148
8978,c1,339
8979,c234,72
8980,c234,281
8981,c234,1077
8982,c234,407
8983,c234,54
8984,c1,140
8985,c234,303
8986,c1,699
8987,c1,80
8988,c5,85
8989,c1,745
8990,c5,144
8991,c1,351
8992,c1,540
8993,c5,939
8994,c1,1296
8995,c1,27
8996,c5,60
8997,c234,563
8998,c1,76
8999,c234,143
9000,c234,174
9001,c234,794
9002,c234,262
9003,c1,443
9004,c5,67
9005,c5,277
9006,c234,649
9007,c5,39
9008,c234,175
9009,c5,146
9010,c1,604
9011,c5,42
9012,c5,1277
9013,c234,371
9014,c5,160
9015,c234,166
9016,c1,327
9017,c1,454
9018,c5,152
9019,c1,332
9020,c1,219
9021,c1,29
9022,c5,383
9023,c1,78
9024,c234,144
9025,c1,45
9026,c234,327
9027,c234,115
9028,c1,401
9029,c234,128
9030,c1,120
9031,c1,181
9032,c234,208
9033,c1,841
9034,c1,100
9035,c1,213
9036,c5,492
9037,c5,409
9038,c5,143
9039,c234,1014
9040,c234,169
9041,c1,44
9042,c1,408
9043,c5,154
9044,c5,415
9045,c234,405
9046,c234,772
9047,c1,401
9048,c1,122
9049,c234,688
9050,c234,1091
9051,c234,327
9052,c1,41
9053,c5,178
9054,c234,148
9055,c5,409
9056,c234,75
9057,c1,333
9058,c1,768
9059,c1,146
9060,c234,1687
9061,c1,136
9062,c1,1033
9063,c1,675
9064,c234,304
9065,c234,144
9066,c5,107
9067,c5,113
9068,c5,500
9069,c5,179
9070,c234,192
9071,c5,580
9072,c234,1478
9073,c5,124
9074,c5,19
9075,c234,386
9076,c234,647
9077,c234,587
9078,c1,240
9079,c1,85
9080,c234,1320
9081,c234,136
9082,c234,1538
9083,c234,1009
9084,c1,63
9085,c1,311
9086,c1,241
9087,c5,430
9088,c234,615
9089,c234,517
9090,c1,904
9091,c234,1374
9092,c234,888
9093,c5,40
9094,c5,903
9095,c1,436
9096,c1,364
9097,c1,884
9098,c234,376
9099,c1,402
9100,c1,665
9101,c5,277
9102,c234,654
9103,c1,156
9104,c234,472
9105,c5,980
9106,c5,114
9107,c234,252
9108,c234,399
9109,c234,255
9110,c234,117
9111,c1,490
9112,c1,8
9113,c234,1101
9114,c5,447
9115,c234,60
9116,c5,235
9117,c1,1233
9118,c234,627
9119,c5,302
9120,c234,708
9121,c1,112
9122,c234,270
9123,c1,332
9124,c1,414
9125,c234,207
9126,c234,428
9127,c234,606
9128,c5,40
9129,c5,185
9130,c234,437
9131,c1,664
9132,c234,451
9133,c1,608
9134,c234,174
9135,c5,262
9136,c5,51
9137,c234,223
9138,c234,816
9139,c5,236
9140,c234,89
9141,c1,192
9142,c5,608
9143,c234,104
9144,c1,45
9145,c5,702
9146,c5,795
9147,c1,267
9148,c234,466
9149,c234,1411
9150,c234,501
9151,c1,2331
9152,c1,104
9153,c234,26
9154,c5,1188
9155,c1,900
9156,c234,64
9157,c234,551
9158,c5,131
9159,c1,165
9160,c234,820
9161,c1,388
9162,c1,309
9163,c234,218
9164,c5,299
9165,c1,147
9166,c5,861
9167,c1,258
9168,c1,351
9169,c234,60
9170,c234,535
9171,c5,426
9172,c5,437
9173,c1,50
9174,c5,241
9175,c234,176
9176,c234,356
9177,c234,212
9178,c234,418
9179,c5,191
9180,c5,655
9181,c1,38
9182,c1,503
9183,c5,84
9184,c1,825
9185,c234,622
9186,c1,415
9187,c1,227
9188,c234,318
9189,c234,602
9190,c1,37
9191,c5,158
9192,c5,238
9193,c1,73
9194,c5,255
9195,c5,565
9196,c234,1223
9197,c234,147
9198,c1,185
9199,c234,671
9200,c1,621
9201,c5,157
9202,c1,414
9203,c234,488
9204,c234,88
9205,c5,22
9206,c5,559
9207,c1,540
9208,c1,568
9209,c5,68
9210,c5,143
9211,c1,798
9212,c1,762
9213,c5,142
9214,c1,197
9215,c1,886
9216,c5,110
9217,c234,266
9218,c5,12
9219,c1,178
9220,c5,88
9221,c5,610
9222,c5,144
9223,c5,422
9224,c5,380
9225,c5,156
9226,c234,132
9227,c234,526
9228,c5,39
9229,c1,547
9230,c5,288
9231,c5,213
9232,c234,659
9233,c1,46
9234,c234,595
9235,c5,122
9236,c5,579
9237,c5,576
9238,c1,129
9239,c1,1192
9240,c5,82
9241,c234,609
9242,c5,306
9243,c5,585
9244,c1,59
9245,c1,516
9246,c234,1471
9247,c1,480
9248,c1,44
9249,c234,86
9250,c5,115
9251,c5,328
9252,c234,2922
9253,c5,67
9254,c5,358
9255,c234,194
9256,c1,303
9257,c1,186
9258,c5,137
9259,c1,755
9260,c5,283
9261,c5,224
9262,c1,665
9263,c234,110
9264,c1,250
9265,c5,181
9266,c234,609
9267,c1,392
9268,c234,360
9269,c1,82
9270,c1,1304
9271,c5,451
9272,c5,300
9273,c1,138
9274,c234,92
9275,c5,794
9276,c1,307
9277,c1,445
9278,c5,282
9279,c234,401
9280,c5,53
9281,c234,168
9282,c234,744
9283,c5,123
9284,c234,76
9285,c234,217
9286,c234,195
9287,c1,237
9288,c234,319
9289,c234,31
9290,c5,607
9291,c1,484
9292,c234,521
9293,c5,152
9294,c5,312
9295,c1,40
9296,c234,116
9297,c1,211
9298,c5,91
9299,c5,369
9300,c1,894
9301,c234,302
9302,c1,604
9303,c5,41
9304,c234,566
9305,c234,84
9306,c5,314
9307,c234,528
9308,c5,63
9309,c5,504
9310,c1,252
9311,c1,1204
9312,c5,63
9313,c234,189
9314,c234,1034
9315,c5,392
9316,c5,83
9317,c5,151
9318,c5,234
9319,c1,370
9320,c234,865
9321,c1,136
9322,c5,446
9323,c5,497
9324,c234,623
9325,c5,59
9326,c5,1032
9327,c234,160
9328,c1,336
9329,c1,66
9330,c5,583
9331,c1,12
9332,c5,133
9333,c1,367
9334,c1,131
9335,c234,216
9336,c5,281
9337,c1,580
9338,c1,516
9339,c234,243
9340,c234,2907
9341,c234,435
9342,c5,80
9343,c5,133
9344,c5,221
9345,c1,164
9346,c1,2928
9347,c5,323
9348,c1,492
9349,c234,458
9350,c234,234
9351,c5,518
9352,c234,699
9353,c234,289
9354,c234,1490
9355,c234,749
9356,c1,160
9357,c5,267
9358,c234,179
9359,c1,97
9360,c234,318
9361,c5,1758
9362,c1,907
9363,c234,119
9364,c1,180
9365,c234,161
9366,c5,175
9367,c1,594
9368,c1,850
9369,c5,75
9370,c5,284
9371,c1,338
9372,c234,174
9373,c1,407
9374,c5,333
9375,c234,261
9376,c1,454
9377,c234,560
9378,c1,476
9379,c234,210
9380,c234,240
9381,c5,86
9382,c5,89
9383,c1,242
9384,c1,279
9385,c234,161
9386,c1,260
9387,c1,631
9388,c234,155
9389,c1,397
9390,c5,227
9391,c234,283
9392,c1,309
9393,c1,18
9394,c1,209
9395,c1,964
9396,c1,73
9397,c1,138
9398,c1,63
9399,c234,37
9400,c5,333
9401,c5,290
9402,c1,602
9403,c5,161
9404,c1,343
9405,c234,619
9406,c5,315
9407,c5,552
9408,c234,506
9409,c234,979
9410,c5,168
9411,c5,622
9412,c234,490
9413,c5,88
9414,c1,109
9415,c5,100
9416,c234,310
9417,c1,316
9418,c5,144
9419,c1,609
9420,c5,199
9421,c5,214
9422,c1,211
9423,c1,418
9424,c234,486
9425,c1,525
9426,c5,313
9427,c5,246
9428,c5,121
9429,c234,448
9430,c5,526
9431,c234,33
9432,c1,145
9433,c234,1093
9434,c234,306
9435,c1,415
9436,c234,1758
9437,c1,219
9438,c1,264
9439,c1,559
9440,c5,284
9441,c5,415
9442,c234,60
9443,c5,192
9444,c234,149
9445,c1,7
9446,c5,244
9447,c5,382
9448,c234,579
9449,c234,119
9450,c1,128
9451,c234,2898
9452,c5,138
9453,c5,317
9454,c234,240
9455,c1,119
9456,c1,125
9457,c1,1435
9458,c234,120
9459,c234,124
9460,c1,63
9461,c5,412
9462,c1,430
9463,c5,241
9464,c234,540
9465,c1,199
9466,c234,45
9467,c234,462
9468,c1,132
9469,c5,299
9470,c5,439
9471,c5,184
9472,c234,133
9473,c234,275
9474,c234,766
9475,c5,144
9476,c5,73
9477,c5,141
9478,c1,281
9479,c1,40
9480,c5,268
9481,c1,380
9482,c5,24
9483,c234,179
9484,c234,182
9485,c5,147
9486,c5,47
9487,c5,135
9488,c1,348
9489,c1,415
9490,c234,81
9491,c234,415
9492,c5,131
9493,c1,264
9494,c1,64
9495,c1,272
9496,c5,37
9497,c5,472
9498,c5,231
9499,c234,560
9500,c5,214
9501,c234,87
9502,c5,307
9503,c5,113
9504,c1,28
9505,c1,64
9506,c234,13
9507,c5,655
9508,c1,470
9509,c5,441
9510,c234,627
9511,c5,402
9512,c5,243
9513,c1,405
9514,c234,290
9515,c1,270
9516,c5,53
9517,c234,254
9518,c234,61
9519,c5,357
9520,c1,562
9521,c1,394
9522,c1,192
9523,c234,427
9524,c1,145
9525,c5,117
9526,c1,396
9527,c5,299
9528,c1,770
9529,c234,1135
9530,c5,266
9531,c1,493
9532,c1,772
9533,c1,347
9534,c5,86
9535,c5,209
9536,c234,212
9537,c1,89
9538,c5,371
9539,c1,299
9540,c234,583
9541,c234,786
9542,c234,1019
9543,c234,163
9544,c234,432
9545,c234,212
9546,c5,924
9547,c234,486
9548,c1,47
9549,c234,159
9550,c1,548
9551,c1,909
9552,c1,21
9553,c1,286
9554,c1,104
9555,c1,884
9556,c1,1293
9557,c1,935
9558,c1,453
9559,c234,490
9560,c234,502
9561,c5,149
9562,c5,355
9563,c5,391
9564,c234,144
9565,c5,186
9566,c5,363
9567,c234,186
9568,c5,78
9569,c5,577
9570,c5,95
9571,c5,1045
9572,c5,226
9573,c1,177
9574,c5,219
9575,c5,61
9576,c5,75
9577,c5,321
9578,c5,35
9579,c234,70
9580,c1,191
9581,c234,109
9582,c234,607
9583,c1,759
9584,c234,478
9585,c234,428
9586,c1,1143
9587,c5,454
9588,c1,1109
9589,c1,977
9590,c1,215
9591,c234,691
9592,c1,1231
9593,c1,43
9594,c5,219
9595,c5,137
9596,c234,1052
9597,c1,34
9598,c234,405
9599,c5,339
9600,c5,507
9601,c234,392
9602,c1,938
9603,c1,1432
9604,c234,54
9605,c5,26
9606,c234,559
9607,c234,210
9608,c5,249
9609,c234,261
9610,c5,107
9611,c5,249
9612,c5,497
9613,c1,595
9614,c1,193
9615,c5,331
9616,c1,1218
9617,c234,907
9618,c234,741
9619,c234,136
9620,c5,352
9621,c5,317
9622,c5,146
9623,c234,139
9624,c5,147
9625,c1,130
9626,c234,409
9627,c234,676
9628,c5,299
9629,c234,297
9630,c234,1882
9631,c5,453
9632,c5,403
9633,c1,78
9634,c1,64
9635,c5,47
9636,c234,93
9637,c234,71
9638,c234,549
9639,c1,660
9640,c1,870
9641,c5,92
9642,c5,386
9643,c234,513
9644,c1,957
9645,c234,454
9646,c234,243
9647,c5,378
9648,c1,27
9649,c5,453
9650,c234,108
9651,c234,74
9652,c5,154
9653,c5,662
9654,c234,92
9655,c234,299
9656,c1,904
9657,c234,123
9658,c1,301
9659,c234,50
9660,c5,38
9661,c1,255
9662,c1,763
9663,c5,319
9664,c5,390
9665,c5,236
9666,c234,1241
9667,c5,447
9668,c1,496
9669,c1,127
9670,c234,47
9671,c5,60
9672,c5,970
9673,c1,392
9674,c5,406
9675,c5,92
9676,c5,512
9677,c1,443
9678,c5,287
9679,c234,35
9680,c1,138
9681,c1,622
9682,c5,212
9683,c5,462
9684,c5,136
9685,c5,504
9686,c234,528
9687,c1,412
9688,c1,130
9689,c1,170
9690,c5,81
9691,c1,449
9692,c1,69
9693,c234,181
9694,c5,230
9695,c5,382
9696,c234,169
9697,c5,1410
9698,c234,248
9699,c5,217
9700,c234,140
9701,c5,133
9702,c1,100
9703,c234,187
9704,c234,102
9705,c5,89
9706,c234,719
9707,c1,384
9708,c1,123
9709,c1,499
9710,c234,226
9711,c234,267
9712,c1,778
9713,c234,386
9714,c5,243
9715,c1,449
9716,c234,175
9717,c5,499
9718,c234,106
9719,c1,343
9720,c234,597
9721,c234,167
9722,c5,385
9723,c5,121
9724,c1,545
9725,c234,14
9726,c234,426
9727,c5,1142
9728,c1,36
9729,c5,360
9730,c5,331
9731,c5,44
9732,c234,227
9733,c234,117
9734,c5,363
9735,c1,243
9736,c1,130
9737,c234,41
9738,c234,206
9739,c234,342
9740,c5,62
9741,c1,117
9742,c234,550
9743,c234,825
9744,c1,1067
9745,c234,8
9746,c5,983
9747,c234,280
9748,c5,263
9749,c1,36
9750,c1,711
9751,c234,294
9752,c1,520
9753,c5,83
9754,c1,131
9755,c5,333
9756,c234,290
9757,c1,362
9758,c5,621
9759,c234,622
9760,c234,106
9761,c234,276
9762,c234,491
9763,c5,274
9764,c234,199
9765,c1,190
9766,c234,684
9767,c5,341
9768,c234,1176
9769,c5,1166
9770,c1,195
9771,c1,397
9772,c5,466
9773,c234,265
9774,c234,438
9775,c1,411
9776,c5,127
9777,c234,132
9778,c1,316
9779,c1,405
9780,c1,211
9781,c234,456
9782,c234,16
9783,c234,1040
9784,c234,210
9785,c5,135
9786,c5,401
9787,c234,157
9788,c234,1261
9789,c234,692
9790,c5,101
9791,c234,1740
9792,c5,130
9793,c1,560
9794,c234,591
9795,c234,395
9796,c234,195
9797,c5,501
9798,c5,42
9799,c1,334
9800,c5,887
9801,c1,749
9802,c1,531
9803,c5,533
9804,c5,281
9805,c1,397
9806,c5,43
9807,c1,306
9808,c234,156
9809,c5,64
9810,c234,192
9811,c1,146
9812,c5,14
9813,c1,116
9814,c234,554
9815,c5,215
9816,c1,343
9817,c5,247
9818,c1,344
9819,c234,336
9820,c234,252
9821,c1,144
9822,c5,158
9823,c1,1219
9824,c5,567
9825,c234,77
9826,c1,166
9827,c5,463
9828,c5,490
9829,c5,216
9830,c234,123
9831,c1,196
9832,c234,87
9833,c1,1158
9834,c5,1133
9835,c1,465
9836,c5,104
9837,c5,358
9838,c234,223
9839,c1,177
9840,c234,916
9841,c234,11
9842,c234,89
9843,c234,58
9844,c5,78
9845,c234,256
9846,c1,100
9847,c1,422
9848,c5,81
9849,c5,583
9850,c5,3381
9851,c234,40
9852,c234,720
9853,c5,352
9854,c234,43
9855,c234,322
9856,c234,68
9857,c5,602
9858,c234,299
9859,c234,486
9860,c1,193
9861,c5,280
9862,c234,305
9863,c234,163
9864,c5,235
9865,c5,386
9866,c5,171
9867,c5,467
9868,c1,254
9869,c5,477
9870,c1,2434
9871,c1,1557
9872,c5,122
9873,c5,171
9874,c1,32
9875,c1,399
9876,c234,96
9877,c5,337
9878,c5,74
9879,c1,1314
9880,c234,1268
9881,c1,763
9882,c5,38
9883,c5,276
9884,c234,770
9885,c234,212
9886,c234,497
9887,c234,64
9888,c234,314
9889,c1,24
9890,c1,129
9891,c234,696
9892,c5,11
9893,c234,298
9894,c1,77
9895,c1,720
9896,c1,592
9897,c1,10
9898,c234,127
9899,c1,109
9900,c1,159
9901,c234,180
9902,c5,159
9903,c1,179
9904,c234,695
9905,c234,192
9906,c5,355
9907,c234,132
9908,c234,388
9909,c234,277
9910,c1,603
9911,c234,144
9912,c234,48
9913,c234,139
9914,c5,265
9915,c234,156
9916,c1,315
9917,c5,203
9918,c5,302
9919,c1,805
9920,c234,626
9921,c234,608
9922,c1,361
9923,c1,867
9924,c1,369
9925,c5,382
9926,c234,314
9927,c1,570
9928,c1,131
9929,c234,32
9930,c234,292
9931,c1,416
9932,c5,149
9933,c5,608
9934,c5,250
9935,c1,873
9936,c234,48
9937,c5,42
9938,c1,315
9939,c234,121
9940,c234,301
9941,c5,356
9942,c1,35
9943,c234,415
9944,c234,314
9945,c1,558
9946,c5,235
9947,c1,544
9948,c234,128
9949,c5,612
9950,c1,539
9951,c1,769
9952,c1,4092
9953,c234,476
9954,c5,151
9955,c234,116
9956,c1,350
9957,c234,550
9958,c5,87
9959,c234,349
9960,c1,430
9961,c234,337
9962,c1,521
9963,c234,867
9964,c234,83
9965,c234,1118
9966,c234,253
9967,c1,53
9968,c5,263
9969,c5,93
9970,c234,442
9971,c1,129
9972,c234,545
9973,c1,180
9974,c1,346
9975,c5,300
9976,c1,1034
9977,c1,1052
9978,c234,175
9979,c5,144
9980,c5,831
9981,c1,294
9982,c234,166
9983,c5,335
9984,c1,123
9985,c5,263
9986,c1,702
9987,c234,132
9988,c234,104
9989,c1,82
9990,c1,301
9991,c5,62
9992,c1,63
9993,c234,73
9994,c1,209
9995,c234,72
9996,c1,167
9997,c234,143
9998,c1,125
9999,c234,544
10000,c1,131
10001,c234,60
10002,c1,1446
10003,c234,2284
10004,c1,475
10005,c234,804
10006,c5,105
10007,c5,127
10008,c234,85
10009,c1,28
10010,c5,238
10011,c234,504
10012,c234,19
10013,c5,95
10014,c5,576
10015,c5,72
10016,c234,962
10017,c1,304
10018,c5,548
10019,c234,380
10020,c5,305
10021,c5,328
10022,c1,44
10023,c1,359
10024,c234,118
10025,c1,106
10026,c1,35
10027,c234,103
10028,c234,421
10029,c234,96
10030,c234,883
10031,c5,746
10032,c1,318
10033,c5,538
10034,c1,622
10035,c1,892
10036,c5,615
10037,c234,135
10038,c5,232
10039,c1,425
10040,c5,402
10041,c5,297
10042,c5,961
10043,c1,284
10044,c5,22
10045,c1,131
10046,c1,1124
10047,c1,475
10048,c5,491
10049,c234,461
10050,c1,71
10051,c1,78
10052,c5,61
10053,c234,63
10054,c5,210
10055,c1,743
10056,c5,464
10057,c234,710
10058,c234,273
10059,c5,158
10060,c5,156
10061,c5,32
10062,c1,573
10063,c1,658
10064,c1,25
10065,c1,866
10066,c234,505
10067,c5,266
10068,c1,511
10069,c234,627
10070,c1,129
10071,c1,246
10072,c5,567
10073,c5,410
10074,c234,241
10075,c5,341
10076,c234,143
10077,c1,962
10078,c234,82
10079,c1,814
10080,c5,364
10081,c5,100
10082,c5,432
10083,c234,142
10084,c234,116
10085,c234,94
10086,c1,96
10087,c234,700
10088,c234,299
10089,c1,1602
10090,c234,507
10091,c5,193
10092,c1,541
10093,c5,851
10094,c234,611
10095,c1,379
10096,c5,333
10097,c5,389
10098,c5,32
10099,c234,310
10100,c1,73
10101,c234,96
10102,c234,28
10103,c5,137
10104,c5,176
10105,c234,11
10106,c234,192
10107,c1,124
10108,c5,375
10109,c234,521
10110,c234,23
10111,c234,299
10112,c5,305
10113,c1,1057
10114,c234,371
10115,c5,232
10116,c5,696
10117,c1,400
10118,c1,137
10119,c234,697
10120,c1,300
10121,c234,539
10122,c234,793
10123,c234,641
10124,c5,436
10125,c1,169
10126,c5,136
10127,c1,172
10128,c1,89
10129,c5,60
10130,c234,543
10131,c234,165
10132,c1,588
10133,c5,270
10134,c1,1031
10135,c5,1367
10136,c1,89
10137,c234,207
10138,c1,637
10139,c234,465
10140,c1,129
10141,c5,329
10142,c5,598
10143,c1,639
10144,c234,351
10145,c5,142
10146,c1,37
10147,c234,160
10148,c5,600
10149,c234,88
10150,c5,51
10151,c5,417
10152,c5,263
10153,c5,133
10154,c234,945
10155,c234,1360
10156,c1,1098
10157,c234,144
10158,c1,750
10159,c234,724
10160,c234,623
10161,c234,510
10162,c5,41
10163,c5,467
10164,c5,293
10165,c5,158
10166,c234,172
10167,c1,300
10168,c1,374
10169,c5,904
10170,c5,139
10171,c234,121
10172,c1,126
10173,c1,406
10174,c234,196
10175,c234,165
10176,c234,338
10177,c234,680
10178,c5,416
10179,c234,834
10180,c1,881
10181,c5,82
10182,c5,120
10183,c5,487
10184,c1,19
10185,c1,256
10186,c1,625
10187,c1,400
10188,c1,413
10189,c1,230
10190,c234,267
10191,c1,1010
10192,c1,772
10193,c234,469
10194,c1,622
10195,c1,1826
10196,c1,224
10197,c234,70
10198,c234,57
10199,c5,61
10200,c234,285
10201,c234,394
10202,c234,401
10203,c1,61
10204,c1,371
10205,c1,712
10206,c1,180
10207,c1,190
10208,c234,158
10209,c5,181
10210,c234,256
10211,c1,116
10212,c234,132
10213,c5,419
10214,c5,234
10215,c5,362
10216,c1,73
10217,c1,329
10218,c1,169
10219,c5,685
10220,c1,428
10221,c1,209
10222,c1,327
10223,c5,139
10224,c1,702
10225,c234,537
10226,c1,978
10227,c5,216
10228,c5,457
10229,c5,75
10230,c5,172
10231,c1,1912
10232,c1,144
10233,c234,284
10234,c5,263
10235,c1,340
10236,c1,662
10237,c5,404
10238,c5,108
10239,c234,56
10240,c5,263
10241,c234,86
10242,c1,127
10243,c234,765
10244,c1,138
10245,c234,114
10246,c5,286
10247,c234,334
10248,c1,595
10249,c1,535
10250,c5,825
10251,c5,192
10252,c5,622
10253,c234,669
10254,c5,543
10255,c1,384
10256,c1,154
10257,c5,797
10258,c1,467
10259,c234,2002
10260,c5,42
10261,c5,47
10262,c234,517
10263,c1,622
10264,c234,371
10265,c1,121
10266,c1,1869
10267,c234,376
10268,c234,656
10269,c234,140
10270,c5,254
10271,c234,59
10272,c234,303
10273,c1,122
10274,c234,92
10275,c5,826
10276,c1,311
10277,c5,173
10278,c234,493
10279,c5,933
10280,c5,207
10281,c5,64
10282,c5,328
10283,c5,105
10284,c1,625
10285,c1,166
10286,c5,76
10287,c234,45
10288,c5,425
10289,c5,326
10290,c5,200
10291,c234,509
10292,c1,417
10293,c234,174
10294,c1,251
10295,c1,499
10296,c1,161
10297,c1,130
10298,c1,171
10299,c5,76
10300,c1,116
10301,c5,77
10302,c1,746
10303,c5,145
10304,c234,75
10305,c5,171
10306,c1,873
10307,c1,579
10308,c234,1215
10309,c5,236
10310,c234,551
10311,c5,61
10312,c5,473
10313,c234,366
10314,c5,400
10315,c5,93
10316,c234,162
10317,c5,132
10318,c5,96
10319,c234,217
10320,c1,393
10321,c234,1368
10322,c1,1458
10323,c5,136
10324,c5,184
10325,c234,242
10326,c5,138
10327,c5,55
10328,c234,509
10329,c234,258
10330,c5,385
10331,c234,495
10332,c234,608
10333,c234,596
10334,c5,116
10335,c1,1059
10336,c234,317
10337,c1,739
10338,c5,449
10339,c5,318
10340,c234,645
10341,c234,243
10342,c234,512
10343,c234,673
10344,c234,1041
10345,c5,278
10346,c5,222
10347,c5,526
10348,c5,1117
10349,c1,286
10350,c1,146
10351,c5,99
10352,c1,750
10353,c234,174
10354,c234,245
10355,c5,29
10356,c5,42
10357,c5,590
10358,c234,197
10359,c5,293
10360,c5,256
10361,c5,318
10362,c234,860
10363,c1,460
10364,c234,760
10365,c234,21
10366,c5,710
10367,c1,319
10368,c5,201
10369,c234,256
10370,c1,206
10371,c234,587
10372,c5,808
10373,c1,526
10374,c234,524
10375,c5,32
10376,c234,234
10377,c234,830
10378,c1,264
10379,c1,931
10380,c5,550
10381,c1,292
10382,c234,70
10383,c1,321
10384,c234,607
10385,c234,216
10386,c234,210
10387,c234,256
10388,c234,324
10389,c1,187
10390,c234,121
10391,c1,77
10392,c1,847
10393,c1,277
10394,c1,465
10395,c234,742
10396,c234,94
10397,c234,645
10398,c1,277
10399,c1,829
10400,c1,361
10401,c5,1186
10402,c1,19
10403,c5,41
10404,c1,250
10405,c234,611
10406,c5,345
10407,c5,464
10408,c5,73
10409,c1,380
10410,c1,539
10411,c5,1699
10412,c234,619
10413,c5,315
10414,c1,164
10415,c5,89
10416,c234,1108
10417,c234,291
10418,c234,710
10419,c234,798
10420,c1,88
10421,c1,140
10422,c1,279
10423,c234,146
10424,c1,429
10425,c234,491
10426,c5,884
10427,c5,166
10428,c1,1206
10429,c5,48
10430,c5,89
10431,c234,263
10432,c234,159
10433,c5,149
10434,c234,711
10435,c1,158
10436,c234,726
10437,c234,275
10438,c234,34
10439,c1,73
10440,c5,66
10441,c5,238
10442,c5,35
10443,c5,217
10444,c1,372
10445,c234,384
10446,c1,676
10447,c234,192
10448,c5,187
10449,c5,1567
10450,c5,346
10451,c5,142
10452,c234,852
10453,c1,347
10454,c1,105
10455,c1,126
10456,c1,233
10457,c234,583
10458,c234,475
10459,c5,1102
10460,c5,113
10461,c5,314
10462,c234,912
10463,c1,541
10464,c5,946
10465,c5,771
10466,c1,761
10467,c5,172
10468,c1,138
10469,c5,304
10470,c5,224
10471,c1,46
10472,c234,762
10473,c5,144
10474,c5,223
10475,c5,591
10476,c234,68
10477,c5,127
10478,c1,193
10479,c234,491
10480,c5,168
10481,c234,51
10482,c1,1110
10483,c5,77
10484,c1,49
10485,c5,686
10486,c1,622
10487,c5,240
10488,c234,622
10489,c1,330
10490,c5,138
10491,c1,611
10492,c234,831
10493,c1,1104
10494,c1,97
10495,c5,145
10496,c5,180
10497,c234,2110
10498,c5,152
10499,c234,132
10500,c5,38
10501,c5,133
10502,c1,46
10503,c5,685
10504,c234,296
10505,c234,1376
10506,c5,84
10507,c1,316
10508,c5,209
10509,c234,277
10510,c5,230
10511,c1,511
10512,c1,698
10513,c234,90
10514,c234,889
10515,c5,162
10516,c1,41
10517,c1,911
10518,c234,452
10519,c1,80
10520,c5,139
10521,c234,120
10522,c5,215
10523,c5,807
10524,c5,41
10525,c5,970
10526,c5,2244
10527,c234,289
10528,c234,236
10529,c1,59
10530,c234,917
10531,c5,52
10532,c1,61
10533,c5,192
10534,c1,105
10535,c5,439
10536,c5,1980
10537,c234,672
10538,c1,749
10539,c1,131
10540,c5,1067
10541,c234,297
10542,c1,127
10543,c234,200
10544,c5,60
10545,c234,143
10546,c5,215
10547,c5,103
10548,c1,242
10549,c5,32
10550,c234,181
10551,c234,590
10552,c1,169
10553,c234,369
10554,c1,333
10555,c234,110
10556,c5,410
10557,c1,396
10558,c234,237
10559,c5,133
10560,c5,428
10561,c1,743
10562,c234,853
10563,c1,45
10564,c1,462
10565,c5,103
10566,c234,1068
10567,c234,1041
10568,c5,280
10569,c5,53
10570,c5,58
10571,c5,680
10572,c234,870
10573,c234,185
10574,c1,488
10575,c5,584
10576,c234,125
10577,c234,229
10578,c1,172
10579,c1,175
10580,c234,909
10581,c5,14
10582,c5,212
10583,c1,1737
10584,c1,295
10585,c1,1199
10586,c5,86
10587,c234,1928
10588,c1,237
10589,c234,272
10590,c1,136
10591,c5,215
10592,c234,562
10593,c5,320
10594,c5,66
10595,c234,139
10596,c1,1333
10597,c5,310
10598,c234,990
10599,c5,63
10600,c5,277
10601,c5,134
10602,c234,143
10603,c5,13
10604,c234,909
10605,c5,92
10606,c1,127
10607,c5,422
10608,c5,251
10609,c234,3053
10610,c5,159
10611,c234,92
10612,c5,117
10613,c1,532
10614,c1,1023
10615,c234,579
10616,c5,88
10617,c1,162
10618,c5,154
10619,c1,924
10620,c1,535
10621,c5,110
10622,c1,632
10623,c5,92
10624,c1,145
10625,c5,212
10626,c5,358
10627,c5,274
10628,c234,140
10629,c5,100
10630,c1,457
10631,c1,770
10632,c5,267
10633,c5,800
10634,c1,292
10635,c234,666
10636,c234,1944
10637,c5,206
10638,c234,123
10639,c234,190
10640,c234,469
10641,c1,666
10642,c1,134
10643,c234,591
10644,c234,599
10645,c5,46
10646,c5,487
10647,c1,759
10648,c1,812
10649,c1,45
10650,c5,760
10651,c5,1002
10652,c1,170
10653,c234,102
10654,c1,454
10655,c1,91
10656,c1,118
10657,c5,173
10658,c1,139
10659,c1,46
10660,c1,1041
10661,c234,162
10662,c5,391
10663,c234,963
10664,c5,107
10665,c5,570
10666,c234,450
10667,c5,306
10668,c1,397
10669,c234,58
10670,c1,551
10671,c1,255
10672,c5,460
10673,c234,393
10674,c5,788
10675,c1,44
10676,c1,554
10677,c1,333
10678,c1,77
10679,c234,131
10680,c5,394
10681,c234,139
10682,c5,159
10683,c5,455
10684,c234,170
10685,c234,688
10686,c1,484
10687,c1,863
10688,c1,74
10689,c234,70
10690,c1,196
10691,c234,76
10692,c234,376
10693,c234,31
10694,c5,474
10695,c234,2044
10696,c234,560
10697,c234,368
10698,c5,229
10699,c234,978
10700,c234,168
10701,c1,460
10702,c234,318
10703,c5,74
10704,c234,48
10705,c1,93
10706,c5,298
10707,c5,102
10708,c5,227
10709,c1,469
10710,c1,332
10711,c234,307
10712,c1,471
10713,c5,266
10714,c1,172
10715,c5,416
10716,c234,589
10717,c5,41
10718,c1,313
10719,c5,940
10720,c1,113
10721,c1,664
10722,c1,1318
10723,c234,166
10724,c5,228
10725,c234,361
10726,c234,104
10727,c234,137
10728,c1,361
10729,c5,622
10730,c234,858
10731,c234,144
10732,c1,392
10733,c234,665
10734,c234,860
10735,c234,267
10736,c5,348
10737,c234,486
10738,c234,346
10739,c5,701
10740,c1,297
10741,c1,236
10742,c234,409
10743,c1,909
10744,c234,1066
10745,c234,41
10746,c5,245
10747,c5,186
10748,c234,462
10749,c234,11
10750,c1,873
10751,c1,2155
10752,c5,646
10753,c1,495
10754,c1,775
10755,c234,94
10756,c1,378
10757,c1,116
10758,c5,156
10759,c5,156
10760,c1,27
10761,c234,1110
10762,c1,21
10763,c234,899
10764,c5,317
10765,c234,601
10766,c5,30
10767,c1,118
10768,c1,1538
10769,c234,300
10770,c234,131
10771,c234,210
10772,c1,1242
10773,c5,623
10774,c234,65
10775,c234,473
10776,c234,1144
10777,c1,213
10778,c5,96
10779,c234,398
10780,c234,393
10781,c234,611
10782,c234,405
10783,c5,407
10784,c234,823
10785,c5,841
10786,c234,1192
10787,c1,1028
10788,c5,64
10789,c1,459
10790,c1,120
10791,c5,44
10792,c5,607
10793,c234,1566
10794,c234,681
10795,c1,547
10796,c5,363
10797,c234,887
10798,c1,98
10799,c234,1200
10800,c234,399
10801,c1,64
10802,c5,83
10803,c1,129
10804,c1,697
10805,c234,301
10806,c234,197
10807,c234,84
10808,c1,196
10809,c234,274
10810,c234,635
10811,c234,41
10812,c234,991
10813,c1,819
10814,c234,763
10815,c1,67
10816,c234,472
10817,c234,551
10818,c5,1389
10819,c234,1017
10820,c1,366
10821,c5,221
10822,c5,19
10823,c1,372
10824,c1,83
10825,c5,529
10826,c1,719
10827,c234,28
10828,c5,251
10829,c5,19
10830,c234,602
10831,c234,339
10832,c234,235
10833,c5,195
10834,c5,499
10835,c1,87
10836,c5,67
10837,c1,251
10838,c234,99
10839,c5,92
10840,c5,847
10841,c1,289
10842,c234,69
10843,c1,51
10844,c234,299
10845,c1,75
10846,c5,336
10847,c1,490
10848,c5,147
10849,c1,179
10850,c1,112
10851,c234,242
10852,c234,177
10853,c234,1523
10854,c1,489
10855,c234,274
10856,c1,130
10857,c234,23
10858,c1,158
10859,c1,450
10860,c234,41
10861,c5,113
10862,c5,281
10863,c1,228
10864,c234,459
10865,c5,420
10866,c1,587
10867,c234,270
10868,c5,280
10869,c1,198
10870,c1,874
10871,c234,262
10872,c5,40
10873,c5,358
10874,c234,702
10875,c234,44
10876,c5,373
10877,c1,428
10878,c234,772
10879,c5,279
10880,c234,286
10881,c234,105
10882,c234,53
10883,c1,294
10884,c5,399
10885,c234,34
10886,c234,372
10887,c1,100
10888,c1,506
10889,c5,91
10890,c234,228
10891,c234,152
10892,c1,132
10893,c5,109
10894,c1,693
10895,c5,102
10896,c5,547
10897,c1,91
10898,c5,56
10899,c1,128
10900,c234,657
10901,c234,463
10902,c5,604
10903,c5,267
10904,c234,376
10905,c5,662
10906,c234,182
10907,c5,392
10908,c5,722
10909,c1,432
10910,c5,421
10911,c5,60
10912,c5,56
10913,c234,184
10914,c234,263
10915,c1,391
10916,c234,41
10917,c234,143
10918,c1,223
10919,c5,523
10920,c1,447
10921,c234,2680
10922,c5,119
10923,c234,276
10924,c1,132
10925,c234,622
10926,c1,187
10927,c234,120
10928,c234,1973
10929,c234,367
10930,c1,132
10931,c234,219
10932,c5,80
10933,c1,80
10934,c1,667
10935,c1,174
10936,c234,138
10937,c1,399
10938,c234,283
10939,c5,1441
10940,c234,683
10941,c5,353
10942,c1,325
10943,c5,130
10944,c5,439
10945,c234,473
10946,c234,214
10947,c5,428
10948,c234,649
10949,c234,131
10950,c1,371
10951,c1,524
10952,c5,198
10953,c1,376
10954,c234,87
10955,c1,344
10956,c234,187
10957,c234,72
10958,c234,240
10959,c234,188
10960,c234,506
10961,c1,768
10962,c1,90
10963,c5,882
10964,c234,172
10965,c1,1703
10966,c1,658
10967,c1,1213
10968,c234,449
10969,c234,724
10970,c1,982
10971,c234,676
10972,c234,625
10973,c5,772
10974,c234,916
10975,c5,383
10976,c1,391
10977,c1,355
10978,c1,604
10979,c5,716
10980,c234,98
10981,c5,85
10982,c1,2241
10983,c234,416
10984,c1,74
10985,c5,95
10986,c5,1060
10987,c5,101
10988,c5,41
10989,c5,1110
10990,c234,747
10991,c5,251
10992,c1,482
10993,c234,40
10994,c234,75
10995,c1,733
10996,c1,659
10997,c234,357
10998,c1,231
10999,c5,266
11000,c1,1153
11001,c234,172
11002,c5,244
11003,c1,146
11004,c234,173
11005,c234,366
11006,c5,17
11007,c1,143
11008,c5,848
11009,c5,78
11010,c234,219
11011,c1,26
11012,c5,95
11013,c234,850
11014,c234,193
11015,c234,305
11016,c1,145
11017,c5,248
11018,c5,113
11019,c5,537
11020,c5,31
11021,c5,371
11022,c1,135
11023,c1,709
11024,c1,373
11025,c5,298
11026,c234,471
11027,c5,132
11028,c5,622
11029,c5,460
11030,c5,28
11031,c1,396
11032,c5,31
11033,c1,236
11034,c5,294
11035,c234,899
11036,c234,643
11037,c5,636
11038,c234,88
11039,c234,132
11040,c5,109
11041,c234,462
11042,c234,286
11043,c1,174
11044,c1,9
11045,c234,61
11046,c1,1108
11047,c5,215
11048,c234,173
11049,c234,145
11050,c234,425
11051,c234,588
11052,c5,245
11053,c5,679
11054,c1,213
11055,c5,36
11056,c1,406
11057,c5,334
11058,c1,323
11059,c234,1953
11060,c1,259
11061,c5,35
11062,c5,415
11063,c5,591
11064,c234,373
11065,c5,208
11066,c234,181
11067,c234,232
11068,c5,120
11069,c5,187
11070,c5,643
11071,c5,48
11072,c234,740
11073,c5,697
11074,c234,552
11075,c5,135
11076,c1,1482
11077,c1,461
11078,c1,428
11079,c1,102
11080,c5,311
11081,c5,236
11082,c234,860
11083,c1,684
11084,c5,141
11085,c1,672
11086,c234,891
11087,c5,436
11088,c234,1701
11089,c5,97
11090,c1,197
11091,c1,604
11092,c5,968
11093,c1,173
11094,c1,413
11095,c1,1244
11096,c1,124
11097,c1,411
11098,c5,425
11099,c1,433
11100,c234,355
11101,c1,6
11102,c5,101
11103,c234,161
11104,c5,439
11105,c5,56
11106,c1,137
11107,c5,290
11108,c5,277
11109,c1,242
11110,c5,151
11111,c5,44
11112,c234,257
11113,c234,105
11114,c1,547
11115,c1,89
11116,c234,376
11117,c5,75
11118,c234,206
11119,c1,16
11120,c5,546
11121,c234,656
11122,c234,641
11123,c1,202
11124,c1,144
11125,c234,51
11126,c234,738
11127,c1,559
11128,c234,1622
11129,c5,239
11130,c1,124
11131,c5,276
11132,c1,139
11133,c5,676
11134,c5,206
11135,c1,829
11136,c1,38
11137,c1,809
11138,c1,250
11139,c5,73
11140,c234,130
11141,c1,181
11142,c1,3028
11143,c1,234
11144,c234,482
11145,c5,398
11146,c1,255
11147,c5,52
11148,c234,134
11149,c234,548
11150,c5,802
11151,c1,1198
11152,c5,265
11153,c1,460
11154,c1,323
11155,c1,63
11156,c5,346
11157,c5,182
11158,c5,410
11159,c1,745
11160,c234,434
11161,c1,1295
11162,c234,1249
11163,c5,258
11164,c5,132
11165,c234,309
11166,c5,1183
11167,c1,415
11168,c1,709
11169,c1,311
11170,c5,12
11171,c5,61
11172,c234,170
11173,c234,379
11174,c5,612
11175,c1,71
11176,c1,1949
11177,c5,152
11178,c5,758
11179,c5,107
11180,c234,299
11181,c1,56
11182,c5,64
11183,c234,743
11184,c1,272
11185,c234,263
11186,c1,622
11187,c1,95
11188,c5,261
11189,c234,890
11190,c1,250
11191,c234,748
11192,c5,395
11193,c1,183
11194,c1,424
11195,c1,628
11196,c234,925
11197,c1,83
11198,c5,556
11199,c1,632
11200,c234,598
11201,c5,557
11202,c1,578
11203,c5,277
11204,c234,557
11205,c5,124
11206,c1,974
11207,c1,844
11208,c5,38
11209,c234,583
11210,c234,139
11211,c1,2671
11212,c1,1701
11213,c234,330
11214,c234,1154
11215,c234,129
11216,c234,93
11217,c1,349
11218,c5,140
11219,c234,231
11220,c234,385
11221,c234,122
11222,c5,217
11223,c5,477
11224,c1,719
11225,c234,436
11226,c1,799
11227,c1,254
11228,c234,191
11229,c1,466
11230,c1,202
11231,c234,1970
11232,c5,169
11233,c5,235
11234,c234,392
11235,c234,259
11236,c1,349
11237,c5,135
11238,c1,134
11239,c5,591
11240,c1,293
11241,c1,142
11242,c5,97
11243,c234,53
11244,c234,189
11245,c5,565
11246,c5,630
11247,c1,502
11248,c5,634
11249,c1,317
11250,c1,286
11251,c5,241
11252,c234,172
11253,c1,441
11254,c1,304
11255,c1,107
11256,c1,577
11257,c5,211
11258,c1,1084
11259,c5,34
11260,c5,519
11261,c1,183
11262,c1,58
11263,c5,410
11264,c234,103
11265,c1,126
11266,c1,400
11267,c1,192
11268,c1,325
11269,c234,525
11270,c234,225
11271,c234,1154
11272,c234,114
11273,c234,498
11274,c5,1127
11275,c234,1333
11276,c234,51
11277,c5,187
11278,c5,215
11279,c5,74
11280,c1,426
11281,c5,561
11282,c234,31
11283,c234,625
11284,c5,328
11285,c1,219
11286,c5,28
11287,c5,34
11288,c5,50
11289,c234,175
11290,c5,227
11291,c1,385
11292,c5,640
11293,c5,165
11294,c1,1507
11295,c1,622
11296,c1,415
11297,c5,370
11298,c1,241
11299,c234,2076
11300,c234,620
11301,c1,40
11302,c5,564
11303,c5,122
11304,c1,104
11305,c1,305
11306,c1,406
11307,c234,285
11308,c234,115
11309,c5,503
11310,c234,118
11311,c234,554
11312,c234,436
11313,c1,129
11314,c1,889
11315,c5,917
11316,c234,718
11317,c5,234
11318,c234,134
11319,c234,78
11320,c234,1820
11321,c5,760
11322,c234,311
11323,c234,57
11324,c5,1085
11325,c5,431
11326,c234,202
11327,c5,58
11328,c234,401
11329,c5,308
11330,c1,105
11331,c234,45
11332,c234,795
11333,c5,607
11334,c1,392
11335,c234,1245
11336,c234,422
11337,c5,223
11338,c5,475
11339,c234,1137
11340,c1,8
11341,c1,936
11342,c234,379
11343,c234,440
11344,c5,215
11345,c234,576
11346,c5,101
11347,c1,759
11348,c5,91
11349,c234,228
11350,c5,146
11351,c234,161
11352,c5,167
11353,c1,320
11354,c5,289
11355,c5,132
11356,c5,2152
11357,c234,710
11358,c1,140
11359,c234,120
11360,c234,81
11361,c234,564
11362,c234,164
11363,c5,419
11364,c1,75
11365,c5,152
11366,c1,358
11367,c5,123
11368,c1,372
11369,c1,50
11370,c234,531
11371,c1,231
11372,c5,49
11373,c1,635
11374,c1,22
11375,c5,164
11376,c1,2565
11377,c1,290
11378,c1,177
11379,c234,171
11380,c1,445
11381,c1,290
11382,c1,115
11383,c234,250
11384,c1,1111
11385,c1,127
11386,c1,1273
11387,c234,40
11388,c1,1809
11389,c234,278
11390,c1,253
11391,c5,99
11392,c1,1300
11393,c234,913
11394,c234,599
11395,c234,1078
11396,c5,145
11397,c234,538
11398,c234,446
11399,c1,622
11400,c1,661
11401,c234,183
11402,c5,473
11403,c1,217
11404,c1,132
11405,c5,80
11406,c1,464
11407,c5,70
11408,c234,409
11409,c234,367
11410,c1,131
11411,c234,487
11412,c234,938
11413,c1,950
11414,c234,14
11415,c5,923
11416,c1,329
11417,c1,57
11418,c1,400
11419,c5,157
11420,c1,1245
11421,c1,415
11422,c234,104
11423,c5,645
11424,c1,247
11425,c5,207
11426,c1,127
11427,c5,102
11428,c234,73
11429,c234,384
11430,c5,224
11431,c5,71
11432,c234,532
11433,c234,290
11434,c5,220
11435,c5,40
11436,c234,203
11437,c234,1865
11438,c1,354
11439,c5,132
11440,c234,1147
11441,c1,747
11442,c1,742
11443,c1,739
11444,c5,426
11445,c234,323
11446,c1,320
11447,c1,473
11448,c5,141
11449,c5,68
11450,c5,760
11451,c5,1269
11452,c5,372
11453,c5,129
11454,c1,169
11455,c234,73
11456,c5,251
11457,c1,234
11458,c234,489
11459,c1,255
11460,c1,49
11461,c1,34
11462,c5,68
11463,c234,272
11464,c234,179
11465,c234,359
11466,c5,260
11467,c234,182
11468,c1,610
11469,c234,116
11470,c5,94
11471,c234,432
11472,c234,64
11473,c5,58
11474,c234,346
11475,c1,1233
11476,c1,392
11477,c234,419
11478,c1,109
11479,c234,151
11480,c1,1198
11481,c5,16
11482,c234,649
11483,c234,290
11484,c5,59
11485,c234,242
11486,c1,189
11487,c5,196
11488,c5,284
11489,c234,157
11490,c1,448
11491,c234,566
11492,c234,603
11493,c234,10
11494,c1,1103
11495,c5,273
11496,c234,66
11497,c1,633
11498,c234,594
11499,c5,338
11500,c234,606
11501,c1,512
11502,c1,518
11503,c5,237
11504,c234,423
11505,c234,651
11506,c5,181
11507,c1,564
11508,c234,176
11509,c1,144
11510,c5,642
11511,c234,709
11512,c1,487
11513,c234,210
11514,c1,330
11515,c234,751
11516,c5,244
11517,c1,615
11518,c5,359
11519,c1,461
11520,c234,454
11521,c234,182
11522,c5,47
11523,c1,177
11524,c5,202
11525,c5,346
11526,c1,489
11527,c1,32
11528,c234,233
11529,c1,259
11530,c1,404
11531,c5,19
11532,c234,155
11533,c1,184
11534,c5,142
11535,c234,375
11536,c5,261
11537,c5,153
11538,c5,87
11539,c1,289
11540,c234,151
11541,c234,78
11542,c234,140
11543,c5,232
11544,c234,238
11545,c5,730
11546,c234,411
11547,c5,631
11548,c1,94
11549,c5,143
11550,c5,818
11551,c234,416
11552,c1,9
11553,c234,447
11554,c234,485
11555,c5,99
11556,c1,463
11557,c234,199
11558,c5,125
11559,c5,105
11560,c1,119
11561,c1,55
11562,c1,234
11563,c1,163
11564,c234,258
11565,c1,314
11566,c234,168
11567,c1,290
11568,c234,863
11569,c234,134
11570,c234,114
11571,c5,673
11572,c5,148
11573,c1,28
11574,c5,194
11575,c1,343
11576,c1,1726
11577,c5,39
11578,c234,722
11579,c1,134
11580,c5,166
11581,c234,493
11582,c234,36
11583,c5,174
11584,c5,51
11585,c1,141
11586,c234,803
11587,c234,12
11588,c1,435
11589,c1,1551
11590,c5,29
11591,c1,200
11592,c1,127
11593,c5,61
11594,c5,468
11595,c234,4263
11596,c1,175
11597,c5,492
11598,c234,998
11599,c1,664
11600,c1,282
11601,c234,218
11602,c1,319
11603,c5,196
11604,c1,424
11605,c5,91
11606,c5,798
11607,c234,761
11608,c1,84
11609,c1,286
11610,c1,606
11611,c234,900
11612,c1,144
11613,c1,49
11614,c1,397
11615,c234,65
11616,c5,352
11617,c1,491
11618,c234,1041
11619,c5,54
11620,c5,435
11621,c234,179
11622,c1,713
11623,c234,111
11624,c234,259
11625,c1,1784
11626,c5,65
11627,c5,485
11628,c5,251
11629,c1,820
11630,c1,45
11631,c5,281
11632,c5,269
11633,c1,116
11634,c5,156
11635,c1,35
11636,c5,100
11637,c234,421
11638,c1,668
11639,c5,1345
11640,c234,922
11641,c5,277
11642,c234,702
11643,c1,629
11644,c1,108
11645,c1,353
11646,c5,412
11647,c1,169
11648,c5,441
11649,c5,273
11650,c234,350
11651,c1,332
11652,c5,463
11653,c5,465
11654,c5,302
11655,c5,382
11656,c5,141
11657,c1,622
11658,c1,803
11659,c234,881
11660,c234,239
11661,c234,331
11662,c1,672
11663,c234,213
11664,c234,280
11665,c234,297
11666,c5,694
11667,c1,346
11668,c1,635
11669,c1,476
11670,c5,68
11671,c234,155
11672,c1,106
11673,c234,141
11674,c234,551
11675,c234,356
11676,c5,203
11677,c234,1224
11678,c5,85
11679,c1,398
11680,c1,528
11681,c234,230
11682,c234,196
11683,c5,556
11684,c5,177
11685,c234,174
11686,c5,1096
11687,c234,150
11688,c234,159
11689,c1,337
11690,c234,338
11691,c5,450
11692,c1,371
11693,c234,488
11694,c234,952
11695,c234,271
11696,c234,389
11697,c1,2522
11698,c234,421
11699,c234,809
11700,c234,263
11701,c234,1176
11702,c234,762
11703,c234,187
11704,c5,173
11705,c234,710
11706,c1,366
11707,c5,3189
11708,c1,290
11709,c1,162
11710,c5,36
11711,c5,141
11712,c5,99
11713,c5,322
11714,c234,638
11715,c234,98
11716,c5,662
11717,c5,132
11718,c5,132
11719,c1,606
11720,c1,144
11721,c5,133
11722,c5,245
11723,c234,642
11724,c5,1099
11725,c234,278
11726,c1,764
11727,c234,170
11728,c234,206
11729,c234,191
11730,c234,832
11731,c234,45
11732,c5,61
11733,c5,622
11734,c234,204
11735,c5,195
11736,c234,556
11737,c5,719
11738,c234,226
11739,c1,90
11740,c5,241
11741,c234,237
11742,c234,699
11743,c5,286
11744,c234,366
11745,c234,268
11746,c1,178
11747,c234,861
11748,c5,407
11749,c1,634
11750,c1,166
11751,c5,264
11752,c1,95
11753,c1,1001
11754,c5,346
11755,c5,33
11756,c5,580
11757,c1,294
11758,c234,120
11759,c234,133
11760,c234,594
11761,c5,350
11762,c5,157
11763,c1,278
11764,c5,157
11765,c5,107
11766,c1,392
11767,c1,150
11768,c1,399
11769,c5,812
11770,c5,60
11771,c1,226
11772,c234,47
11773,c1,63
11774,c5,75
11775,c234,94
11776,c1,306
11777,c5,343
11778,c1,442
11779,c5,275
11780,c1,281
11781,c5,286
11782,c5,53
11783,c1,126
11784,c5,198
11785,c234,244
11786,c5,33
11787,c1,53
11788,c234,238
11789,c1,123
11790,c234,710
11791,c5,280
11792,c1,539
11793,c5,1006
11794,c1,165
11795,c234,639
11796,c5,83
11797,c5,114
11798,c234,555
11799,c5,47
11800,c234,1445
11801,c234,197
11802,c5,234
11803,c234,80
11804,c234,183
11805,c1,1190
11806,c234,1869
11807,c5,154
11808,c5,226
11809,c1,413
11810,c1,102
11811,c234,1038
11812,c234,964
11813,c1,435
11814,c5,154
11815,c5,216
11816,c5,471
11817,c1,148
11818,c5,322
11819,c1,429
11820,c5,520
11821,c234,222
11822,c1,726
11823,c5,97
11824,c5,791
11825,c1,1833
11826,c5,80
11827,c1,191
11828,c234,142
11829,c5,721
11830,c5,25
11831,c1,136
11832,c1,189
11833,c1,318
11834,c1,172
11835,c5,352
11836,c5,199
11837,c234,61
11838,c1,72
11839,c1,189
11840,c1,31
11841,c1,250
11842,c234,256
11843,c1,65
11844,c234,374
11845,c1,307
11846,c1,484
11847,c5,18
11848,c234,202
11849,c234,311
11850,c1,116
11851,c1,358
11852,c1,286
11853,c5,828
11854,c5,2460
11855,c5,317
11856,c1,471
11857,c5,411
11858,c5,183
11859,c1,53
11860,c234,193
11861,c1,454
11862,c234,261
11863,c1,57
11864,c234,472
11865,c5,279
11866,c234,281
11867,c1,35
11868,c5,168
11869,c234,70
11870,c1,226
11871,c234,72
11872,c1,394
11873,c234,274
11874,c1,101
11875,c234,414
11876,c5,247
11877,c5,14
11878,c1,96
11879,c234,102
11880,c5,88
11881,c234,11
11882,c234,45
11883,c234,298
11884,c5,113
11885,c234,36
11886,c234,177
11887,c1,842
11888,c234,204
11889,c234,1159
11890,c234,143
11891,c234,263
11892,c234,1463
11893,c1,1900
11894,c234,345
11895,c5,846
11896,c1,570
11897,c1,622
11898,c5,554
11899,c1,282
11900,c234,425
11901,c234,1097
11902,c1,163
11903,c1,252
11904,c1,107
11905,c234,285
11906,c1,461
11907,c1,583
11908,c234,325
11909,c234,144
11910,c5,666
11911,c234,174
11912,c5,67
11913,c5,503
11914,c1,171
11915,c5,191
11916,c5,508
11917,c1,172
11918,c5,371
11919,c5,511
11920,c1,1575
11921,c1,61
11922,c234,150
11923,c5,340
11924,c234,360
11925,c1,485
11926,c234,279
11927,c1,159
11928,c234,253
11929,c5,564
11930,c1,271
11931,c5,956
11932,c5,271
11933,c5,345
11934,c234,478
11935,c5,2223
11936,c1,83
11937,c5,827
11938,c1,593
11939,c5,59
11940,c234,30
11941,c5,855
11942,c1,415
11943,c234,439
11944,c5,120
11945,c1,361
11946,c5,240
11947,c5,1049
11948,c1,718
11949,c234,143
11950,c234,491
11951,c5,542
11952,c234,261
11953,c234,254
11954,c5,71
11955,c1,686
11956,c1,260
11957,c234,444
11958,c1,40
11959,c5,56
11960,c1,576
11961,c1,425
11962,c5,620
11963,c1,278
11964,c1,276
11965,c234,182
11966,c5,108
11967,c1,293
11968,c5,174
11969,c5,407
11970,c234,679
11971,c5,369
11972,c1,189
11973,c1,628
11974,c5,403
11975,c234,82
11976,c1,267
11977,c234,577
11978,c5,141
11979,c234,94
11980,c234,348
11981,c5,337
11982,c1,83
11983,c1,764
11984,c234,1002
11985,c234,386
11986,c1,673
11987,c5,142
11988,c5,703
11989,c1,219
11990,c5,797
11991,c5,385
11992,c234,2555
11993,c5,231
11994,c234,429
11995,c234,96
11996,c234,180
11997,c5,471
11998,c5,56
11999,c234,788
12000,c1,286
12001,c5,391
12002,c5,179
12003,c234,140
12004,c234,57
12005,c5,1248
12006,c5,50
12007,c5,165
12008,c5,336
12009,c5,93
12010,c234,613
12011,c5,70
12012,c1,72
12013,c5,491
12014,c5,326
12015,c1,1546
12016,c234,247
12017,c1,515
12018,c234,85
12019,c1,14
12020,c1,510
12021,c234,188
12022,c1,90
12023,c234,1330
12024,c1,86
12025,c234,165
12026,c1,200
12027,c5,61
12028,c234,291
12029,c234,363
12030,c5,792
12031,c234,178
12032,c5,342
12033,c5,105
12034,c234,175
12035,c1,265
12036,c234,164
12037,c1,829
12038,c5,400
12039,c234,207
12040,c234,346
12041,c1,195
12042,c234,255
12043,c234,409
12044,c5,291
12045,c1,132
12046,c5,74
12047,c5,313
12048,c234,838
12049,c234,100
12050,c234,57
12051,c1,134
12052,c5,363
12053,c5,90
12054,c5,1140
12055,c234,71
12056,c1,904
12057,c5,112
12058,c234,45
12059,c5,719
12060,c1,93
12061,c234,1737
12062,c234,350
12063,c234,425
12064,c5,109
12065,c234,168
12066,c234,660
12067,c5,178
12068,c234,398
12069,c234,445
12070,c234,79
12071,c5,41
12072,c234,60
12073,c5,108
12074,c1,217
12075,c1,376
12076,c234,125
12077,c5,751
12078,c1,714
12079,c234,444
12080,c5,94
12081,c1,653
12082,c234,408
12083,c5,194
12084,c234,235
12085,c234,34
12086,c5,109
12087,c5,396
12088,c234,287
12089,c1,777
12090,c5,332
12091,c1,580
12092,c234,180
12093,c1,352
12094,c234,356
12095,c234,171
12096,c5,381
12097,c234,132
12098,c234,918
12099,c5,117
12100,c5,1144
12101,c5,175
12102,c1,219
12103,c1,389
12104,c1,625
12105,c1,693
12106,c234,455
12107,c1,619
12108,c5,139
12109,c234,318
12110,c234,99
12111,c1,277
12112,c234,243
12113,c234,284
12114,c234,409
12115,c1,726
12116,c5,591
12117,c1,128
12118,c234,230
12119,c234,193
12120,c5,244
12121,c234,648
12122,c1,14
12123,c234,546
12124,c1,22
12125,c5,163
12126,c5,29
12127,c1,294
12128,c234,287
12129,c234,584
12130,c5,48
12131,c234,491
12132,c234,119
12133,c234,249
12134,c5,250
12135,c1,291
12136,c5,56
12137,c5,248
12138,c5,70
12139,c1,261
12140,c234,754
12141,c1,458
12142,c1,549
12143,c234,1128
12144,c234,221
12145,c5,25
12146,c234,491
12147,c5,139
12148,c1,759
12149,c234,35
12150,c5,1511
12151,c234,225
12152,c234,559
12153,c234,126
12154,c5,269
12155,c5,157
12156,c1,696
12157,c234,9
12158,c1,384
12159,c5,584
12160,c5,365
12161,c5,134
12162,c1,1712
12163,c5,135
12164,c5,87
12165,c234,1573
12166,c1,150
12167,c1,923
12168,c5,71
12169,c234,233
12170,c1,1288
12171,c1,622
12172,c5,217
12173,c234,277
12174,c5,20
12175,c1,425
12176,c1,389
12177,c1,521
12178,c5,250
12179,c1,1749
12180,c234,199
12181,c5,489
12182,c234,362
12183,c5,78
12184,c1,478
12185,c234,268
12186,c234,363
12187,c5,106
12188,c5,184
12189,c234,216
12190,c5,1022
12191,c234,762
12192,c5,143
12193,c234,132
12194,c5,100
12195,c1,497
12196,c234,1543
12197,c1,627
12198,c1,161
12199,c1,173
12200,c234,339
12201,c234,421
12202,c5,133
12203,c5,116
12204,c5,306
12205,c234,1138
12206,c1,673
12207,c5,379
12208,c234,264
12209,c5,254
12210,c234,695
12211,c1,598
12212,c234,34
12213,c234,231
12214,c1,651
12215,c1,176
12216,c234,12
12217,c5,265
12218,c234,255
12219,c1,28
12220,c234,245
12221,c5,553
12222,c234,506
12223,c5,186
12224,c5,163
12225,c5,644
12226,c5,200
12227,c5,177
12228,c234,144
12229,c5,565
12230,c1,49
12231,c1,56
12232,c5,402
12233,c5,376
12234,c234,174
12235,c234,631
12236,c1,646
12237,c5,100
12238,c5,521
12239,c5,284
12240,c234,2753
12241,c5,165
12242,c5,86
12243,c5,228
12244,c1,186
12245,c5,201
12246,c5,1195
12247,c5,335
12248,c1,159
12249,c234,278
12250,c1,210
12251,c1,3445
12252,c1,972
12253,c234,502
12254,c1,144
12255,c234,1033
12256,c1,452
12257,c234,420
12258,c1,27
12259,c1,594
12260,c5,172
12261,c234,73
12262,c1,25
12263,c234,1115
12264,c5,584
12265,c1,222
12266,c234,80
12267,c1,54
12268,c234,149
12269,c234,537
12270,c1,138
12271,c1,114
12272,c5,1002
12273,c5,216
12274,c234,489
12275,c234,142
12276,c234,488
12277,c1,646
12278,c5,1072
12279,c5,363
12280,c1,424
12281,c1,428
12282,c234,1796
12283,c1,102
12284,c5,258
12285,c1,59
12286,c1,374
12287,c234,395
12288,c1,829
12289,c5,152
12290,c1,505
12291,c234,436
12292,c234,411
12293,c1,576
12294,c234,330
12295,c1,461
12296,c234,953
12297,c1,184
12298,c5,183
12299,c5,52
12300,c5,403
12301,c5,234
12302,c234,272
12303,c1,709
12304,c5,48
12305,c234,113
12306,c1,301
12307,c1,132
12308,c5,35
12309,c234,82
12310,c1,2265
12311,c1,38
12312,c234,622
12313,c1,42
12314,c234,441
12315,c234,41
12316,c234,228
12317,c1,28
12318,c5,163
12319,c1,132
12320,c5,41
12321,c1,103
12322,c234,266
12323,c234,471
12324,c234,730
12325,c5,434
12326,c1,127
12327,c234,38
12328,c1,173
12329,c234,313
12330,c5,119
12331,c1,233
12332,c1,336
12333,c5,776
12334,c5,170
12335,c5,183
12336,c5,249
12337,c234,387
12338,c1,76
12339,c5,685
12340,c5,397
12341,c5,850
12342,c1,405
12343,c1,522
12344,c5,163
12345,c5,422
12346,c234,271
12347,c5,211
12348,c5,98
12349,c1,37
12350,c5,1366
12351,c5,254
12352,c234,143
12353,c5,948
12354,c5,54
12355,c5,305
12356,c234,72
12357,c5,83
12358,c1,54
12359,c5,229
12360,c1,109
12361,c234,185
12362,c234,723
12363,c1,882
12364,c1,1269
12365,c5,38
12366,c1,76
12367,c1,68
12368,c5,74
12369,c234,344
12370,c5,36
12371,c234,25
12372,c234,13
12373,c234,232
12374,c234,350
12375,c5,1393
12376,c1,353
12377,c5,60
12378,c5,183
12379,c1,12
12380,c5,317
12381,c234,88
12382,c234,380
12383,c1,416
12384,c5,333
12385,c234,35
12386,c234,301
12387,c1,295
12388,c1,721
12389,c5,37
12390,c5,31
12391,c1,292
12392,c5,132
12393,c234,251
12394,c1,34
12395,c5,35
12396,c5,12
12397,c5,217
12398,c234,239
12399,c5,421
12400,c5,180
12401,c234,103
12402,c5,178
12403,c1,172
12404,c5,93
12405,c5,37
12406,c234,269
12407,c234,153
12408,c234,340
12409,c5,138
12410,c234,57
12411,c234,35
12412,c1,416
12413,c234,240
12414,c5,104
12415,c5,35
12416,c1,658
12417,c5,148
12418,c234,707
12419,c5,105
12420,c5,1010
12421,c1,482
12422,c234,409
12423,c1,71
12424,c1,875
12425,c1,1137
12426,c234,415
12427,c1,26
12428,c1,74
12429,c5,922
12430,c1,99
12431,c5,81
12432,c1,193
12433,c234,76
12434,c234,712
12435,c5,588
12436,c5,584
12437,c1,166
12438,c5,213
12439,c5,309
12440,c5,811
12441,c234,674
12442,c5,445
12443,c234,550
12444,c5,1103
12445,c234,516
12446,c5,294
12447,c1,201
12448,c1,410
12449,c5,432
12450,c234,49
12451,c234,755
12452,c1,74
12453,c5,73
12454,c5,287
12455,c1,258
12456,c234,994
12457,c234,487
12458,c5,1645
12459,c1,768
12460,c1,753
12461,c5,132
12462,c5,586
12463,c234,194
12464,c234,829
12465,c5,226
12466,c5,61
12467,c1,266
12468,c1,193
12469,c5,638
12470,c234,138
12471,c1,177
12472,c234,129
12473,c1,322
12474,c1,140
12475,c1,83
12476,c5,83
12477,c5,379
12478,c1,455
12479,c1,333
12480,c5,41
12481,c5,496
12482,c234,455
12483,c5,90
12484,c1,52
12485,c1,498
12486,c234,42
12487,c5,73
12488,c1,625
12489,c234,132
12490,c1,763
12491,c5,99
12492,c234,212
12493,c5,341
12494,c5,393
12495,c234,196
12496,c5,125
12497,c5,227
12498,c1,415
12499,c5,346
12500,c1,416
12501,c234,147
12502,c1,206
12503,c234,1072
12504,c234,561
12505,c1,259
12506,c1,55
12507,c234,131
12508,c5,25
12509,c234,126
12510,c5,101
12511,c234,362
12512,c1,300
12513,c1,79
12514,c234,93
12515,c234,546
12516,c5,80
12517,c1,324
12518,c1,506
12519,c5,125
12520,c1,352
12521,c234,156
12522,c1,270
12523,c5,949
12524,c234,135
12525,c5,59
12526,c5,414
12527,c5,125
12528,c234,582
12529,c1,415
12530,c234,132
12531,c234,537
12532,c5,32
12533,c1,95
12534,c5,19
12535,c234,254
12536,c1,178
12537,c5,451
12538,c1,142
12539,c234,52
12540,c234,70
12541,c234,331
12542,c1,237
12543,c1,10
12544,c234,457
12545,c234,514
12546,c5,336
12547,c1,643
12548,c1,121
12549,c234,234
12550,c5,230
12551,c234,199
12552,c234,171
12553,c1,462
12554,c234,76
12555,c234,194
12556,c1,859
12557,c5,1491
12558,c1,250
12559,c234,659
12560,c234,325
12561,c1,465
12562,c234,503
12563,c1,355
12564,c234,909
12565,c234,553
12566,c1,168
12567,c234,30
12568,c1,255
12569,c234,160
12570,c1,494
12571,c234,771
12572,c5,333
12573,c234,885
12574,c5,359
12575,c234,81
12576,c5,595
12577,c1,119
12578,c1,391
12579,c234,95
12580,c5,255
12581,c234,482
12582,c5,383
12583,c234,229
12584,c234,104
12585,c5,105
12586,c1,230
12587,c5,520
12588,c234,435
12589,c1,128
12590,c5,169
12591,c5,383
12592,c1,30
12593,c5,284
12594,c234,631
12595,c234,406
12596,c234,495
12597,c1,153
12598,c234,187
12599,c234,605
12600,c5,245
12601,c5,227
12602,c1,142
12603,c234,204
12604,c1,33
12605,c5,661
12606,c234,123
12607,c234,497
12608,c1,79
12609,c1,611
12610,c234,1332
12611,c5,126
12612,c5,393
12613,c5,88
12614,c5,232
12615,c234,13
12616,c5,670
12617,c5,1615
12618,c5,75
12619,c5,246
12620,c234,321
12621,c5,163
12622,c234,455
12623,c5,163
12624,c5,74
12625,c1,81
12626,c1,369
12627,c5,73
12628,c5,238
12629,c1,284
12630,c1,474
12631,c234,177
12632,c1,228
12633,c5,179
12634,c5,214
12635,c234,436
12636,c5,73
12637,c1,19
12638,c5,541
12639,c234,233
12640,c1,220
12641,c234,111
12642,c1,565
12643,c5,610
12644,c5,543
12645,c5,132
12646,c1,858
12647,c5,238
12648,c5,621
12649,c5,167
12650,c234,37
12651,c5,905
12652,c1,669
12653,c5,60
12654,c234,266
12655,c1,677
12656,c1,324
12657,c5,61
12658,c1,358
12659,c234,512
12660,c234,207
12661,c5,444
12662,c1,95
12663,c1,64
12664,c5,54
12665,c1,82
12666,c234,41
12667,c5,176
12668,c234,70
12669,c5,171
12670,c5,284
12671,c234,371
12672,c5,468
12673,c5,1474
12674,c5,684
12675,c5,369
12676,c234,245
12677,c5,210
12678,c5,890
12679,c5,129
12680,c5,53
12681,c5,263
12682,c5,266
12683,c5,444
12684,c5,266
12685,c234,336
12686,c5,145
12687,c5,36
12688,c5,1028
12689,c5,191
12690,c234,168
12691,c1,263
12692,c1,416
12693,c234,1063
12694,c234,102
12695,c1,38
12696,c1,345
12697,c5,140
12698,c234,653
12699,c5,975
12700,c5,190
12701,c1,208
12702,c5,138
12703,c5,120
12704,c1,116
12705,c5,437
12706,c234,197
12707,c1,1829
12708,c234,123
12709,c1,656
12710,c234,738
12711,c5,120
12712,c1,84
12713,c5,76
12714,c5,1309
12715,c5,144
12716,c1,95
12717,c5,475
12718,c1,83
12719,c234,31
12720,c234,147
12721,c5,475
12722,c5,596
12723,c234,248
12724,c234,114
12725,c5,24
12726,c234,273
12727,c5,460
12728,c234,243
12729,c5,67
12730,c1,173
12731,c1,42
12732,c5,16
12733,c5,706
12734,c234,622
12735,c1,177
12736,c234,102
12737,c234,402
12738,c234,336
12739,c234,132
12740,c234,663
12741,c234,776
12742,c234,75
12743,c5,1008
12744,c5,231
12745,c5,327
12746,c234,268
12747,c5,573
12748,c1,642
12749,c5,591
12750,c5,124
12751,c5,80
12752,c5,70
12753,c5,1173
12754,c5,66
12755,c234,763
12756,c1,583
12757,c234,103
12758,c234,2687
12759,c1,144
12760,c1,534
12761,c234,277
12762,c234,119
12763,c1,212
12764,c234,611
12765,c1,142
12766,c5,530
12767,c5,353
12768,c1,250
12769,c1,628
12770,c234,97
12771,c1,1181
12772,c234,99
12773,c1,282
12774,c1,219
12775,c1,302
12776,c5,602
12777,c1,634
12778,c5,60
12779,c5,139
12780,c234,276
12781,c5,157
12782,c5,299
12783,c1,499
12784,c5,315
12785,c1,334
12786,c234,295
12787,c1,263
12788,c1,28
12789,c234,140
12790,c1,100
12791,c1,302
12792,c1,120
12793,c1,192
12794,c5,217
12795,c234,598
12796,c5,1617
12797,c234,92
12798,c1,132
12799,c234,276
12800,c5,55
12801,c1,31
12802,c1,356
12803,c5,313
12804,c1,294
12805,c5,463
12806,c5,1580
12807,c5,14
12808,c1,175
12809,c1,42
12810,c5,103
12811,c1,297
12812,c5,174
12813,c5,204
12814,c1,384
12815,c234,592
12816,c234,174
12817,c1,325
12818,c1,353
12819,c5,684
12820,c1,298
12821,c234,2480
12822,c1,651
12823,c234,527
12824,c1,373
12825,c5,575
12826,c1,956
12827,c5,212
12828,c5,751
12829,c234,162
12830,c1,513
12831,c234,256
12832,c234,55
12833,c234,81
12834,c234,140
12835,c1,131
12836,c234,409
12837,c5,146
12838,c5,104
12839,c5,251
12840,c5,202
12841,c5,178
12842,c234,240
12843,c1,230
12844,c5,329
12845,c1,190
12846,c5,38
12847,c234,140
12848,c1,1521
12849,c5,340
12850,c5,404
12851,c234,298
12852,c1,256
12853,c1,207
12854,c5,2661
12855,c234,1191
12856,c5,212
12857,c234,415
12858,c5,295
12859,c1,330
12860,c234,317
12861,c234,911
12862,c234,114
12863,c234,365
12864,c5,511
12865,c5,289
12866,c1,455
12867,c5,206
12868,c234,185
12869,c1,217
12870,c5,378
12871,c5,59
12872,c1,793
12873,c5,161
12874,c234,1016
12875,c1,88
12876,c5,494
12877,c234,95
12878,c234,401
12879,c1,38
12880,c234,41
12881,c1,1212
12882,c1,299
12883,c234,131
12884,c5,109
12885,c234,964
12886,c5,163
12887,c5,225
12888,c5,420
12889,c1,127
12890,c234,167
12891,c234,127
12892,c234,55
12893,c234,298
12894,c5,372
12895,c234,428
12896,c1,151
12897,c5,268
12898,c1,439
12899,c5,885
12900,c1,766
12901,c5,352
12902,c234,1177
12903,c1,139
12904,c5,372
12905,c5,39
12906,c5,263
12907,c234,180
12908,c234,144
12909,c1,513
12910,c5,458
12911,c234,207
12912,c1,576
12913,c1,232
12914,c5,297
12915,c1,426
12916,c5,1104
12917,c5,2103
12918,c5,508
12919,c1,399
12920,c5,53
12921,c5,538
12922,c1,1166
12923,c1,2642
12924,c234,49
12925,c234,409
12926,c1,485
12927,c5,71
12928,c234,265
12929,c1,459
12930,c1,612
12931,c1,982
12932,c1,413
12933,c234,327
12934,c1,105
12935,c5,151
12936,c234,123
12937,c5,128
12938,c234,267
12939,c1,79
12940,c234,224
12941,c234,103
12942,c234,97
12943,c5,620
12944,c1,824
12945,c234,241
12946,c234,446
12947,c234,422
12948,c5,433
12949,c5,379
12950,c1,546
12951,c234,637
12952,c234,712
12953,c5,87
12954,c1,494
12955,c1,135
12956,c234,247
12957,c5,244
12958,c1,143
12959,c5,276
12960,c1,456
12961,c5,878
12962,c1,151
12963,c5,132
12964,c1,364
12965,c1,736
12966,c234,486
12967,c5,806
12968,c1,428
12969,c234,188
12970,c5,163
12971,c1,680
12972,c1,581
12973,c234,368
12974,c1,61
12975,c1,227
12976,c5,52
12977,c5,531
12978,c234,46
12979,c1,334
12980,c5,97
12981,c234,368
12982,c1,794
12983,c234,792
12984,c5,163
12985,c1,518
12986,c234,109
12987,c5,297
12988,c234,142
12989,c5,254
12990,c1,84
12991,c234,158
12992,c1,555
12993,c1,638
12994,c1,231
12995,c1,321
12996,c5,1088
12997,c1,83
12998,c5,217
12999,c5,53
13000,c1,1066
13001,c234,218
13002,c1,46
13003,c1,49
13004,c5,93
13005,c1,14
13006,c5,36
13007,c234,385
13008,c5,31
13009,c5,343
13010,c1,75
13011,c234,664
13012,c234,265
13013,c5,1565
13014,c234,379
13015,c234,93
13016,c1,258
13017,c234,550
13018,c5,277
13019,c5,248
13020,c1,465
13021,c234,434
13022,c1,878
13023,c5,1276
13024,c1,179
13025,c1,275
13026,c5,184
13027,c234,216
13028,c1,105
13029,c1,31
13030,c5,301
13031,c5,766
13032,c234,1050
13033,c234,68
13034,c234,131
13035,c5,394
13036,c234,562
13037,c5,384
13038,c5,13
13039,c5,511
13040,c5,296
13041,c5,619
13042,c234,725
13043,c1,53
13044,c234,54
13045,c234,553
13046,c5,60
13047,c5,148
13048,c234,276
13049,c5,192
13050,c1,145
13051,c5,49
13052,c234,206
13053,c5,192
13054,c5,173
13055,c234,266
13056,c234,378
13057,c5,281
13058,c1,456
13059,c234,4263
13060,c234,519
13061,c5,241
13062,c5,270
13063,c234,274
13064,c1,268
13065,c1,181
13066,c1,367
13067,c234,227
13068,c234,40
13069,c1,173
13070,c1,792
13071,c234,365
13072,c234,668
13073,c234,131
13074,c1,709
13075,c234,741
13076,c1,369
13077,c5,103
13078,c5,56
13079,c5,154
13080,c234,39
13081,c5,545
13082,c5,505
13083,c234,173
13084,c1,218
13085,c5,899
13086,c1,971
13087,c234,739
13088,c234,39
13089,c1,14
13090,c1,121
13091,c234,263
13092,c5,325
13093,c1,216
13094,c234,105
13095,c234,209
13096,c234,357
13097,c234,2012
13098,c234,1023
13099,c1,822
13100,c1,47
13101,c1,438
13102,c5,754
13103,c1,546
13104,c5,510
13105,c1,104
13106,c234,391
13107,c1,257
13108,c5,394
13109,c234,248
13110,c1,178
13111,c5,699
13112,c234,657
13113,c234,293
13114,c234,468
13115,c5,237
13116,c5,1137
13117,c234,1205
13118,c5,248
13119,c5,106
13120,c5,180
13121,c234,1408
13122,c5,308
13123,c234,283
13124,c5,95
13125,c234,245
13126,c5,928
13127,c234,256
13128,c5,95
13129,c5,143
13130,c5,458
13131,c5,188
13132,c5,291
13133,c5,374
13134,c234,961
13135,c1,145
13136,c5,470
13137,c5,738
13138,c5,118
13139,c234,1225
13140,c234,751
13141,c1,524
13142,c234,75
13143,c5,162
13144,c1,202
13145,c5,146
13146,c5,588
13147,c234,647
13148,c5,615
13149,c234,176
13150,c1,701
13151,c234,700
13152,c1,73
13153,c1,120
13154,c234,65
13155,c1,241
13156,c1,614
13157,c5,168
13158,c234,223
13159,c1,126
13160,c1,253
13161,c5,139
13162,c1,567
13163,c1,299
13164,c5,10
13165,c234,907
13166,c5,144
13167,c1,198
13168,c5,921
13169,c1,989
13170,c1,311
13171,c1,714
13172,c1,425
13173,c1,132
13174,c5,73
13175,c234,199
13176,c1,381
13177,c5,74
13178,c234,573
13179,c5,165
13180,c1,622
13181,c234,1022
13182,c234,526
13183,c1,79
13184,c5,38
13185,c1,87
13186,c1,588
13187,c234,88
13188,c5,190
13189,c5,75
13190,c5,397
13191,c234,494
13192,c234,340
13193,c234,41
13194,c5,208
13195,c234,43
13196,c234,1766
13197,c5,41
13198,c5,433
13199,c5,217
13200,c234,101
13201,c1,581
13202,c234,590
13203,c1,49
13204,c5,137
13205,c5,240
13206,c234,428
13207,c1,125
13208,c5,87
13209,c1,641
13210,c1,429
13211,c1,447
13212,c5,539
13213,c234,101
13214,c5,16
13215,c234,61
13216,c5,145
13217,c234,474
13218,c5,239
13219,c5,117
13220,c1,152
13221,c234,269
13222,c1,350
13223,c234,408
13224,c234,346
13225,c5,69
13226,c234,393
13227,c1,233
13228,c234,25
13229,c1,180
13230,c1,355
13231,c5,101
13232,c5,441
13233,c5,299
13234,c234,368
13235,c5,401
13236,c234,52
13237,c1,390
13238,c1,1134
13239,c1,1199
13240,c5,23
13241,c5,545
13242,c234,82
13243,c1,29
13244,c1,1219
13245,c1,549
13246,c234,57
13247,c5,187
13248,c234,311
13249,c1,53
13250,c1,233
13251,c1,799
13252,c5,16
13253,c5,34
13254,c5,57
13255,c1,139
13256,c234,239
13257,c5,86
13258,c234,276
13259,c1,931
13260,c5,205
13261,c1,549
13262,c1,492
13263,c1,743
13264,c1,186
13265,c1,111
13266,c5,144
13267,c5,94
13268,c5,494
13269,c1,1207
13270,c234,332
13271,c5,93
13272,c5,534
13273,c5,51
13274,c234,190
13275,c5,446
13276,c5,976
13277,c5,349
13278,c1,362
13279,c5,14
13280,c1,51
13281,c234,824
13282,c5,631
13283,c1,41
13284,c5,234
13285,c234,57
13286,c5,350
13287,c234,521
13288,c1,115
13289,c234,105
13290,c5,379
13291,c5,301
13292,c234,653
13293,c5,1164
13294,c234,89
13295,c5,278
13296,c5,2492
13297,c234,127
13298,c5,316
13299,c234,106
13300,c5,859
13301,c5,33
13302,c234,10
13303,c234,227
13304,c5,88
13305,c5,262
13306,c234,68
13307,c1,78
13308,c5,2227
13309,c5,233
13310,c5,239
13311,c1,125
13312,c1,1975
13313,c5,515
13314,c1,566
13315,c234,424
13316,c5,284
13317,c234,771
13318,c1,275
13319,c5,107
13320,c1,147
13321,c1,119
13322,c5,901
13323,c1,743
13324,c5,201
13325,c5,87
13326,c234,480
13327,c1,138
13328,c234,566
13329,c1,144
13330,c1,627
13331,c234,61
13332,c234,428
13333,c5,187
13334,c5,357
13335,c234,745
13336,c1,3529
13337,c1,81
13338,c5,130
13339,c1,69
13340,c5,206
13341,c1,1980
13342,c5,144
13343,c5,315
13344,c5,513
13345,c234,403
13346,c5,45
13347,c5,206
13348,c234,1011
13349,c234,307
13350,c1,122
13351,c234,62
13352,c234,259
13353,c234,70
13354,c1,248
13355,c5,172
13356,c5,86
13357,c5,441
13358,c1,160
13359,c5,109
13360,c234,129
13361,c234,935
13362,c234,1522
13363,c234,216
13364,c1,191
13365,c5,143
13366,c1,481
13367,c234,407
13368,c5,270
13369,c5,322
13370,c1,512
13371,c1,990
13372,c234,589
13373,c234,328
13374,c5,535
13375,c234,35
13376,c5,111
13377,c5,17
13378,c234,665
13379,c1,44
13380,c234,653
13381,c234,188
13382,c234,194
13383,c5,323
13384,c234,592
13385,c5,207
13386,c5,81
13387,c234,404
13388,c234,514
13389,c5,520
13390,c234,401
13391,c1,510
13392,c5,127
13393,c5,356
13394,c234,838
13395,c1,314
13396,c5,505
13397,c1,108
13398,c1,449
13399,c5,218
13400,c234,626
13401,c5,386
13402,c234,81
13403,c234,562
13404,c5,33
13405,c5,1005
13406,c5,249
13407,c1,303
13408,c5,414
13409,c234,559
13410,c234,341
13411,c1,312
13412,c234,14
13413,c5,98
13414,c5,155
13415,c234,500
13416,c5,435
13417,c1,96
13418,c1,1156
13419,c234,829
13420,c234,41
13421,c234,40
13422,c1,356
13423,c5,52
13424,c234,549
13425,c5,231
13426,c1,224
13427,c5,134
13428,c1,744
13429,c1,374
13430,c1,1095
13431,c234,208
13432,c234,349
13433,c1,134
13434,c234,888
13435,c1,105
13436,c5,12
13437,c234,115
13438,c234,318
13439,c5,228
13440,c234,365
13441,c5,8
13442,c234,973
13443,c234,40
13444,c5,161
13445,c234,132
13446,c5,4467
13447,c5,117
13448,c1,192
13449,c1,76
13450,c5,2100
13451,c234,725
13452,c5,87
13453,c234,518
13454,c234,602
13455,c234,161
13456,c234,183
13457,c5,151
13458,c5,422
13459,c5,145
13460,c234,1147
13461,c5,311
13462,c234,143
13463,c234,78
13464,c234,428
13465,c5,216
13466,c5,297
13467,c5,248
13468,c234,108
13469,c234,503
13470,c1,34
13471,c5,482
13472,c5,1983
13473,c5,135
13474,c1,533
13475,c5,41
13476,c234,697
13477,c234,168
13478,c5,89
13479,c5,208
13480,c5,406
13481,c5,235
13482,c234,632
13483,c5,73
13484,c5,36
13485,c5,1336
13486,c5,157
13487,c1,328
13488,c1,128
13489,c234,146
13490,c5,124
13491,c1,52
13492,c1,874
13493,c234,60
13494,c1,222
13495,c5,32
13496,c234,403
13497,c234,57
13498,c234,226
13499,c234,10
13500,c234,1082
13501,c5,130
13502,c234,488
13503,c5,63
13504,c1,372
13505,c234,82
13506,c5,92
13507,c5,467
13508,c1,436
13509,c5,392
13510,c234,585
13511,c234,289
13512,c234,39
13513,c1,150
13514,c1,638
13515,c1,809
13516,c1,778
13517,c234,224
13518,c234,588
13519,c234,766
13520,c234,663
13521,c5,173
13522,c1,283
13523,c1,78
13524,c1,1148
13525,c234,128
13526,c234,631
13527,c5,322
13528,c5,636
13529,c5,122
13530,c5,66
13531,c234,386
13532,c5,668
13533,c234,132
13534,c5,630
13535,c5,395
13536,c5,354
13537,c1,640
13538,c5,199
13539,c5,431
13540,c5,605
13541,c5,1548
13542,c5,171
13543,c1,392
13544,c234,132
13545,c234,399
13546,c234,256
13547,c5,292
13548,c1,316
13549,c5,395
13550,c5,95
13551,c5,354
13552,c234,140
13553,c5,382
13554,c5,52
13555,c5,407
13556,c234,129
13557,c234,758
13558,c5,297
13559,c234,145
13560,c234,265
13561,c234,487
13562,c234,164
13563,c234,1103
13564,c1,417
13565,c1,107
13566,c1,229
13567,c5,1285
13568,c234,357
13569,c234,1084
13570,c234,302
13571,c1,180
13572,c1,705
13573,c234,154
13574,c5,273
13575,c1,266
13576,c234,407
13577,c234,922
13578,c234,579
13579,c1,199
13580,c234,206
13581,c1,144
13582,c234,87
13583,c5,259
13584,c1,453
13585,c234,429
13586,c5,758
13587,c5,342
13588,c234,156
13589,c234,501
13590,c5,177
13591,c234,598
13592,c5,82
13593,c234,416
13594,c5,73
13595,c5,66
13596,c5,51
13597,c5,689
13598,c1,89
13599,c234,169
13600,c1,75
13601,c5,42
13602,c5,465
13603,c1,743
13604,c1,382
13605,c234,107
13606,c234,68
13607,c1,345
13608,c5,287
13609,c1,75
13610,c234,125
13611,c234,145
13612,c5,625
13613,c5,117
13614,c1,62
13615,c234,132
13616,c234,391
13617,c5,59
13618,c234,182
13619,c5,343
13620,c234,1577
13621,c1,294
13622,c5,291
13623,c234,360
13624,c1,63
13625,c234,302
13626,c5,106
13627,c5,118
13628,c5,223
13629,c234,404
13630,c5,65
13631,c5,287
13632,c234,392
13633,c1,337
13634,c1,162
13635,c1,169
13636,c234,315
13637,c5,337
13638,c234,418
13639,c5,341
13640,c5,82
13641,c234,598
13642,c1,180
13643,c5,66
13644,c1,336
13645,c1,2644
13646,c1,687
13647,c234,385
13648,c234,252
13649,c1,622
13650,c5,189
13651,c5,471
13652,c1,648
13653,c1,218
13654,c5,226
13655,c234,1039
13656,c1,187
13657,c234,403
13658,c5,365
13659,c5,272
13660,c5,452
13661,c1,308
13662,c234,147
13663,c5,1258
13664,c5,141
13665,c234,679
13666,c1,210
13667,c5,520
13668,c5,60
13669,c234,548
13670,c1,47
13671,c234,292
13672,c1,514
13673,c5,885
13674,c234,115
13675,c5,187
13676,c5,46
13677,c1,509
13678,c5,537
13679,c234,914
13680,c234,611
13681,c5,98
13682,c1,79
13683,c234,309
13684,c1,841
13685,c1,1101
13686,c1,1203
13687,c234,120
13688,c1,328
13689,c234,140
13690,c5,16
13691,c234,40
13692,c234,490
13693,c5,247
13694,c234,697
13695,c234,431
13696,c5,556
13697,c5,297
13698,c1,110
13699,c1,486
13700,c5,103
13701,c5,456
13702,c1,460
13703,c1,267
13704,c234,1319
13705,c5,490
13706,c234,657
13707,c5,144
13708,c1,1203
13709,c5,929
13710,c1,707
13711,c5,287
13712,c5,281
13713,c234,231
13714,c234,436
13715,c1,764
13716,c5,140
13717,c5,131
13718,c1,73
13719,c1,566
13720,c5,58
13721,c1,661
13722,c5,948
13723,c5,637
13724,c1,520
13725,c1,125
13726,c5,188
13727,c5,184
13728,c234,174
13729,c5,129
13730,c1,143
13731,c5,1043
13732,c5,77
13733,c1,167
13734,c234,109
13735,c5,154
13736,c1,246
13737,c5,133
13738,c234,209
13739,c234,636
13740,c5,115
13741,c234,1000
13742,c1,1039
13743,c5,273
13744,c234,207
13745,c1,385
13746,c1,719
13747,c5,309
13748,c234,199
13749,c5,403
13750,c234,82
13751,c1,428
13752,c234,242
13753,c5,184
13754,c1,415
13755,c5,516
13756,c1,204
13757,c234,121
13758,c234,457
13759,c234,441
13760,c5,92
13761,c234,295
13762,c234,160
13763,c1,118
13764,c1,148
13765,c1,166
13766,c1,229
13767,c5,622
13768,c5,376
13769,c234,88
13770,c234,466
13771,c234,571
13772,c234,221
13773,c234,443
13774,c5,742
13775,c1,136
13776,c234,246
13777,c234,43
13778,c1,325
13779,c5,218
13780,c1,478
13781,c234,415
13782,c5,156
13783,c234,873
13784,c1,202
13785,c234,9
13786,c1,624
13787,c234,197
13788,c1,124
13789,c5,51
13790,c234,537
13791,c5,12
13792,c234,554
13793,c234,299
13794,c5,81
13795,c1,480
13796,c1,297
13797,c5,399
13798,c1,196
13799,c5,267
13800,c5,782
13801,c234,438
13802,c234,481
13803,c1,1232
13804,c1,69
13805,c234,314
13806,c1,346
13807,c5,152
13808,c1,1712
13809,c1,140
13810,c5,192
13811,c234,241
13812,c234,42
13813,c1,241
13814,c5,209
13815,c5,101
13816,c5,129
13817,c5,513
13818,c1,23
13819,c234,710
13820,c5,349
13821,c1,383
13822,c234,388
13823,c5,82
13824,c234,410
13825,c234,430
13826,c234,270
13827,c1,1457
13828,c5,186
13829,c1,45
13830,c1,244
13831,c1,396
13832,c234,76
13833,c5,7
13834,c1,568
13835,c5,612
13836,c5,73
13837,c5,329
13838,c5,453
13839,c1,428
13840,c5,384
13841,c1,113
13842,c1,217
13843,c5,1109
13844,c5,420
13845,c234,38
13846,c1,241
13847,c234,181
13848,c5,58
13849,c234,107
13850,c5,76
13851,c234,64
13852,c5,428
13853,c1,564
13854,c234,1092
13855,c234,169
13856,c1,278
13857,c1,131
13858,c1,482
13859,c234,87
13860,c5,1100
13861,c234,211
13862,c5,642
13863,c5,409
13864,c1,1371
13865,c5,74
13866,c5,365
13867,c5,212
13868,c5,444
13869,c5,558
13870,c5,813
13871,c234,608
13872,c1,920
13873,c234,44
13874,c1,539
13875,c5,352
13876,c1,25
13877,c5,371
13878,c234,291
13879,c1,132
13880,c5,1089
13881,c5,77
13882,c5,587
13883,c5,118
13884,c234,488
13885,c234,242
13886,c1,904
13887,c5,1111
13888,c5,85
13889,c5,380
13890,c5,181
13891,c234,431
13892,c234,575
13893,c5,516
13894,c1,55
13895,c1,1696
13896,c1,603
13897,c5,283
13898,c5,51
13899,c234,482
13900,c234,350
13901,c234,44
13902,c234,69
13903,c1,121
13904,c234,361
13905,c234,74
13906,c1,63
13907,c1,630
13908,c5,630
13909,c234,39
13910,c5,966
13911,c234,308
13912,c234,87
13913,c5,1279
13914,c5,56
13915,c1,637
13916,c5,232
13917,c234,80
13918,c1,242
13919,c234,658
13920,c5,298
13921,c1,36
13922,c5,85
13923,c5,195
13924,c1,422
13925,c5,707
13926,c5,203
13927,c5,675
13928,c1,283
13929,c5,186
13930,c234,68
13931,c1,658
13932,c1,144
13933,c234,161
13934,c234,100
13935,c234,120
13936,c5,301
13937,c5,50
13938,c234,132
13939,c5,445
13940,c1,77
13941,c234,244
13942,c1,636
13943,c234,713
13944,c5,739
13945,c5,82
13946,c1,673
13947,c1,1704
13948,c5,75
13949,c1,157
13950,c5,95
13951,c1,153
13952,c5,654
13953,c5,664
13954,c234,783
13955,c5,23
13956,c1,338
13957,c1,942
13958,c1,146
13959,c1,635
13960,c1,166
13961,c5,147
13962,c1,48
13963,c1,325
13964,c5,286
13965,c1,342
13966,c5,955
13967,c5,71
13968,c234,342
13969,c234,622
13970,c234,209
13971,c5,137
13972,c5,129
13973,c1,140
13974,c234,2852
13975,c234,510
13976,c234,116
13977,c1,428
13978,c1,146
13979,c1,56
13980,c234,119
13981,c234,93
13982,c1,177
13983,c234,277
13984,c5,332
13985,c234,593
13986,c234,38
13987,c234,87
13988,c5,439
13989,c5,992
13990,c1,140
13991,c234,74
13992,c5,127
13993,c1,341
13994,c234,34
13995,c5,227
13996,c234,412
13997,c234,430
13998,c1,751
13999,c5,109
14000,c5,384
14001,c5,441
14002,c1,73
14003,c234,132
14004,c234,899
14005,c234,2191
14006,c5,910
14007,c234,203
14008,c234,107
14009,c1,175
14010,c234,107
14011,c1,646
14012,c5,459
14013,c5,237
14014,c234,386
14015,c234,78
14016,c1,796
14017,c234,300
14018,c234,653
14019,c1,448
14020,c234,344
14021,c1,535
14022,c5,756
14023,c5,182
14024,c1,65
14025,c5,277
14026,c234,263
14027,c5,558
14028,c5,48
14029,c234,251
14030,c234,2440
14031,c1,256
14032,c234,474
14033,c234,43
14034,c1,994
14035,c1,171
14036,c1,279
14037,c5,350
14038,c234,60
14039,c5,10
14040,c5,136
14041,c1,75
14042,c1,357
14043,c5,231
14044,c234,271
14045,c1,67
14046,c5,498
14047,c234,532
14048,c1,914
14049,c234,435
14050,c5,150
14051,c234,58
14052,c1,891
14053,c1,734
14054,c5,206
14055,c1,512
14056,c5,453
14057,c234,8
14058,c1,365
14059,c234,344
14060,c1,357
14061,c234,69
14062,c5,481
14063,c1,217
14064,c5,101
14065,c234,923
14066,c1,454
14067,c1,73
14068,c234,224
14069,c1,1191
14070,c1,255
14071,c5,67
14072,c234,114
14073,c234,551
14074,c234,385
14075,c1,795
14076,c1,301
14077,c1,231
14078,c5,388
14079,c1,611
14080,c5,629
14081,c1,257
14082,c5,179
14083,c5,573
14084,c5,159
14085,c234,61
14086,c1,165
14087,c1,422
14088,c5,236
14089,c1,54
14090,c5,572
14091,c1,819
14092,c5,129
14093,c5,180
14094,c234,357
14095,c234,479
14096,c1,160
14097,c1,1039
14098,c5,2071
14099,c5,31
14100,c5,302
14101,c234,67
14102,c234,61
14103,c1,224
14104,c234,240
14105,c1,287
14106,c1,902
14107,c234,140
14108,c1,375
14109,c1,93
14110,c234,418
14111,c5,65
14112,c5,288
14113,c234,121
14114,c5,84
14115,c234,659
14116,c5,283
14117,c5,903
14118,c5,514
14119,c234,47
14120,c5,632
14121,c234,156
14122,c234,93
14123,c5,626
14124,c5,393
14125,c1,399
14126,c1,452
14127,c234,165
14128,c234,87
14129,c1,376
14130,c234,174
14131,c5,242
14132,c5,38
14133,c5,35
14134,c234,582
14135,c5,177
14136,c5,39
14137,c5,362
14138,c1,853
14139,c1,198
14140,c234,87
14141,c1,207
14142,c234,57
14143,c234,218
14144,c234,261
14145,c234,1478
14146,c234,347
14147,c234,805
14148,c5,219
14149,c1,130
14150,c234,601
14151,c5,271
14152,c1,604
14153,c1,354
14154,c1,41
14155,c1,112
14156,c1,241
14157,c234,132
14158,c234,166
14159,c1,93
14160,c234,462
14161,c234,79
14162,c1,377
14163,c1,338
14164,c5,433
14165,c5,285
14166,c234,388
14167,c234,242
14168,c1,203
14169,c234,773
14170,c1,243
14171,c1,380
14172,c234,160
14173,c5,739
14174,c1,84
14175,c1,314
14176,c1,261
14177,c5,278
14178,c234,690
14179,c5,86
14180,c1,425
14181,c5,46
14182,c5,231
14183,c1,132
14184,c5,71
14185,c234,514
14186,c234,249
14187,c234,14
14188,c1,399
14189,c5,160
14190,c1,590
14191,c234,496
14192,c234,129
14193,c1,198
14194,c5,181
14195,c1,64
14196,c234,1804
14197,c1,272
14198,c1,224
14199,c1,42
14200,c1,433
14201,c234,109
14202,c1,66
14203,c5,236
14204,c5,51
14205,c1,94
14206,c5,44
14207,c1,230
14208,c5,229
14209,c234,562
14210,c1,119
14211,c1,1043
14212,c1,1029
14213,c1,88
14214,c5,156
14215,c5,84
14216,c234,73
14217,c5,173
14218,c5,314
14219,c1,418
14220,c234,252
14221,c1,151
14222,c234,710
14223,c1,124
14224,c234,334
14225,c1,82
14226,c234,436
14227,c5,550
14228,c1,631
14229,c5,814
14230,c234,139
14231,c234,725
14232,c1,444
14233,c5,61
14234,c1,408
14235,c234,210
14236,c234,136
14237,c5,256
14238,c1,621
14239,c5,471
14240,c5,752
14241,c234,582
14242,c234,483
14243,c1,46
14244,c5,482
14245,c5,93
14246,c5,86
14247,c1,148
14248,c5,201
14249,c5,105
14250,c234,225
14251,c234,425
14252,c1,1097
14253,c1,1019
14254,c5,246
14255,c1,413
14256,c234,245
14257,c234,668
14258,c1,375
14259,c1,124
14260,c1,89
14261,c1,1446
14262,c234,566
14263,c1,309
14264,c234,480
14265,c1,157
14266,c1,273
14267,c5,513
14268,c5,1758
14269,c1,822
14270,c5,62
14271,c1,53
14272,c1,978
14273,c234,224
14274,c5,134
14275,c5,61
14276,c1,141
14277,c5,61
14278,c1,375
14279,c234,187
14280,c5,926
14281,c5,441
14282,c234,1537
14283,c234,975
14284,c5,149
14285,c5,467
14286,c5,50
14287,c5,52
14288,c234,690
14289,c5,231
14290,c5,212
14291,c5,600
14292,c1,36
14293,c1,415
14294,c5,167
14295,c234,32
14296,c234,188
14297,c1,717
14298,c234,413
14299,c234,1163
14300,c234,616
14301,c234,202
14302,c5,61
14303,c1,262
14304,c234,170
14305,c234,731
14306,c1,458
14307,c234,2882
14308,c1,2904
14309,c234,167
14310,c234,130
14311,c5,470
14312,c5,326
14313,c234,147
14314,c1,320
14315,c234,232
14316,c1,48
14317,c5,107
14318,c234,157
14319,c5,421
14320,c234,232
14321,c5,12
14322,c234,1860
14323,c234,14
14324,c234,179
14325,c1,61
14326,c5,177
14327,c5,902
14328,c1,88
14329,c1,394
14330,c234,554
14331,c5,147
14332,c234,500
14333,c1,562
14334,c1,689
14335,c5,175
14336,c1,1172
14337,c5,143
14338,c234,2092
14339,c5,141
14340,c1,235
14341,c5,240
14342,c234,716
14343,c1,636
14344,c234,4479
14345,c1,193
14346,c234,230
14347,c234,516
14348,c1,410
14349,c234,327
14350,c1,116
14351,c5,447
14352,c5,149
14353,c5,1290
14354,c5,928
14355,c234,1266
14356,c1,945
14357,c234,766
14358,c234,226
14359,c234,206
14360,c5,285
14361,c5,169
14362,c1,80
14363,c234,316
14364,c1,22
14365,c5,181
14366,c5,172
14367,c234,283
14368,c5,210
14369,c5,758
14370,c1,608
14371,c234,80
14372,c1,83
14373,c1,132
14374,c234,709
14375,c234,180
14376,c1,523
14377,c5,179
14378,c5,225
14379,c5,1115
14380,c5,821
14381,c5,331
14382,c5,1204
14383,c5,286
14384,c234,1333
14385,c5,241
14386,c1,197
14387,c234,1078
14388,c234,242
14389,c5,569
14390,c1,406
14391,c1,1353
14392,c234,636
14393,c5,173
14394,c1,144
14395,c234,134
14396,c1,625
14397,c5,47
14398,c5,406
14399,c1,970
14400,c234,138
14401,c5,188
14402,c234,648
14403,c5,143
14404,c234,77
14405,c1,63
14406,c5,250
14407,c1,227
14408,c5,584
14409,c1,123
14410,c234,416
14411,c234,1132
14412,c234,611
14413,c1,611
14414,c1,269
14415,c5,409
14416,c5,412
14417,c5,307
14418,c1,345
14419,c5,352
14420,c5,563
14421,c5,231
14422,c234,233
14423,c1,219
14424,c1,243
14425,c234,363
14426,c1,174
14427,c234,275
14428,c5,643
14429,c1,237
14430,c5,359
14431,c1,234
14432,c1,428
14433,c5,59
14434,c5,192
14435,c234,1591
14436,c1,404
14437,c5,118
14438,c5,199
14439,c234,1052
14440,c1,232
14441,c5,358
14442,c234,187
14443,c5,91
14444,c234,256
14445,c5,431
14446,c1,259
14447,c1,500
14448,c1,239
14449,c234,256
14450,c1,76
14451,c1,288
14452,c5,187
14453,c234,544
14454,c1,84
14455,c234,785
14456,c5,306
14457,c1,55
14458,c234,81
14459,c234,519
14460,c1,531
14461,c5,239
14462,c234,272
14463,c234,1002
14464,c1,14
14465,c1,569
14466,c5,448
14467,c5,617
14468,c234,391
14469,c234,318
14470,c234,68
14471,c1,65
14472,c5,382
14473,c5,14
14474,c234,91
14475,c234,737
14476,c234,51
14477,c234,428
14478,c1,305
14479,c5,333
14480,c5,255
14481,c1,55
14482,c1,195
14483,c1,248
14484,c5,914
14485,c1,248
14486,c1,270
14487,c5,349
14488,c1,284
14489,c1,189
14490,c234,70
14491,c234,79
14492,c1,428
14493,c234,428
14494,c234,455
14495,c234,320
14496,c234,132
14497,c1,77
14498,c234,42
14499,c1,74
14500,c1,270
14501,c234,1428
14502,c5,522
14503,c1,1304
14504,c5,408
14505,c234,177
14506,c5,51
14507,c5,362
14508,c234,61
14509,c234,715
14510,c1,65
14511,c234,128
14512,c1,489
14513,c234,781
14514,c234,94
14515,c5,678
14516,c5,67
14517,c1,1551
14518,c5,543
14519,c5,79
14520,c1,34
14521,c234,510
14522,c1,270
14523,c234,560
14524,c234,1094
14525,c1,17
14526,c234,287
14527,c5,130
14528,c5,181
14529,c1,1261
14530,c234,759
14531,c1,17
14532,c5,148
14533,c1,386
14534,c1,498
14535,c5,287
14536,c234,760
14537,c234,152
14538,c234,527
14539,c234,460
14540,c1,644
14541,c234,130
14542,c234,504
14543,c234,1127
14544,c234,265
14545,c234,940
14546,c234,950
14547,c234,176
14548,c1,269
14549,c5,104
14550,c5,261
14551,c234,89
14552,c5,927
14553,c1,169
14554,c5,113
14555,c234,885
14556,c234,162
14557,c1,75
14558,c234,568
14559,c234,673
14560,c1,790
14561,c5,57
14562,c1,611
14563,c5,392
14564,c1,880
14565,c1,326
14566,c1,677
14567,c1,324
14568,c5,810
14569,c234,670
14570,c1,241
14571,c234,9
14572,c5,178
14573,c5,535
14574,c234,363
14575,c234,251
14576,c1,175
14577,c234,344
14578,c1,160
14579,c5,112
14580,c5,104
14581,c5,245
14582,c5,535
14583,c5,36
14584,c5,144
14585,c1,228
14586,c5,53
14587,c1,120
14588,c234,84
14589,c1,370
14590,c1,394
14591,c1,230
14592,c1,25
14593,c234,1042
14594,c5,81
14595,c5,161
14596,c5,112
14597,c234,531
14598,c1,585
14599,c234,77
14600,c1,137
14601,c5,204
14602,c5,161
14603,c1,1098
14604,c234,299
14605,c5,491
14606,c1,326
14607,c234,982
14608,c5,687
14609,c234,398
14610,c234,304
14611,c234,14
14612,c234,265
14613,c234,557
14614,c1,468
14615,c1,63
14616,c5,337
14617,c234,585
14618,c5,423
14619,c1,280
14620,c1,734
14621,c234,1373
14622,c234,262
14623,c234,784
14624,c1,705
14625,c1,92
14626,c5,803
14627,c5,152
14628,c234,272
14629,c5,88
14630,c234,1075
14631,c1,503
14632,c5,327
14633,c1,441
14634,c234,468
14635,c234,479
14636,c5,791
14637,c234,1454
14638,c1,350
14639,c234,1174
14640,c1,96
14641,c234,918
14642,c1,100
14643,c5,569
14644,c1,930
14645,c5,172
14646,c1,160
14647,c234,849
14648,c5,376
14649,c1,247
14650,c234,318
14651,c1,97
14652,c234,358
14653,c234,1302
14654,c234,2598
14655,c1,482
14656,c1,469
14657,c5,1472
14658,c1,73
14659,c5,452
14660,c234,479
14661,c5,150
14662,c1,122
14663,c5,691
14664,c234,150
14665,c234,707
14666,c234,215
14667,c1,751
14668,c234,293
14669,c234,2037
14670,c5,161
14671,c234,131
14672,c234,444
14673,c1,255
14674,c5,153
14675,c1,144
14676,c1,1218
14677,c5,297
14678,c1,632
14679,c5,42
14680,c234,640
14681,c5,263
14682,c234,102
14683,c1,439
14684,c5,173
14685,c1,396
14686,c1,622
14687,c5,461
14688,c1,85
14689,c5,168
14690,c5,255
14691,c5,146
14692,c5,716
14693,c1,415
14694,c234,45
14695,c5,239
14696,c234,210
14697,c5,800
14698,c1,127
14699,c1,327
14700,c234,61
14701,c1,144
14702,c234,121
14703,c5,129
14704,c1,274
14705,c234,622
14706,c5,145
14707,c1,1590
14708,c5,711
14709,c1,172
14710,c1,73
14711,c234,367
14712,c5,294
14713,c234,179
14714,c234,1940
14715,c234,974
14716,c234,16
14717,c5,2343
14718,c234,426
14719,c1,278
14720,c5,21
14721,c5,453
14722,c234,254
14723,c234,265
14724,c5,987
14725,c234,1117
14726,c5,130
14727,c1,353
14728,c5,67
14729,c5,650
14730,c234,69
14731,c5,483
14732,c1,147
14733,c234,1848
14734,c234,77
14735,c1,20
14736,c234,132
14737,c234,274
14738,c234,268
14739,c234,623
14740,c1,1013
14741,c5,102
14742,c1,762
14743,c234,138
14744,c5,55
14745,c234,692
14746,c5,171
14747,c5,91
14748,c234,198
14749,c5,180
14750,c1,103
14751,c5,741
14752,c1,146
14753,c5,390
14754,c1,142
14755,c1,1349
14756,c1,590
14757,c1,1203
14758,c234,298
14759,c5,77
14760,c1,528
14761,c5,688
14762,c234,184
14763,c234,67
14764,c1,132
14765,c1,612
14766,c5,190
14767,c234,1954
14768,c1,438
14769,c1,23
14770,c5,244
14771,c234,292
14772,c5,1171
14773,c1,334
14774,c234,463
14775,c1,76
14776,c1,686
14777,c234,218
14778,c1,1798
14779,c234,105
14780,c1,27
14781,c1,65
14782,c5,111
14783,c1,909
14784,c1,460
14785,c1,175
14786,c234,392
14787,c5,621
14788,c234,367
14789,c5,247
14790,c1,783
14791,c5,47
14792,c5,256
14793,c1,82
14794,c1,936
14795,c1,187
14796,c5,201
14797,c1,133
14798,c1,229
14799,c1,384
14800,c1,83
14801,c5,33
14802,c1,544
14803,c1,917
14804,c5,284
14805,c5,126
14806,c5,82
14807,c5,52
14808,c1,263
14809,c1,938
14810,c234,799
14811,c5,162
14812,c5,84
14813,c234,622
14814,c5,341
14815,c1,167
14816,c1,476
14817,c1,98
14818,c5,132
14819,c234,310
14820,c5,79
14821,c234,466
14822,c5,335
14823,c1,173
14824,c1,13
14825,c1,903
14826,c234,163
14827,c234,390
14828,c234,108
14829,c234,647
14830,c234,399
14831,c1,97
14832,c1,146
14833,c5,149
14834,c5,220
14835,c234,340
14836,c5,1068
14837,c234,313
14838,c1,69
14839,c1,504
14840,c234,222
14841,c234,546
14842,c234,385
14843,c1,1032
14844,c1,312
14845,c5,370
14846,c234,122
14847,c1,568
14848,c1,279
14849,c5,173
14850,c234,607
14851,c234,1012
14852,c234,411
14853,c5,278
14854,c5,283
14855,c5,364
14856,c234,349
14857,c5,415
14858,c1,495
14859,c234,547
14860,c1,152
14861,c5,130
14862,c1,27
14863,c5,140
14864,c1,332
14865,c1,146
14866,c234,498
14867,c5,142
14868,c1,164
14869,c234,358
14870,c1,148
14871,c5,610
14872,c1,307
14873,c5,304
14874,c5,73
14875,c1,357
14876,c5,108
14877,c1,491
14878,c1,398
14879,c5,262
14880,c1,48
14881,c1,170
14882,c5,454
14883,c1,583
14884,c234,760
14885,c1,544
14886,c1,142
14887,c5,35
14888,c5,132
14889,c234,766
14890,c234,610
14891,c234,829
14892,c5,82
14893,c234,44
14894,c234,800
14895,c234,451
14896,c1,591
14897,c234,272
14898,c234,243
14899,c234,86
14900,c1,2025
14901,c5,22
14902,c5,472
14903,c5,214
14904,c5,411
14905,c5,419
14906,c5,59
14907,c1,334
14908,c5,92
14909,c1,37
14910,c1,143
14911,c1,244
14912,c234,61
14913,c234,255
14914,c5,229
14915,c1,132
14916,c1,41
14917,c5,205
14918,c234,404
14919,c1,643
14920,c5,25
14921,c5,41
14922,c234,132
14923,c234,401
14924,c234,598
14925,c1,93
14926,c5,121
14927,c5,41
14928,c5,124
14929,c234,336
14930,c234,1336
14931,c5,327
14932,c234,1247
14933,c5,392
14934,c234,665
14935,c5,60
14936,c234,137
14937,c234,10
14938,c234,809
14939,c1,83
14940,c234,226
14941,c5,169
14942,c1,709
14943,c5,17
14944,c234,670
14945,c1,479
14946,c234,174
14947,c5,63
14948,c1,64
14949,c1,1331
14950,c5,590
14951,c5,59
14952,c1,60
14953,c1,317
14954,c234,228
14955,c1,167
14956,c234,70
14957,c234,436
14958,c1,750
14959,c234,598
14960,c234,816
14961,c1,708
14962,c234,642
14963,c234,707
14964,c5,160
14965,c5,139
14966,c5,538
14967,c234,59
14968,c234,524
14969,c1,667
14970,c1,446
14971,c1,131
14972,c234,232
14973,c1,499
14974,c5,336
14975,c1,209
14976,c1,113
14977,c5,144
14978,c234,1138
14979,c5,662
14980,c234,2179
14981,c234,596
14982,c5,56
14983,c5,214
14984,c5,485
14985,c5,139
14986,c1,392
14987,c1,56
14988,c5,21
14989,c5,73
14990,c5,45
14991,c234,673
14992,c234,74
14993,c234,846
14994,c234,40
14995,c5,415
14996,c234,60
14997,c5,25
14998,c5,203
14999,c1,208
15000,c1,658
15001,c1,674
15002,c234,30
15003,c234,97
15004,c1,206
15005,c1,13
15006,c1,266
15007,c5,229
15008,c234,955
15009,c1,1569
15010,c5,385
15011,c5,385
15012,c234,1281
15013,c5,118
15014,c5,257
15015,c234,336
15016,c234,988
15017,c234,175
15018,c5,111
15019,c234,224
15020,c234,407
15021,c5,297
15022,c234,620
15023,c234,436
15024,c1,385
15025,c234,323
15026,c5,676
15027,c5,431
15028,c1,417
15029,c234,823
15030,c5,858
15031,c5,410
15032,c1,154
15033,c5,23
15034,c5,122
15035,c5,101
15036,c1,146
15037,c5,384
15038,c5,168
15039,c5,110
15040,c234,11
15041,c234,344
15042,c1,343
15043,c5,164
15044,c234,93
15045,c5,872
15046,c234,42
15047,c5,92
15048,c234,621
15049,c234,275
15050,c1,365
15051,c5,295
15052,c5,10
15053,c234,134
15054,c234,285
15055,c234,359
15056,c1,1085
15057,c5,334
15058,c234,1154
15059,c234,74
15060,c1,144
15061,c1,57
15062,c234,14
15063,c234,441
15064,c234,2203
15065,c5,286
15066,c1,218
15067,c5,87
15068,c234,429
15069,c5,594
15070,c5,153
15071,c1,200
15072,c234,408
15073,c1,61
15074,c234,162
15075,c5,768
15076,c1,672
15077,c1,229
15078,c234,309
15079,c5,280
15080,c234,149
15081,c1,231
15082,c1,225
15083,c5,441
15084,c234,193
15085,c1,346
15086,c5,176
15087,c5,72
15088,c5,1264
15089,c5,53
15090,c1,622
15091,c234,653
15092,c5,476
15093,c234,744
15094,c234,354
15095,c5,358
15096,c1,247
15097,c1,345
15098,c234,143
15099,c5,528
15100,c234,212
15101,c1,453
15102,c5,95
15103,c234,852
15104,c1,99
15105,c234,543
15106,c5,258
15107,c234,971
15108,c5,512
15109,c1,750
15110,c5,491
15111,c1,896
15112,c234,56
15113,c234,682
15114,c5,374
15115,c1,290
15116,c1,2279
15117,c1,98
15118,c234,554
15119,c5,179
15120,c5,58
15121,c5,567
15122,c1,271
15123,c5,54
15124,c1,405
15125,c234,469
15126,c234,188
15127,c234,348
15128,c234,208
15129,c234,352
15130,c234,33
15131,c5,509
15132,c5,40
15133,c234,872
15134,c234,996
15135,c5,346
15136,c5,381
15137,c5,104
15138,c5,72
15139,c5,209
15140,c1,290
15141,c1,590
15142,c234,1388
15143,c234,207
15144,c5,1147
15145,c5,765
15146,c5,199
15147,c5,466
15148,c5,406
15149,c1,391
15150,c234,194
15151,c5,65
15152,c234,788
15153,c234,1425
15154,c5,17
15155,c1,246
15156,c234,4263
15157,c5,1473
15158,c5,332
15159,c234,376
15160,c234,651
15161,c5,876
15162,c1,264
15163,c1,93
15164,c5,123
15165,c234,11
15166,c234,146
15167,c1,250
15168,c1,904
15169,c1,112
15170,c234,125
15171,c234,284
15172,c234,461
15173,c5,274
15174,c5,15
15175,c234,488
15176,c1,904
15177,c1,125
15178,c1,861
15179,c5,101
15180,c1,233
15181,c1,121
15182,c234,101
15183,c5,26
15184,c234,1227
15185,c1,99
15186,c1,245
15187,c1,1214
15188,c234,582
15189,c1,382
15190,c1,368
15191,c5,224
15192,c1,414
15193,c234,903
15194,c234,436
15195,c234,111
15196,c234,390
15197,c5,280
15198,c234,413
15199,c234,723
15200,c5,667
15201,c234,62
15202,c234,2633
15203,c1,1017
15204,c1,56
15205,c5,387
15206,c234,1273
15207,c234,1343
15208,c1,489
15209,c5,262
15210,c1,897
15211,c5,159
15212,c5,24
15213,c234,287
15214,c1,164
15215,c5,41
15216,c5,138
15217,c234,428
15218,c5,544
15219,c234,782
15220,c1,101
15221,c5,700
15222,c234,175
15223,c234,40
15224,c1,324
15225,c1,25
15226,c234,135
15227,c5,134
15228,c234,748
15229,c5,393
15230,c234,165
15231,c234,379
15232,c234,106
15233,c234,573
15234,c1,415
15235,c234,123
15236,c5,151
15237,c5,675
15238,c1,353
15239,c5,103
15240,c5,104
15241,c1,1186
15242,c234,56
15243,c234,28
15244,c1,150
15245,c5,644
15246,c234,1171
15247,c234,400
15248,c234,183
15249,c1,468
15250,c1,600
15251,c5,761
15252,c1,232
15253,c234,591
15254,c234,147
15255,c1,972
15256,c5,213
15257,c234,179
15258,c5,376
15259,c1,130
15260,c5,250
15261,c1,51
15262,c1,338
15263,c234,515
15264,c1,252
15265,c1,1493
15266,c234,755
15267,c1,125
15268,c1,1399
15269,c1,611
15270,c1,450
15271,c234,367
15272,c1,267
15273,c234,594
15274,c5,1031
15275,c5,553
15276,c5,1036
15277,c5,132
15278,c5,200
15279,c234,255
15280,c234,243
15281,c234,399
15282,c5,994
15283,c234,781
15284,c5,853
15285,c1,221
15286,c234,54
15287,c234,41
15288,c5,427
15289,c1,167
15290,c1,834
15291,c234,377
15292,c234,438
15293,c5,550
15294,c234,496
15295,c234,311
15296,c1,469
15297,c234,1264
15298,c1,79
15299,c234,512
15300,c234,264
15301,c234,500
15302,c234,61
15303,c5,252
15304,c5,234
15305,c5,644
15306,c1,366
15307,c234,767
15308,c1,679
15309,c5,77
15310,c1,187
15311,c1,450
15312,c1,52
15313,c5,36
15314,c5,126
15315,c1,148
15316,c234,335
15317,c234,1019
15318,c1,150
15319,c5,457
15320,c5,321
15321,c1,556
15322,c5,132
15323,c234,1439
15324,c1,623
15325,c234,616
15326,c5,137
15327,c1,251
15328,c1,491
15329,c234,718
15330,c234,1159
15331,c1,27
15332,c234,96
15333,c1,76
15334,c234,74
15335,c5,992
15336,c5,126
15337,c1,791
15338,c1,906
15339,c234,643
15340,c234,1097
15341,c234,132
15342,c1,718
15343,c5,326
15344,c5,379
15345,c234,68
15346,c5,144
15347,c5,141
15348,c234,123
15349,c5,403
15350,c234,300
15351,c5,241
15352,c1,291
15353,c5,560
15354,c5,700
15355,c1,495
15356,c1,466
15357,c234,48
15358,c1,1535
15359,c234,409
15360,c1,848
15361,c234,703
15362,c234,230
15363,c1,779
15364,c1,76
15365,c5,155
15366,c5,216
15367,c234,126
15368,c1,715
15369,c1,516
15370,c1,161
15371,c234,90
15372,c234,120
15373,c5,125
15374,c234,1653
15375,c5,274
15376,c234,61
15377,c5,101
15378,c234,351
15379,c5,225
15380,c234,136
15381,c234,300
15382,c1,143
15383,c1,183
15384,c1,328
15385,c1,360
15386,c234,169
15387,c1,494
15388,c1,325
15389,c5,40
15390,c5,531
15391,c5,511
15392,c234,147
15393,c1,112
15394,c5,194
15395,c1,484
15396,c1,512
15397,c1,1047
15398,c5,135
15399,c5,146
15400,c5,449
15401,c5,118
15402,c5,821
15403,c5,114
15404,c234,668
15405,c234,437
15406,c1,249
15407,c5,568
15408,c5,261
15409,c5,58
15410,c5,246
15411,c1,130
15412,c5,58
15413,c234,377
15414,c5,68
15415,c1,622
15416,c234,235
15417,c5,113
15418,c1,404
15419,c234,311
15420,c5,1068
15421,c234,1005
15422,c5,90
15423,c5,104
15424,c1,349
15425,c5,93
15426,c1,885
15427,c1,58
15428,c5,359
15429,c234,94
15430,c5,385
15431,c234,163
15432,c5,246
15433,c5,486
15434,c234,92
15435,c5,707
15436,c5,94
15437,c5,767
15438,c1,29
15439,c234,493
15440,c5,332
15441,c1,2224
15442,c5,592
15443,c1,740
15444,c1,131
15445,c5,258
15446,c5,91
15447,c5,787
15448,c5,114
15449,c5,166
15450,c1,654
15451,c5,52
15452,c5,1385
15453,c234,1381
15454,c234,568
15455,c5,344
15456,c5,790
15457,c234,401
15458,c1,236
15459,c1,368
15460,c1,259
15461,c234,154
15462,c1,279
15463,c5,596
15464,c234,1266
15465,c1,8
15466,c1,472
15467,c1,1511
15468,c5,80
15469,c234,1030
15470,c234,525
15471,c1,81
15472,c5,169
15473,c234,892
15474,c234,166
15475,c1,101
15476,c5,864
15477,c1,79
15478,c1,665
15479,c1,295
15480,c234,120
15481,c234,155
15482,c5,1157
15483,c234,1552
15484,c234,302
15485,c1,857
15486,c1,720
15487,c5,579
15488,c1,190
15489,c1,385
15490,c5,110
15491,c5,65
15492,c5,54
15493,c1,39
15494,c1,167
15495,c1,1643
15496,c1,408
15497,c1,622
15498,c234,64
15499,c5,243
15500,c5,59
15501,c1,364
15502,c1,758
15503,c1,299
15504,c1,668
15505,c234,165
15506,c5,357
15507,c1,44
15508,c1,416
15509,c1,130
15510,c234,682
15511,c1,615
15512,c1,120
15513,c234,2368
15514,c5,702
15515,c1,239
15516,c5,289
15517,c234,14
15518,c5,132
15519,c234,283
15520,c5,279
15521,c5,190
15522,c234,302
15523,c234,315
15524,c234,120
15525,c5,190
15526,c234,376
15527,c234,551
15528,c234,114
15529,c5,266
15530,c234,543
15531,c1,814
15532,c1,1255
15533,c234,757
15534,c1,476
15535,c5,64
15536,c5,288
15537,c1,138
15538,c1,151
15539,c234,133
15540,c5,179
15541,c1,651
15542,c5,440
15543,c5,67
15544,c5,243
15545,c234,291
15546,c5,133
15547,c1,188
15548,c1,855
15549,c5,282
15550,c234,598
15551,c234,270
15552,c234,362
15553,c5,459
15554,c5,142
15555,c5,274
15556,c5,410
15557,c1,529
15558,c1,582
15559,c1,38
15560,c1,65
15561,c234,45
15562,c234,8
15563,c234,577
15564,c1,107
15565,c5,133
15566,c234,880
15567,c5,174
15568,c234,223
15569,c234,411
15570,c5,304
15571,c5,1307
15572,c5,854
15573,c1,429
15574,c1,428
15575,c1,437
15576,c234,463
15577,c234,421
15578,c5,241
15579,c1,478
15580,c1,2175
15581,c1,126
15582,c234,250
15583,c234,391
15584,c1,312
15585,c1,2233
15586,c1,387
15587,c1,521
15588,c5,196
15589,c5,582
15590,c1,386
15591,c234,2093
15592,c234,505
15593,c234,211
15594,c234,237
15595,c5,239
15596,c234,171
15597,c5,60
15598,c5,79
15599,c5,126
15600,c234,179
15601,c5,170
15602,c234,138
15603,c5,65
15604,c5,144
15605,c1,567
15606,c234,113
15607,c234,132
15608,c5,52
15609,c234,530
15610,c234,620
15611,c1,224
15612,c5,667
15613,c1,101
15614,c5,286
15615,c5,35
15616,c1,242
15617,c1,823
15618,c234,224
15619,c234,541
15620,c5,62
15621,c5,107
15622,c1,448
15623,c5,279
15624,c5,136
15625,c5,266
15626,c1,29
15627,c1,305
15628,c1,9
15629,c234,1268
15630,c1,909
15631,c234,156
15632,c5,198
15633,c5,267
15634,c234,536
15635,c5,384
15636,c1,16
15637,c1,454
15638,c5,251
15639,c1,406
15640,c5,124
15641,c5,497
15642,c1,920
15643,c5,249
15644,c1,606
15645,c5,250
15646,c5,131
15647,c1,218
15648,c1,556
15649,c1,504
15650,c1,459
15651,c1,438
15652,c5,553
15653,c1,41
15654,c234,31
15655,c5,125
15656,c234,727
15657,c234,20
15658,c1,41
15659,c1,2744
15660,c1,259
15661,c234,605
15662,c234,344
15663,c234,14
15664,c1,159
15665,c5,19
15666,c1,10
15667,c234,108
15668,c5,523
15669,c1,131
15670,c1,179
15671,c1,260
15672,c5,293
15673,c1,850
15674,c234,344
15675,c1,555
15676,c1,488
15677,c5,247
15678,c1,469
15679,c234,1740
15680,c1,1418
15681,c1,130
15682,c1,374
15683,c1,99
15684,c5,581
15685,c5,38
15686,c234,1422
15687,c234,569
15688,c1,473
15689,c1,359
15690,c1,792
15691,c5,450
15692,c1,234
15693,c5,73
15694,c1,479
15695,c234,179
15696,c5,249
15697,c5,51
15698,c1,79
15699,c234,85
15700,c234,378
15701,c5,263
15702,c5,75
15703,c234,220
15704,c234,472
15705,c5,145
15706,c1,1201
15707,c234,319
15708,c5,65
15709,c234,153
15710,c5,805
15711,c1,52
15712,c5,731
15713,c5,529
15714,c5,2860
15715,c234,496
15716,c5,267
15717,c5,55
15718,c1,636
15719,c234,764
15720,c5,523
15721,c5,77
15722,c5,255
15723,c5,633
15724,c1,199
15725,c5,253
15726,c234,114
15727,c234,144
15728,c5,308
15729,c234,61
15730,c5,82
15731,c1,174
15732,c5,164
15733,c5,364
15734,c234,381
15735,c1,619
15736,c234,567
15737,c1,774
15738,c5,115
15739,c1,358
15740,c1,55
15741,c5,1029
15742,c1,247
15743,c5,154
15744,c1,415
15745,c5,391
15746,c1,73
15747,c1,899
15748,c1,870
15749,c5,453
15750,c5,114
15751,c5,500
15752,c1,1619
15753,c234,116
15754,c234,134
15755,c234,167
15756,c5,243
15757,c234,142
15758,c5,68
15759,c234,510
15760,c1,273
15761,c5,110
15762,c5,141
15763,c5,642
15764,c5,75
15765,c5,70
15766,c1,306
15767,c234,125
15768,c1,2530
15769,c234,951
15770,c234,2580
15771,c1,601
15772,c5,651
15773,c5,729
15774,c1,746
15775,c234,167
15776,c234,859
15777,c5,480
15778,c1,54
15779,c234,210
15780,c234,177
15781,c1,1151
15782,c1,492
15783,c234,100
15784,c5,902
15785,c1,332
15786,c1,236
15787,c234,258
15788,c5,204
15789,c234,544
15790,c1,65
15791,c1,550
15792,c234,69
15793,c234,246
15794,c5,399
15795,c5,177
15796,c234,391
15797,c234,346
15798,c5,132
15799,c234,82
15800,c5,407
15801,c1,26
15802,c1,401
15803,c5,27
15804,c5,470
15805,c5,114
15806,c1,428
15807,c5,38
15808,c5,428
15809,c5,109
15810,c1,87
15811,c1,510
15812,c5,340
15813,c1,683
15814,c5,141
15815,c1,532
15816,c234,247
15817,c1,1142
15818,c5,45
15819,c1,132
15820,c234,1211
15821,c1,86
15822,c5,460
15823,c234,178
15824,c1,85
15825,c5,123
15826,c234,41
15827,c5,39
15828,c5,272
15829,c234,338
15830,c234,178
15831,c5,330
15832,c5,135
15833,c234,1215
15834,c234,96
15835,c5,1173
15836,c234,236
15837,c234,152
15838,c5,438
15839,c5,233
15840,c234,356
15841,c1,75
15842,c5,124
15843,c234,221
15844,c234,55
15845,c1,41
15846,c5,210
15847,c1,604
15848,c5,830
15849,c5,285
15850,c1,88
15851,c1,353
15852,c1,96
15853,c5,316
15854,c1,1160
15855,c1,90
15856,c234,261
15857,c1,97
15858,c5,42
15859,c234,467
15860,c5,62
15861,c5,873
15862,c1,429
15863,c1,20
15864,c234,795
15865,c1,92
15866,c234,639
15867,c5,210
15868,c234,627
15869,c234,263
15870,c1,376
15871,c1,89
15872,c5,10
15873,c234,1412
15874,c1,296
15875,c234,145
15876,c234,538
15877,c1,182
15878,c234,150
15879,c234,451
15880,c234,188
15881,c5,335
15882,c234,1111
15883,c234,1283
15884,c5,1068
15885,c1,173
15886,c234,261
15887,c234,543
15888,c1,1306
15889,c5,200
15890,c5,809
15891,c5,587
15892,c1,599
15893,c1,143
15894,c5,236
15895,c234,179
15896,c1,373
15897,c5,196
15898,c5,60
15899,c1,1407
15900,c234,675
15901,c234,200
15902,c234,43
15903,c1,44
15904,c234,480
15905,c234,426
15906,c5,1890
15907,c5,689
15908,c234,1653
15909,c234,148
15910,c5,674
15911,c1,380
15912,c234,175
15913,c234,759
15914,c234,116
15915,c1,80
15916,c5,131
15917,c5,99
15918,c234,40
15919,c234,430
15920,c234,463
15921,c234,249
15922,c1,62
15923,c1,195
15924,c5,103
15925,c5,328
15926,c234,1435
15927,c5,914
15928,c5,37
15929,c1,18
15930,c5,391
15931,c5,65
15932,c234,143
15933,c1,501
15934,c234,463
15935,c1,99
15936,c1,225
15937,c234,175
15938,c234,88
15939,c1,557
15940,c234,355
15941,c1,245
15942,c5,378
15943,c234,273
15944,c234,635
15945,c1,288
15946,c234,175
15947,c234,317
15948,c5,160
15949,c234,351
15950,c5,174
15951,c5,139
15952,c234,147
15953,c234,399
15954,c234,192
15955,c1,397
15956,c234,1227
15957,c234,1323
15958,c5,107
15959,c234,470
15960,c234,895
15961,c5,182
15962,c234,105
15963,c1,171
15964,c5,917
15965,c5,363
15966,c5,149
15967,c1,829
15968,c234,303
15969,c1,410
15970,c5,836
15971,c5,171
15972,c1,316
15973,c1,328
15974,c234,276
15975,c5,31
15976,c5,242
15977,c1,99
15978,c234,309
15979,c234,663
15980,c1,132
15981,c1,264
15982,c234,139
15983,c5,18
15984,c1,242
15985,c1,75
15986,c234,400
15987,c5,143
15988,c1,43
15989,c234,259
15990,c234,489
15991,c234,123
15992,c5,144
15993,c5,50
15994,c1,259
15995,c1,108
15996,c5,106
15997,c234,443
15998,c234,298
15999,c5,876
16000,c1,219
16001,c1,18
16002,c5,1103
16003,c234,975
16004,c5,151
16005,c1,669
16006,c234,316
16007,c5,160
16008,c234,491
16009,c1,132
16010,c5,595
16011,c1,528
16012,c1,374
16013,c234,849
16014,c5,117
16015,c234,142
16016,c1,109
16017,c1,109
16018,c1,905
16019,c234,592
16020,c234,1403
16021,c1,377
16022,c1,510
16023,c5,295
16024,c1,804
16025,c234,1268
16026,c234,325
16027,c234,53
16028,c234,494
16029,c5,118
16030,c5,387
16031,c5,1311
16032,c5,219
16033,c5,416
16034,c1,514
16035,c1,114
16036,c5,249
16037,c5,101
16038,c5,193
16039,c5,298
16040,c1,136
16041,c1,56
16042,c1,277
16043,c234,346
16044,c5,150
16045,c234,1400
16046,c5,162
16047,c1,309
16048,c234,785
16049,c1,353
16050,c234,763
16051,c5,394
16052,c234,42
16053,c234,155
16054,c234,134
16055,c234,446
16056,c234,162
16057,c5,152
16058,c5,43
16059,c5,222
16060,c5,58
16061,c234,479
16062,c5,54
16063,c234,77
16064,c234,633
16065,c1,624
16066,c1,175
16067,c1,654
16068,c5,301
16069,c1,428
16070,c5,226
16071,c5,461
16072,c5,8
16073,c234,105
16074,c234,61
16075,c1,132
16076,c1,72
16077,c234,464
16078,c234,1294
16079,c5,410
16080,c1,738
16081,c5,342
16082,c234,415
16083,c1,1700
16084,c1,80
16085,c1,437
16086,c1,308
16087,c234,440
16088,c1,294
16089,c1,564
16090,c234,132
16091,c234,325
16092,c5,11
16093,c1,312
16094,c1,79
16095,c234,151
16096,c234,583
16097,c5,60
16098,c234,355
16099,c5,295
16100,c5,373
16101,c5,523
16102,c1,193
16103,c1,445
16104,c1,311
16105,c5,963
16106,c1,412
16107,c234,416
16108,c1,118
16109,c5,334
16110,c234,689
16111,c234,103
16112,c234,187
16113,c5,106
16114,c5,65
16115,c5,248
16116,c1,168
16117,c234,428
16118,c1,1012
16119,c5,164
16120,c1,990
16121,c5,24
16122,c234,644
16123,c234,447
16124,c1,437
16125,c1,502
16126,c5,1115
16127,c1,100
16128,c234,804
16129,c5,796
16130,c234,621
16131,c5,356
16132,c5,197
16133,c234,1069
16134,c1,852
16135,c1,46
16136,c5,64
16137,c1,154
16138,c234,34
16139,c5,82
16140,c234,256
16141,c1,499
16142,c234,424
16143,c5,141
16144,c234,1734
16145,c5,195
16146,c5,91
16147,c234,1377
16148,c5,211
16149,c5,1397
16150,c234,112
16151,c234,163
16152,c1,480
16153,c234,197
16154,c1,205
16155,c234,247
16156,c5,144
16157,c234,77
16158,c5,568
16159,c5,415
16160,c234,460
16161,c5,158
16162,c234,283
16163,c234,58
16164,c5,181
16165,c234,454
16166,c234,31
16167,c1,570
16168,c5,733
16169,c5,152
16170,c234,38
16171,c234,958
16172,c5,118
16173,c1,29
16174,c5,27
16175,c1,584
16176,c234,383
16177,c1,317
16178,c234,360
16179,c1,370
16180,c5,57
16181,c5,327
16182,c234,300
16183,c234,150
16184,c5,55
16185,c234,470
16186,c5,532
16187,c5,10
16188,c234,643
16189,c1,1715
16190,c5,98
16191,c1,20
16192,c1,608
16193,c5,416
16194,c234,221
16195,c1,61
16196,c234,245
16197,c5,362
16198,c1,133
16199,c1,447
16200,c5,527
16201,c234,512
16202,c1,873
16203,c234,400
16204,c5,96
16205,c1,130
16206,c1,479
16207,c1,9
16208,c5,242
16209,c234,407
16210,c5,171
16211,c5,643
16212,c234,252
16213,c5,70
16214,c234,415
16215,c1,217
16216,c1,98
16217,c5,141
16218,c234,1658
16219,c1,395
16220,c234,290
16221,c5,16
16222,c5,1032
16223,c234,173
16224,c234,60
16225,c1,368
16226,c1,375
16227,c234,99
16228,c5,80
16229,c234,145
16230,c1,513
16231,c1,488
16232,c5,550
16233,c5,64
16234,c234,170
16235,c5,221
16236,c5,230
16237,c5,821
16238,c1,74
16239,c234,231
16240,c1,16
16241,c1,432
16242,c234,862
16243,c234,389
16244,c1,692
16245,c5,894
16246,c234,78
16247,c234,270
16248,c5,332
16249,c1,931
16250,c234,227
16251,c234,474
16252,c5,300
16253,c234,470
16254,c1,176
16255,c5,961
16256,c234,93
16257,c234,739
16258,c1,785
16259,c234,656
16260,c234,694
16261,c234,352
16262,c234,724
16263,c5,130
16264,c5,401
16265,c1,1338
16266,c234,379
16267,c1,1390
16268,c1,132
16269,c234,358
16270,c234,299
16271,c5,1307
16272,c1,158
16273,c234,410
16274,c5,35
16275,c234,40
16276,c1,429
16277,c1,1059
16278,c5,1231
16279,c234,731
16280,c1,121
16281,c1,127
16282,c234,506
16283,c5,188
16284,c5,704
16285,c5,36
16286,c5,215
16287,c1,274
16288,c1,920
16289,c234,82
16290,c234,494
16291,c1,366
16292,c5,257
16293,c5,747
16294,c5,654
16295,c1,647
16296,c5,133
16297,c1,314
16298,c234,268
16299,c1,670
16300,c1,144
16301,c1,142
16302,c234,393
16303,c234,2628
16304,c234,717
16305,c234,429
16306,c5,252
16307,c234,281
16308,c5,181
16309,c234,439
16310,c5,436
16311,c5,177
16312,c1,566
16313,c1,130
16314,c1,59
16315,c1,168
16316,c234,409
16317,c5,91
16318,c5,752
16319,c1,336
16320,c234,141
16321,c5,72
16322,c234,45
16323,c5,620
16324,c234,177
16325,c234,598
16326,c234,427
16327,c5,107
16328,c234,792
16329,c234,746
16330,c5,45
16331,c5,764
16332,c1,245
16333,c234,115
16334,c234,1171
16335,c1,305
16336,c1,367
16337,c5,343
16338,c1,1102
16339,c234,410
16340,c234,259
16341,c1,526
16342,c5,234
16343,c234,385
16344,c234,261
16345,c5,127
16346,c234,180
16347,c1,229
16348,c1,603
16349,c234,301
16350,c1,481
16351,c234,477
16352,c5,622
16353,c1,138
16354,c234,1015
16355,c234,62
16356,c234,60
16357,c1,119
16358,c5,53
16359,c1,549
16360,c234,622
16361,c1,339
16362,c1,693
16363,c1,301
16364,c234,2091
16365,c234,824
16366,c234,699
16367,c1,143
16368,c5,1233
16369,c5,79
16370,c234,188
16371,c234,670
16372,c1,663
16373,c234,234
16374,c1,44
16375,c5,77
16376,c5,211
16377,c5,360
16378,c234,205
16379,c5,78
16380,c234,274
16381,c5,151
16382,c1,392
16383,c234,1267
16384,c5,71
16385,c1,193
16386,c1,776
16387,c234,761
16388,c1,269
16389,c234,743
16390,c1,321
16391,c5,249
16392,c234,650
16393,c234,463
16394,c1,843
16395,c5,432
16396,c5,271
16397,c234,454
16398,c5,683
16399,c5,191
16400,c234,237
16401,c5,188
16402,c234,442
16403,c5,210
16404,c5,155
16405,c234,246
16406,c5,44
16407,c5,254
16408,c1,1228
16409,c5,422
16410,c234,895
16411,c234,484
16412,c5,150
16413,c234,890
16414,c234,364
16415,c5,80
16416,c5,445
16417,c234,97
16418,c5,213
16419,c1,1272
16420,c1,180
16421,c1,31
16422,c5,1179
16423,c5,570
16424,c5,236
16425,c5,58
16426,c234,60
16427,c234,674
16428,c234,157
16429,c234,1030
16430,c234,1007
16431,c234,166
16432,c1,369
16433,c234,221
16434,c5,700
16435,c234,93
16436,c5,1092
16437,c1,187
16438,c234,477
16439,c234,474
16440,c1,505
16441,c1,579
16442,c5,65
16443,c234,286
16444,c234,190
16445,c5,1531
16446,c5,360
16447,c234,77
16448,c1,403
16449,c234,235
16450,c1,732
16451,c1,583
16452,c234,417
16453,c1,217
16454,c5,315
16455,c234,829
16456,c234,220
16457,c234,225
16458,c5,45
16459,c5,10
16460,c1,111
16461,c5,58
16462,c234,909
16463,c5,316
16464,c1,218
16465,c5,238
16466,c5,357
16467,c234,270
16468,c234,332
16469,c1,410
16470,c1,173
16471,c5,91
16472,c1,812
16473,c234,863
16474,c1,143
16475,c234,878
16476,c1,381
16477,c234,699
16478,c1,439
16479,c1,1015
16480,c5,637
16481,c5,81
16482,c5,375
16483,c1,622
16484,c1,110
16485,c5,290
16486,c5,213
16487,c5,272
16488,c1,127
16489,c234,530
16490,c234,448
16491,c1,444
16492,c234,272
16493,c234,98
16494,c1,87
16495,c234,445
16496,c5,960
16497,c1,498
16498,c1,594
16499,c5,88
16500,c5,257
16501,c5,329
16502,c234,141
16503,c234,188
16504,c1,1041
16505,c1,315
16506,c234,188
16507,c234,328
16508,c5,724
16509,c234,105
16510,c234,291
16511,c1,242
16512,c5,339
16513,c1,68
16514,c5,26
16515,c1,2181
16516,c1,143
16517,c234,302
16518,c234,793
16519,c5,511
16520,c234,2900
16521,c5,227
16522,c5,439
16523,c1,323
16524,c234,355
16525,c1,348
16526,c234,473
16527,c234,64
16528,c1,1395
16529,c1,172
16530,c1,9
16531,c1,144
16532,c234,125
16533,c234,282
16534,c1,879
16535,c1,178
16536,c234,1574
16537,c1,478
16538,c1,186
16539,c234,134
16540,c234,868
16541,c1,158
16542,c234,670
16543,c1,182
16544,c234,112
16545,c1,609
16546,c5,31
16547,c1,414
16548,c234,272
16549,c5,144
16550,c5,228
16551,c234,888
16552,c1,335
16553,c5,6
16554,c1,415
16555,c1,125
16556,c234,477
16557,c1,2245
16558,c1,661
16559,c1,267
16560,c5,177
16561,c234,258
16562,c1,287
16563,c5,377
16564,c1,162
16565,c1,914
16566,c234,415
16567,c234,100
16568,c1,153
16569,c5,106
16570,c1,205
16571,c234,400
16572,c234,230
16573,c1,1303
16574,c5,365
16575,c1,870
16576,c5,59
16577,c5,736
16578,c234,58
16579,c1,642
16580,c234,64
16581,c5,126
16582,c1,560
16583,c1,307
16584,c234,715
16585,c234,704
16586,c5,143
16587,c234,622
16588,c234,209
16589,c5,222
16590,c234,612
16591,c234,472
16592,c5,54
16593,c5,604
16594,c234,622
16595,c1,200
16596,c5,323
16597,c234,739
16598,c234,547
16599,c234,554
16600,c234,225
16601,c5,132
16602,c1,84
16603,c234,322
16604,c5,45
16605,c1,116
16606,c5,59
16607,c1,763
16608,c1,135
16609,c5,146
16610,c5,1707
16611,c5,833
16612,c1,186
16613,c5,380
16614,c5,863
16615,c5,210
16616,c5,500
16617,c234,93
16618,c234,562
16619,c1,829
16620,c234,1150
16621,c234,60
16622,c1,10
16623,c234,338
16624,c234,529
16625,c1,206
16626,c1,360
16627,c1,258
16628,c1,1117
16629,c5,1664
16630,c234,84
16631,c234,116
16632,c234,272
16633,c5,380
16634,c234,1501
16635,c1,75
16636,c234,712
16637,c234,553
16638,c234,94
16639,c5,83
16640,c234,51
16641,c1,130
16642,c1,146
16643,c5,258
16644,c1,256
16645,c1,622
16646,c5,725
16647,c234,211
16648,c234,643
16649,c234,599
16650,c234,72
16651,c234,1686
16652,c234,281
16653,c5,1145
16654,c5,429
16655,c234,21
16656,c1,306
16657,c5,88
16658,c1,132
16659,c5,103
16660,c5,45
16661,c1,430
16662,c234,229
16663,c5,324
16664,c234,329
16665,c5,755
16666,c5,208
16667,c234,350
16668,c1,1121
16669,c5,393
16670,c5,16
16671,c1,214
16672,c1,622
16673,c234,267
16674,c1,170
16675,c5,199
16676,c234,356
16677,c1,243
16678,c1,287
16679,c1,698
16680,c5,545
16681,c1,549
16682,c5,32
16683,c1,406
16684,c234,88
16685,c234,269
16686,c234,258
16687,c1,58
16688,c5,640
16689,c5,1773
16690,c1,94
16691,c1,909
16692,c5,614
16693,c1,112
16694,c234,191
16695,c234,707
16696,c234,456
16697,c5,296
16698,c5,144
16699,c234,618
16700,c5,597
16701,c1,358
16702,c234,202
16703,c5,132
16704,c5,159
16705,c234,1217
16706,c5,141
16707,c5,358
16708,c234,620
16709,c5,218
16710,c234,226
16711,c1,415
16712,c5,11
16713,c5,32
16714,c1,428
16715,c234,127
16716,c234,276
16717,c234,344
16718,c234,304
16719,c1,1044
16720,c234,40
16721,c1,456
16722,c234,37
16723,c234,123
16724,c234,188
16725,c234,140
16726,c5,716
16727,c1,262
16728,c5,593
16729,c234,110
16730,c5,201
16731,c5,288
16732,c234,220
16733,c1,242
16734,c1,73
16735,c5,15
16736,c234,90
16737,c1,103
16738,c5,508
16739,c5,520
16740,c1,181
16741,c234,361
16742,c5,121
16743,c5,570
16744,c1,566
16745,c234,37
16746,c1,92
16747,c5,138
16748,c234,458
16749,c5,381
16750,c1,211
16751,c234,101
16752,c5,98
16753,c5,1003
16754,c234,85
16755,c1,54
16756,c234,61
16757,c1,413
16758,c5,244
16759,c234,1799
16760,c234,495
16761,c1,1445
16762,c1,60
16763,c1,497
16764,c1,499
16765,c5,180
16766,c234,227
16767,c5,124
16768,c1,617
16769,c234,276
16770,c234,349
16771,c5,123
16772,c1,498
16773,c1,38
16774,c234,253
16775,c5,378
16776,c234,299
16777,c5,306
16778,c1,1024
16779,c234,611
16780,c234,99
16781,c5,84
16782,c1,204
16783,c234,106
16784,c234,475
16785,c5,50
16786,c5,238
16787,c234,161
16788,c234,213
16789,c5,44
16790,c234,74
16791,c1,241
16792,c1,207
16793,c5,558
16794,c234,1112
16795,c1,1238
16796,c5,268
16797,c234,1651
16798,c5,234
16799,c234,261
16800,c5,1292
16801,c1,142
16802,c5,90
16803,c5,281
16804,c5,606
16805,c234,1241
16806,c5,149
16807,c5,53
16808,c1,428
16809,c234,365
16810,c5,263
16811,c1,599
16812,c1,897
16813,c1,395
16814,c234,51
16815,c234,853
16816,c5,262
16817,c5,733
16818,c5,73
16819,c234,279
16820,c234,171
16821,c1,28
16822,c5,284
16823,c5,151
16824,c1,136
16825,c5,156
16826,c1,318
16827,c5,457
16828,c1,496
16829,c234,259
16830,c5,97
16831,c5,507
16832,c1,334
16833,c1,591
16834,c5,174
16835,c5,60
16836,c1,323
16837,c234,349
16838,c1,515
16839,c234,37
16840,c234,343
16841,c234,85
16842,c1,158
16843,c1,773
16844,c5,108
16845,c5,241
16846,c1,104
16847,c1,543
16848,c234,438
16849,c1,210
16850,c234,719
16851,c1,599
16852,c5,80
16853,c234,136
16854,c1,330
16855,c234,43
16856,c234,28
16857,c234,219
16858,c1,235
16859,c5,511
16860,c234,363
16861,c5,148
16862,c5,14
16863,c234,162
16864,c5,164
16865,c234,847
16866,c1,194
16867,c234,95
16868,c234,54
16869,c1,305
16870,c5,258
16871,c5,107
16872,c234,39
16873,c1,1766
16874,c234,426
16875,c1,135
16876,c5,160
16877,c1,450
16878,c234,263
16879,c5,382
16880,c1,658
16881,c234,184
16882,c5,278
16883,c5,160
16884,c1,606
16885,c234,384
16886,c1,146
16887,c5,604
16888,c5,449
16889,c234,196
16890,c1,130
16891,c1,882
16892,c1,2354
16893,c234,236
16894,c234,339
16895,c234,172
16896,c5,731
16897,c5,182
16898,c5,119
16899,c1,252
16900,c5,615
16901,c1,264
16902,c234,10
16903,c234,427
16904,c234,1044
16905,c234,420
16906,c5,1194
16907,c5,79
16908,c1,152
16909,c5,415
16910,c5,188
16911,c1,419
16912,c234,119
16913,c1,209
16914,c234,783
16915,c234,373
16916,c1,91
16917,c5,229
16918,c234,129
16919,c234,424
16920,c234,101
16921,c5,48
16922,c5,221
16923,c234,249
16924,c5,267
16925,c234,45
16926,c1,68
16927,c234,421
16928,c1,48
16929,c234,273
16930,c234,1494
16931,c5,174
16932,c1,178
16933,c1,455
16934,c1,77
16935,c1,539
16936,c5,41
16937,c234,659
16938,c234,185
16939,c1,1197
16940,c234,1734
16941,c5,416
16942,c1,86
16943,c1,348
16944,c5,568
16945,c234,448
16946,c1,77
16947,c1,30
16948,c1,73
16949,c5,543
16950,c5,175
16951,c234,152
16952,c234,82
16953,c5,109
16954,c5,465
16955,c234,581
16956,c5,445
16957,c5,166
16958,c234,254
16959,c1,430
16960,c234,302
16961,c1,323
16962,c234,136
16963,c1,257
16964,c234,98
16965,c1,36
16966,c5,230
16967,c234,385
16968,c5,53
16969,c5,96
16970,c5,416
16971,c234,1368
16972,c234,250
16973,c5,105
16974,c5,876
16975,c1,198
16976,c5,383
16977,c234,951
16978,c1,134
16979,c5,1445
16980,c5,191
16981,c5,183
16982,c5,31
16983,c5,148
16984,c5,400
16985,c5,128
16986,c1,529
16987,c5,122
16988,c234,197
16989,c234,614
16990,c5,445
16991,c1,222
16992,c234,144
16993,c234,211
16994,c5,40
16995,c5,646
16996,c5,66
16997,c5,458
16998,c234,188
16999,c234,580
17000,c1,501
17001,c1,378
17002,c5,124
17003,c1,1173
17004,c1,408
17005,c5,59
17006,c5,2513
17007,c5,281
17008,c5,438
17009,c234,154
17010,c5,51
17011,c1,343
17012,c5,371
17013,c234,390
17014,c5,229
17015,c5,91
17016,c1,32
17017,c234,131
17018,c1,322
17019,c5,366
17020,c5,169
17021,c5,300
17022,c234,330
17023,c1,102
17024,c234,240
17025,c1,340
17026,c234,360
17027,c1,33
17028,c5,643
17029,c5,45
17030,c1,1116
17031,c1,369
17032,c234,422
17033,c1,227
17034,c234,1386
17035,c234,78
17036,c5,440
17037,c1,2637
17038,c1,302
17039,c234,610
17040,c234,70
17041,c1,95
17042,c1,119
17043,c1,43
17044,c5,46
17045,c1,425
17046,c1,1053
17047,c5,19
17048,c234,405
17049,c5,105
17050,c1,40
17051,c5,930
17052,c1,608
17053,c234,863
17054,c1,82
17055,c1,45
17056,c5,237
17057,c1,223
17058,c5,210
17059,c5,104
17060,c1,359
17061,c234,325
17062,c5,39
17063,c234,501
17064,c1,165
17065,c5,73
17066,c1,1566
17067,c5,195
17068,c1,338
17069,c234,313
17070,c234,262
17071,c5,119
17072,c5,357
17073,c5,197
17074,c1,431
17075,c1,101
17076,c5,166
17077,c234,387
17078,c234,87
17079,c234,14
17080,c5,273
17081,c1,244
17082,c234,260
17083,c234,141
17084,c1,325
17085,c5,69
17086,c234,1053
17087,c5,267
17088,c234,946
17089,c5,14
17090,c234,46
17091,c5,377
17092,c5,75
17093,c5,272
17094,c5,311
17095,c1,43
17096,c5,102
17097,c1,198
17098,c1,1188
17099,c234,456
17100,c5,1203
17101,c1,321
17102,c234,407
17103,c1,142
17104,c234,480
17105,c1,171
17106,c1,145
17107,c5,309
17108,c234,52
17109,c5,123
17110,c234,1149
17111,c1,847
17112,c5,393
17113,c5,49
17114,c234,908
17115,c1,8
17116,c234,440
17117,c1,611
17118,c1,98
17119,c1,829
17120,c234,168
17121,c5,109
17122,c234,85
17123,c234,389
17124,c1,440
17125,c234,277
17126,c1,236
17127,c234,76
17128,c234,617
17129,c1,108
17130,c5,91
17131,c234,203
17132,c234,160
17133,c1,362
17134,c1,543
17135,c1,51
17136,c1,101
17137,c5,479
17138,c5,100
17139,c234,131
17140,c5,92
17141,c234,580
17142,c234,578
17143,c5,192
17144,c234,498
17145,c234,1658
17146,c234,120
17147,c234,206
17148,c5,554
17149,c1,245
17150,c234,204
17151,c1,256
17152,c1,402
17153,c5,514
17154,c5,238
17155,c5,449
17156,c5,1724
17157,c234,290
17158,c234,600
17159,c1,606
17160,c1,492
17161,c1,149
17162,c5,80
17163,c5,126
17164,c234,61
17165,c234,278
17166,c234,279
17167,c234,674
17168,c1,608
17169,c5,456
17170,c234,625
17171,c1,38
17172,c1,123
17173,c1,26
17174,c234,278
17175,c234,228
17176,c5,216
17177,c5,788
17178,c1,1730
17179,c234,710
17180,c1,232
17181,c5,281
17182,c234,248
17183,c234,10
17184,c5,48
17185,c1,126
17186,c5,643
17187,c1,33
17188,c5,308
17189,c5,20
17190,c1,105
17191,c234,1798
17192,c234,76
17193,c5,35
17194,c234,419
17195,c234,718
17196,c234,522
17197,c5,69
17198,c1,376
17199,c234,449
17200,c5,85
17201,c234,714
17202,c234,209
17203,c234,595
17204,c5,60
17205,c1,321
17206,c1,663
17207,c234,77
17208,c234,389
17209,c234,1149
17210,c5,89
17211,c234,674
17212,c5,289
17213,c234,319
17214,c5,446
17215,c5,238
17216,c1,45
17217,c5,1235
17218,c234,415
17219,c5,824
17220,c1,354
17221,c234,158
17222,c5,141
17223,c5,349
17224,c234,42
17225,c234,489
17226,c5,630
17227,c1,99
17228,c234,575
17229,c5,424
17230,c234,180
17231,c234,438
17232,c234,173
17233,c5,123
17234,c5,39
17235,c5,401
17236,c234,31
17237,c5,203
17238,c1,326
17239,c234,641
17240,c5,67
17241,c234,359
17242,c234,361
17243,c1,655
17244,c234,166
17245,c234,265
17246,c5,113
17247,c5,430
17248,c5,88
17249,c5,731
17250,c5,49
17251,c234,131
17252,c5,550
17253,c5,196
17254,c1,144
17255,c5,640
17256,c5,90
17257,c234,460
17258,c5,794
17259,c1,240
17260,c1,155
17261,c5,224
17262,c5,129
17263,c5,441
17264,c5,637
17265,c234,162
17266,c5,230
17267,c1,384
17268,c1,572
17269,c1,820
17270,c5,167
17271,c1,195
17272,c1,174
17273,c1,1208
17274,c234,166
17275,c234,643
17276,c5,161
17277,c5,196
17278,c5,491
17279,c234,753
17280,c1,341
17281,c234,589
17282,c5,264
17283,c1,776
17284,c1,246
17285,c1,193
17286,c1,131
17287,c1,157
17288,c234,551
17289,c1,603
17290,c1,554
17291,c5,1109
17292,c234,868
17293,c5,787
17294,c5,256
17295,c5,382
17296,c234,847
17297,c1,822
17298,c234,628
17299,c1,177
17300,c5,366
17301,c1,154
17302,c234,122
17303,c5,196
17304,c5,133
17305,c5,523
17306,c5,175
17307,c234,100
17308,c1,64
17309,c1,121
17310,c234,859
17311,c1,91
17312,c1,89
17313,c1,390
17314,c1,177
17315,c5,392
17316,c234,728
17317,c5,382
17318,c1,313
17319,c5,276
17320,c5,1278
17321,c234,347
17322,c234,541
17323,c234,529
17324,c5,243
17325,c1,540
17326,c5,79
17327,c234,479
17328,c5,247
17329,c1,353
17330,c234,174
17331,c234,250
17332,c5,309
17333,c5,37
17334,c5,277
17335,c1,1000
17336,c5,149
17337,c1,353
17338,c1,195
17339,c5,459
17340,c5,222
17341,c5,103
17342,c5,205
17343,c5,101
17344,c5,202
17345,c1,364
17346,c5,914
17347,c1,111
17348,c5,204
17349,c234,106
17350,c5,130
17351,c1,219
17352,c1,117
17353,c5,599
17354,c234,263
17355,c5,681
17356,c234,172
17357,c234,476
17358,c1,263
17359,c5,176
17360,c1,213
17361,c5,306
17362,c5,82
17363,c234,211
17364,c1,323
17365,c5,257
17366,c234,75
17367,c234,1612
17368,c1,503
17369,c1,2488
17370,c234,343
17371,c5,761
17372,c234,261
17373,c234,30
17374,c5,56
17375,c5,847
17376,c234,164
17377,c5,109
17378,c234,70
17379,c234,131
17380,c234,634
17381,c234,12
17382,c1,311
17383,c234,1053
17384,c1,827
17385,c5,135
17386,c5,853
17387,c234,13
17388,c234,107
17389,c5,401
17390,c5,177
17391,c234,472
17392,c1,185
17393,c1,210
17394,c5,161
17395,c1,461
17396,c5,872
17397,c5,842
17398,c234,149
17399,c5,319
17400,c5,390
17401,c1,636
17402,c1,546
17403,c1,295
17404,c1,433
17405,c1,120
17406,c234,308
17407,c1,81
17408,c234,308
17409,c234,147
17410,c234,996
17411,c5,373
17412,c234,451
17413,c234,348
17414,c5,519
17415,c234,197
17416,c234,163
17417,c1,46
17418,c234,329
17419,c234,726
17420,c1,74
17421,c234,292
17422,c5,182
17423,c1,78
17424,c234,750
17425,c1,674
17426,c234,1470
17427,c1,264
17428,c5,603
17429,c1,215
17430,c1,177
17431,c234,211
17432,c234,245
17433,c1,558
17434,c1,228
17435,c1,193
17436,c234,415
17437,c234,939
17438,c234,341
17439,c234,410
17440,c234,123
17441,c1,1294
17442,c1,167
17443,c5,217
17444,c234,1170
17445,c1,1003
17446,c234,413
17447,c234,443
17448,c1,136
17449,c5,71
17450,c1,501
17451,c1,175
17452,c234,416
17453,c5,70
17454,c5,325
17455,c234,245
17456,c5,28
17457,c5,251
17458,c5,1284
17459,c234,717
17460,c5,108
17461,c5,112
17462,c234,842
17463,c5,1509
17464,c1,239
17465,c234,632
17466,c234,181
17467,c234,125
17468,c5,374
17469,c1,279
17470,c234,249
17471,c1,223
17472,c1,350
17473,c5,74
17474,c1,419
17475,c1,496
17476,c234,457
17477,c234,309
17478,c5,217
17479,c1,31
17480,c1,374
17481,c1,134
17482,c5,1057
17483,c5,78
17484,c234,661
17485,c1,614
17486,c5,113
17487,c1,69
17488,c234,693
17489,c1,80
17490,c5,354
17491,c234,110
17492,c1,1238
17493,c5,187
17494,c1,644
17495,c1,283
17496,c234,329
17497,c234,281
17498,c1,270
17499,c1,92
17500,c5,131
17501,c234,426
17502,c1,132
17503,c5,185
17504,c1,144
17505,c5,1540
17506,c5,112
17507,c234,165
17508,c234,131
17509,c234,1507
17510,c234,63
17511,c1,803
17512,c234,134
17513,c5,651
17514,c234,732
17515,c5,329
17516,c5,179
17517,c1,595
17518,c234,538
17519,c234,219
17520,c5,29
17521,c5,619
17522,c234,748
17523,c1,40
17524,c5,483
17525,c1,534
17526,c5,60
17527,c1,96
17528,c5,67
17529,c5,407
17530,c234,478
17531,c1,138
17532,c234,131
17533,c1,1077
17534,c1,430
17535,c1,348
17536,c5,137
17537,c5,155
17538,c234,311
17539,c5,212
17540,c234,1602
17541,c234,627
17542,c5,313
17543,c234,676
17544,c1,507
17545,c234,337
17546,c5,241
17547,c5,37
17548,c5,173
17549,c234,336
17550,c234,236
17551,c5,357
17552,c5,355
17553,c234,749
17554,c1,686
17555,c1,62
17556,c234,418
17557,c5,675
17558,c1,78
17559,c234,172
17560,c5,338
17561,c5,143
17562,c1,496
17563,c5,385
17564,c5,233
17565,c1,275
17566,c1,457
17567,c1,35
17568,c234,281
17569,c234,335
17570,c5,106
17571,c5,152
17572,c1,78
17573,c5,609
17574,c5,279
17575,c5,570
17576,c1,35
17577,c5,272
17578,c1,55
17579,c5,701
17580,c234,304
17581,c1,910
17582,c234,862
17583,c234,94
17584,c234,533
17585,c1,338
17586,c234,720
17587,c1,415
17588,c5,171
17589,c1,657
17590,c234,480
17591,c1,315
17592,c5,2211
17593,c5,48
17594,c1,377
17595,c5,74
17596,c234,1066
17597,c1,116
17598,c1,259
17599,c5,409
17600,c5,60
17601,c1,416
17602,c234,458
17603,c234,186
17604,c234,433
17605,c234,170
17606,c234,558
17607,c234,2050
17608,c1,82
17609,c234,73
17610,c1,60
17611,c5,39
17612,c1,691
17613,c234,128
17614,c5,69
17615,c234,1259
17616,c234,252
17617,c1,155
17618,c234,113
17619,c234,463
17620,c5,224
17621,c234,205
17622,c1,909
17623,c1,983
17624,c5,225
17625,c5,34
17626,c234,57
17627,c5,11
17628,c5,570
17629,c234,392
17630,c234,566
17631,c5,60
17632,c1,439
17633,c5,358
17634,c5,38
17635,c1,508
17636,c1,55
17637,c5,67
17638,c1,66
17639,c1,176
17640,c234,614
17641,c5,724
17642,c1,176
17643,c1,141
17644,c1,688
17645,c1,226
17646,c5,323
17647,c234,126
17648,c1,647
17649,c5,152
17650,c1,412
17651,c5,162
17652,c1,564
17653,c1,596
17654,c1,399
17655,c234,1029
17656,c234,542
17657,c1,608
17658,c1,446
17659,c5,171
17660,c5,902
17661,c1,150
17662,c5,162
17663,c1,138
17664,c1,259
17665,c234,79
17666,c5,648
17667,c5,410
17668,c5,217
17669,c234,337
17670,c234,542
17671,c234,489
17672,c1,175
17673,c1,821
17674,c234,234
17675,c1,315
17676,c234,290
17677,c1,182
17678,c5,192
17679,c234,257
17680,c1,181
17681,c5,450
17682,c234,2761
17683,c1,667
17684,c234,77
17685,c234,699
17686,c5,117
17687,c5,130
17688,c5,360
17689,c5,553
17690,c234,630
17691,c1,107
17692,c234,57
17693,c1,166
17694,c234,1038
17695,c234,244
17696,c1,302
17697,c234,112
17698,c1,701
17699,c5,1516
17700,c5,45
17701,c234,344
17702,c234,2206
17703,c5,947
17704,c1,401
17705,c1,1209
17706,c234,571
17707,c234,132
17708,c234,153
17709,c5,344
17710,c1,162
17711,c1,243
17712,c234,121
17713,c1,492
17714,c234,508
17715,c1,45
17716,c5,311
17717,c234,212
17718,c1,306
17719,c1,231
17720,c5,389
17721,c234,496
17722,c234,55
17723,c234,291
17724,c5,120
17725,c5,15
17726,c234,164
17727,c5,306
17728,c234,665
17729,c1,913
17730,c5,679
17731,c234,393
17732,c234,1674
17733,c1,332
17734,c1,395
17735,c234,117
17736,c1,822
17737,c5,133
17738,c5,432
17739,c1,458
17740,c234,588
17741,c1,452
17742,c5,879
17743,c1,248
17744,c5,872
17745,c5,430
17746,c5,1776
17747,c234,340
17748,c1,717
17749,c234,430
17750,c1,809
17751,c5,199
17752,c5,22
17753,c1,200
17754,c234,184
17755,c5,340
17756,c5,44
17757,c234,10
17758,c1,539
17759,c234,56
17760,c5,132
17761,c234,481
17762,c1,736
17763,c1,12
17764,c5,894
17765,c234,233
17766,c1,216
17767,c5,261
17768,c234,203
17769,c234,422
17770,c234,1255
17771,c234,1071
17772,c5,196
17773,c5,335
17774,c5,113
17775,c5,421
17776,c234,1455
17777,c234,221
17778,c234,343
17779,c234,389
17780,c5,300
17781,c234,113
17782,c1,496
17783,c1,33
17784,c234,251
17785,c1,266
17786,c5,85
17787,c1,219
17788,c234,288
17789,c234,121
17790,c1,215
17791,c234,229
17792,c5,253
17793,c234,222
17794,c1,443
17795,c234,1423
17796,c5,252
17797,c5,323
17798,c1,140
17799,c5,188
17800,c234,59
17801,c5,43
17802,c5,326
17803,c1,605
17804,c1,341
17805,c5,143
17806,c5,503
17807,c234,625
17808,c234,207
17809,c5,439
17810,c5,46
17811,c5,125
17812,c5,349
17813,c234,689
17814,c5,1081
17815,c1,91
17816,c5,72
17817,c234,534
17818,c234,600
17819,c234,264
17820,c5,433
17821,c1,363
17822,c234,776
17823,c5,838
17824,c5,112
17825,c234,745
17826,c5,447
17827,c1,98
17828,c1,777
17829,c1,290
17830,c234,584
17831,c5,540
17832,c1,335
17833,c5,88
17834,c1,59
17835,c1,26
17836,c1,217
17837,c1,93
17838,c5,129
17839,c234,424
17840,c234,375
17841,c5,266
17842,c234,131
17843,c1,77
17844,c234,213
17845,c234,337
17846,c1,816
17847,c1,352
17848,c5,317
17849,c5,296
17850,c1,198
17851,c5,38
17852,c234,1114
17853,c1,399
17854,c1,122
17855,c234,671
17856,c1,158
17857,c5,410
17858,c1,672
17859,c1,455
17860,c5,149
17861,c5,115
17862,c1,425
17863,c234,502
17864,c234,309
17865,c5,599
17866,c234,228
17867,c234,527
17868,c5,151
17869,c234,47
17870,c5,175
17871,c1,589
17872,c234,180
17873,c5,633
17874,c5,335
17875,c1,123
17876,c5,80
17877,c1,788
17878,c5,343
17879,c5,428
17880,c5,230
17881,c234,242
17882,c1,242
17883,c5,79
17884,c234,568
17885,c234,61
17886,c5,148
17887,c5,931
17888,c234,409
17889,c5,489
17890,c5,63
17891,c5,397
17892,c5,137
17893,c1,653
17894,c234,656
17895,c234,210
17896,c1,622
17897,c234,37
17898,c1,257
17899,c5,516
17900,c5,668
17901,c5,73
17902,c234,76
17903,c5,564
17904,c234,622
17905,c234,219
17906,c1,130
17907,c1,414
17908,c5,1372
17909,c234,429
17910,c234,149
17911,c1,590
17912,c1,30
17913,c5,1257
17914,c234,1061
17915,c5,436
17916,c234,87
17917,c1,144
17918,c5,572
17919,c5,129
17920,c5,67
17921,c1,327
17922,c234,52
17923,c5,70
17924,c234,892
17925,c1,528
17926,c5,110
17927,c234,268
17928,c234,406
17929,c5,175
17930,c5,961
17931,c5,203
17932,c5,145
17933,c234,729
17934,c234,658
17935,c1,232
17936,c234,205
17937,c234,578
17938,c5,408
17939,c1,158
17940,c234,451
17941,c5,286
17942,c1,63
17943,c234,555
17944,c5,101
17945,c5,76
17946,c234,101
17947,c1,73
17948,c5,141
17949,c1,153
17950,c1,245
17951,c1,52
17952,c234,474
17953,c1,858
17954,c1,55
17955,c1,376
17956,c5,283
17957,c234,241
17958,c5,145
17959,c1,428
17960,c234,299
17961,c1,72
17962,c1,193
17963,c234,679
17964,c234,643
17965,c234,217
17966,c234,238
17967,c1,81
17968,c1,225
17969,c5,142
17970,c234,1013
17971,c5,47
17972,c234,659
17973,c234,238
17974,c234,203
17975,c1,574
17976,c234,177
17977,c234,255
17978,c234,586
17979,c1,197
17980,c5,219
17981,c234,568
17982,c1,78
17983,c1,608
17984,c234,688
17985,c1,269
17986,c5,283
17987,c5,510
17988,c1,829
17989,c5,334
17990,c1,210
17991,c234,131
17992,c234,415
17993,c5,1307
17994,c1,1294
17995,c234,473
17996,c1,70
17997,c234,260
17998,c1,325
17999,c1,470
18000,c234,40
18001,c5,299
18002,c5,46
18003,c1,282
18004,c1,581
18005,c5,323
18006,c1,518
18007,c234,193
18008,c234,414
18009,c5,504
18010,c234,491
18011,c1,302
18012,c1,84
18013,c1,35
18014,c5,803
18015,c234,869
18016,c1,875
18017,c5,339
18018,c1,65
18019,c1,164
18020,c1,431
18021,c234,93
18022,c1,637
18023,c5,305
18024,c5,306
18025,c234,79
18026,c234,14
18027,c1,26
18028,c5,36
18029,c5,55
18030,c5,500
18031,c1,446
18032,c1,67
18033,c5,404
18034,c1,354
18035,c1,620
18036,c5,494
18037,c5,265
18038,c1,1315
18039,c1,182
18040,c5,161
18041,c234,1042
18042,c1,46
18043,c234,682
18044,c5,764
18045,c1,54
18046,c234,63
18047,c234,549
18048,c234,45
18049,c1,91
18050,c5,312
18051,c5,64
18052,c5,352
18053,c5,78
18054,c234,128
18055,c1,1618
18056,c1,430
18057,c5,339
18058,c1,541
18059,c234,124
18060,c5,239
18061,c1,72
18062,c1,147
18063,c5,302
18064,c234,587
18065,c5,686
18066,c1,13
18067,c5,211
18068,c234,878
18069,c1,388
18070,c234,310
18071,c234,307
18072,c1,165
18073,c5,871
18074,c234,349
18075,c5,99
18076,c1,1326
18077,c234,90
18078,c5,720
18079,c1,70
18080,c5,708
18081,c5,126
18082,c1,204
18083,c5,49
18084,c234,331
18085,c234,75
18086,c234,97
18087,c5,91
18088,c5,470
18089,c234,109
18090,c234,1100
18091,c234,331
18092,c5,776
18093,c1,84
18094,c234,91
18095,c234,580
18096,c1,507
18097,c1,248
18098,c1,332
18099,c234,211
18100,c5,277
18101,c234,189
18102,c1,851
18103,c1,89
18104,c5,39
18105,c234,431
18106,c234,434
18107,c1,952
18108,c1,345
18109,c1,719
18110,c1,663
18111,c234,32
18112,c1,298
18113,c1,1028
18114,c5,485
18115,c5,43
18116,c1,345
18117,c1,130
18118,c234,277
18119,c1,177
18120,c234,72
18121,c5,278
18122,c1,190
18123,c5,192
18124,c5,182
18125,c1,686
18126,c234,116
18127,c5,173
18128,c1,107
18129,c5,340
18130,c234,611
18131,c5,323
18132,c5,335
18133,c1,419
18134,c234,14
18135,c1,121
18136,c1,94
18137,c1,574
18138,c1,43
18139,c5,460
18140,c5,480
18141,c5,61
18142,c5,422
18143,c234,433
18144,c5,270
18145,c5,377
18146,c234,1130
18147,c5,61
18148,c1,18
18149,c5,116
18150,c5,416
18151,c234,118
18152,c5,179
18153,c234,673
18154,c234,21
18155,c1,144
18156,c1,571
18157,c234,143
18158,c5,1158
18159,c234,599
18160,c5,272
18161,c234,690
18162,c5,143
18163,c234,612
18164,c234,308
18165,c1,359
18166,c1,26
18167,c234,184
18168,c1,75
18169,c234,153
18170,c234,218
18171,c1,163
18172,c234,725
18173,c1,790
18174,c1,794
18175,c234,265
18176,c5,1182
18177,c1,608
18178,c5,63
18179,c234,165
18180,c1,278
18181,c234,443
18182,c1,904
18183,c5,387
18184,c1,2480
18185,c5,27
18186,c234,625
18187,c1,54
18188,c5,49
18189,c234,156
18190,c234,296
18191,c234,16
18192,c5,63
18193,c1,1112
18194,c5,2035
18195,c234,174
18196,c234,381
18197,c5,182
18198,c1,63
18199,c234,234
18200,c234,129
18201,c5,206
18202,c5,1561
18203,c5,274
18204,c234,132
18205,c5,312
18206,c5,967
18207,c1,403
18208,c234,1580
18209,c1,562
18210,c1,439
18211,c5,88
18212,c5,19
18213,c234,175
18214,c1,608
18215,c1,532
18216,c234,107
18217,c234,428
18218,c5,374
18219,c234,394
18220,c1,81
18221,c1,85
18222,c1,35
18223,c234,214
18224,c234,586
18225,c5,89
18226,c1,93
18227,c5,66
18228,c1,271
18229,c234,489
18230,c1,91
18231,c5,143
18232,c5,120
18233,c234,696
18234,c5,182
18235,c5,155
18236,c1,93
18237,c1,168
18238,c5,111
18239,c234,64
18240,c234,415
18241,c1,763
18242,c1,127
18243,c234,481
18244,c234,392
18245,c1,70
18246,c234,392
18247,c234,15
18248,c1,174
18249,c234,221
18250,c234,129
18251,c234,264
18252,c5,14
18253,c1,549
18254,c1,172
18255,c5,51
18256,c1,104
18257,c234,343
18258,c5,282
18259,c1,302
18260,c5,753
18261,c5,66
18262,c234,55
18263,c1,53
18264,c1,193
18265,c234,66
18266,c234,372
18267,c234,72
18268,c5,344
18269,c234,544
18270,c1,104
18271,c234,622
18272,c1,200
18273,c5,309
18274,c234,241
18275,c234,459
18276,c234,405
18277,c5,135
18278,c234,320
18279,c234,168
18280,c5,185
18281,c234,131
18282,c1,437
18283,c5,314
18284,c5,178
18285,c5,457
18286,c5,65
18287,c5,188
18288,c234,39
18289,c5,594
18290,c1,790
18291,c234,133
18292,c1,1257
18293,c5,1495
18294,c234,139
18295,c234,285
18296,c5,60
18297,c5,447
18298,c5,132
18299,c234,138
18300,c234,312
18301,c234,524
18302,c234,582
18303,c1,264
18304,c1,247
18305,c234,189
18306,c1,205
18307,c234,1002
18308,c5,905
18309,c234,718
18310,c234,768
18311,c234,298
18312,c5,426
18313,c234,329
18314,c5,436
18315,c5,677
18316,c1,874
18317,c234,154
18318,c234,545
18319,c234,198
18320,c234,180
18321,c234,260
18322,c234,304
18323,c5,50
18324,c5,344
18325,c5,175
18326,c5,39
18327,c1,580
18328,c1,157
18329,c234,192
18330,c1,78
18331,c1,646
18332,c5,336
18333,c234,146
18334,c234,263
18335,c5,1058
18336,c5,110
18337,c1,1147
18338,c1,803
18339,c234,460
18340,c5,448
18341,c234,534
18342,c1,96
18343,c1,202
18344,c234,141
18345,c5,41
18346,c234,161
18347,c5,158
18348,c5,704
18349,c5,153
18350,c5,79
18351,c234,451
18352,c1,23
18353,c5,139
18354,c234,207
18355,c5,90
18356,c1,64
18357,c234,144
18358,c1,54
18359,c234,783
18360,c1,252
18361,c234,243
18362,c234,250
18363,c234,752
18364,c1,461
18365,c234,1126
18366,c5,372
18367,c5,55
18368,c234,1219
18369,c5,356
18370,c234,238
18371,c234,651
18372,c1,41
18373,c1,22
18374,c234,465
18375,c5,14
18376,c1,590
18377,c234,510
18378,c5,463
18379,c5,277
18380,c1,635
18381,c1,1378
18382,c5,55
18383,c1,121
18384,c1,96
18385,c1,241
18386,c234,216
18387,c5,97
18388,c234,85
18389,c1,448
18390,c5,307
18391,c1,333
18392,c234,770
18393,c234,562
18394,c5,372
18395,c234,259
18396,c234,1761
18397,c5,315
18398,c234,68
18399,c1,175
18400,c234,338
18401,c5,856
18402,c1,604
18403,c5,550
18404,c5,127
18405,c1,68
18406,c234,63
18407,c5,175
18408,c234,98
18409,c234,662
18410,c5,40
18411,c234,394
18412,c5,447
18413,c5,117
18414,c1,670
18415,c234,245
18416,c5,545
18417,c234,332
18418,c234,361
18419,c5,61
18420,c234,135
18421,c1,192
18422,c1,204
18423,c1,72
18424,c5,323
18425,c5,934
18426,c5,278
18427,c5,542
18428,c234,253
18429,c1,739
18430,c5,300
18431,c1,931
18432,c1,241
18433,c1,253
18434,c234,255
18435,c1,191
18436,c1,400
18437,c234,160
18438,c5,629
18439,c1,80
18440,c1,775
18441,c5,345
18442,c5,161
18443,c234,386
18444,c234,333
18445,c234,285
18446,c1,579
18447,c5,280
18448,c234,135
18449,c1,1206
18450,c5,84
18451,c5,252
18452,c234,341
18453,c1,554
18454,c1,53
18455,c234,409
18456,c5,218
18457,c234,465
18458,c5,198
18459,c5,428
18460,c234,48
18461,c5,465
18462,c1,1161
18463,c234,147
18464,c234,113
18465,c5,818
18466,c234,460
18467,c5,202
18468,c1,673
18469,c1,147
18470,c5,237
18471,c1,297
18472,c5,153
18473,c234,1124
18474,c1,73
18475,c5,74
18476,c5,551
18477,c1,428
18478,c234,173
18479,c1,489
18480,c5,360
18481,c5,525
18482,c1,180
18483,c5,72
18484,c5,642
18485,c1,87
18486,c5,37
18487,c5,116
18488,c5,189
18489,c5,574
18490,c5,425
18491,c5,218
18492,c5,211
18493,c5,310
18494,c1,397
18495,c5,367
18496,c234,48
18497,c1,1234
18498,c5,731
18499,c5,72
18500,c5,278
18501,c5,887
18502,c234,84
18503,c234,1112
18504,c234,491
18505,c234,34
18506,c234,545
18507,c5,1111
18508,c1,89
18509,c234,33
18510,c1,69
18511,c234,760
18512,c234,127
18513,c1,1088
18514,c234,559
18515,c5,1280
18516,c5,89
18517,c234,503
18518,c1,725
18519,c1,465
18520,c234,140
18521,c1,173
18522,c5,339
18523,c5,303
18524,c5,151
18525,c1,329
18526,c5,200
18527,c5,137
18528,c234,529
18529,c1,142
18530,c5,41
18531,c234,488
18532,c234,191
18533,c5,585
18534,c1,208
18535,c1,155
18536,c1,260
18537,c234,205
18538,c1,86
18539,c5,315
18540,c5,918
18541,c5,102
18542,c5,188
18543,c5,461
18544,c5,144
18545,c1,448
18546,c5,683
18547,c234,574
18548,c1,625
18549,c1,325
18550,c234,181
18551,c1,243
18552,c5,690
18553,c1,1292
18554,c1,41
18555,c1,211
18556,c1,271
18557,c5,404
18558,c1,132
18559,c5,220
18560,c234,303
18561,c5,9
18562,c234,231
18563,c234,883
18564,c5,429
18565,c1,508
18566,c1,644
18567,c234,2966
18568,c1,706
18569,c1,73
18570,c1,875
18571,c1,502
18572,c1,612
18573,c1,227
18574,c5,58
18575,c234,553
18576,c1,709
18577,c5,59
18578,c1,271
18579,c5,168
18580,c5,453
18581,c5,282
18582,c1,253
18583,c1,103
18584,c1,73
18585,c5,99
18586,c234,93
18587,c234,897
18588,c234,87
18589,c234,554
18590,c5,316
18591,c234,68
18592,c1,938
18593,c1,398
18594,c1,174
18595,c234,559
18596,c234,263
18597,c234,140
18598,c5,108
18599,c234,330
18600,c234,229
18601,c5,177
18602,c5,169
18603,c5,446
18604,c5,154
18605,c234,291
18606,c234,143
18607,c5,349
18608,c5,713
18609,c234,129
18610,c234,657
18611,c5,375
18612,c1,280
18613,c5,46
18614,c5,236
18615,c234,421
18616,c234,34
18617,c1,845
18618,c1,421
18619,c5,136
18620,c234,397
18621,c5,39
18622,c1,206
18623,c5,103
18624,c234,15
18625,c234,236
18626,c5,761
18627,c234,849
18628,c5,326
18629,c1,100
18630,c1,28
18631,c1,263
18632,c234,125
18633,c1,190
18634,c5,525
18635,c234,129
18636,c5,305
18637,c1,345
18638,c234,86
18639,c5,540
18640,c234,299
18641,c5,134
18642,c5,426
18643,c1,2990
18644,c234,2453
18645,c234,310
18646,c5,117
18647,c1,184
18648,c1,252
18649,c5,1069
18650,c5,451
18651,c1,627
18652,c234,222
18653,c5,770
18654,c5,172
18655,c5,550
18656,c5,428
18657,c234,111
18658,c5,384
18659,c1,1298
18660,c5,156
18661,c1,392
18662,c5,431
18663,c5,219
18664,c234,215
18665,c234,427
18666,c1,714
18667,c234,743
18668,c234,85
18669,c1,1145
18670,c5,230
18671,c1,487
18672,c1,1037
18673,c234,1002
18674,c5,39
18675,c234,405
18676,c1,301
18677,c5,540
18678,c1,214
18679,c234,1600
18680,c234,166
18681,c1,86
18682,c234,117
18683,c5,94
18684,c5,128
18685,c1,728
18686,c1,782
18687,c234,360
18688,c234,218
18689,c234,373
18690,c234,633
18691,c234,14
18692,c5,161
18693,c234,189
18694,c234,512
18695,c5,404
18696,c1,1009
18697,c234,12
18698,c5,253
18699,c5,273
18700,c5,97
18701,c1,367
18702,c5,908
18703,c234,134
18704,c5,88
18705,c234,129
18706,c5,52
18707,c1,395
18708,c5,205
18709,c234,81
18710,c5,399
18711,c5,57
18712,c1,676
18713,c234,53
18714,c5,188
18715,c5,316
18716,c234,708
18717,c1,427
18718,c5,440
18719,c234,1359
18720,c5,609
18721,c1,284
18722,c1,342
18723,c234,135
18724,c5,259
18725,c5,334
18726,c1,961
18727,c5,2353
18728,c1,125
18729,c234,177
18730,c234,747
18731,c234,488
18732,c5,14
18733,c234,137
18734,c5,133
18735,c234,978
18736,c5,588
18737,c5,123
18738,c1,159
18739,c5,236
18740,c234,117
18741,c1,165
18742,c5,662
18743,c234,128
18744,c234,336
18745,c5,181
18746,c5,474
18747,c234,1160
18748,c234,136
18749,c5,690
18750,c1,281
18751,c5,352
18752,c1,643
18753,c1,289
18754,c1,131
18755,c1,351
18756,c234,73
18757,c234,175
18758,c1,154
18759,c1,197
18760,c5,60
18761,c5,277
18762,c1,392
18763,c1,573
18764,c234,340
18765,c234,160
18766,c5,125
18767,c5,291
18768,c1,455
18769,c1,336
18770,c234,174
18771,c1,428
18772,c234,492
18773,c5,82
18774,c1,908
18775,c5,235
18776,c234,401
18777,c5,422
18778,c1,47
18779,c5,448
18780,c234,264
18781,c234,74
18782,c5,155
18783,c234,339
18784,c1,416
18785,c234,212
18786,c1,226
18787,c234,689
18788,c5,75
18789,c1,58
18790,c5,409
18791,c234,114
18792,c5,910
18793,c1,99
18794,c1,233
18795,c5,796
18796,c5,469
18797,c5,193
18798,c234,192
18799,c234,667
18800,c234,1786
18801,c1,23
18802,c5,132
18803,c234,851
18804,c5,809
18805,c234,139
18806,c234,34
18807,c5,436
18808,c1,34
18809,c234,44
18810,c5,262
18811,c5,467
18812,c234,260
18813,c234,1506
18814,c5,468
18815,c234,119
18816,c5,350
18817,c1,10
18818,c5,47
18819,c5,460
18820,c234,410
18821,c1,115
18822,c5,555
18823,c1,347
18824,c234,14
18825,c5,680
18826,c234,739
18827,c234,100
18828,c1,330
18829,c1,33
18830,c1,102
18831,c1,175
18832,c1,416
18833,c5,95
18834,c5,620
18835,c1,88
18836,c1,117
18837,c5,390
18838,c5,111
18839,c234,92
18840,c5,108
18841,c1,399
18842,c234,450
18843,c234,176
18844,c234,53
18845,c5,756
18846,c1,179
18847,c234,184
18848,c5,731
18849,c5,180
18850,c1,339
18851,c234,36
18852,c5,141
18853,c234,717
18854,c1,105
18855,c1,360
18856,c5,448
18857,c5,491
18858,c1,142
18859,c1,985
18860,c234,4263
18861,c1,1418
18862,c234,764
18863,c5,228
18864,c234,884
18865,c1,846
18866,c5,216
18867,c1,8
18868,c5,386
18869,c1,81
18870,c5,68
18871,c1,38
18872,c234,306
18873,c5,52
18874,c234,83
18875,c1,1869
18876,c1,230
18877,c1,190
18878,c234,93
18879,c234,318
18880,c234,1152
18881,c5,218
18882,c5,351
18883,c234,1130
18884,c234,259
18885,c1,929
18886,c1,313
18887,c5,145
18888,c234,196
18889,c5,291
18890,c1,88
18891,c5,296
18892,c1,156
18893,c234,538
18894,c234,171
18895,c234,1894
18896,c1,126
18897,c5,146
18898,c1,377
18899,c234,42
18900,c234,622
18901,c1,75
18902,c5,77
18903,c1,170
18904,c5,165
18905,c5,43
18906,c234,1116
18907,c234,123
18908,c5,79
18909,c234,202
18910,c5,152
18911,c1,562
18912,c234,131
18913,c5,78
18914,c5,172
18915,c234,884
18916,c234,210
18917,c1,678
18918,c5,54
18919,c234,690
18920,c5,1118
18921,c1,80
18922,c5,592
18923,c1,358
18924,c1,1118
18925,c234,41
18926,c1,113
18927,c1,210
18928,c234,44
18929,c234,211
18930,c5,537
18931,c234,479
18932,c1,341
18933,c5,1503
18934,c1,720
18935,c234,191
18936,c234,246
18937,c234,591
18938,c234,362
18939,c5,220
18940,c5,232
18941,c1,15
18942,c5,207
18943,c234,1771
18944,c234,409
18945,c1,207
18946,c234,736
18947,c5,603
18948,c234,572
18949,c5,290
18950,c234,151
18951,c1,505
18952,c1,1383
18953,c5,103
18954,c5,1733
18955,c234,335
18956,c234,257
18957,c1,354
18958,c1,404
18959,c5,387
18960,c234,518
18961,c1,1059
18962,c5,179
18963,c5,444
18964,c5,349
18965,c5,1006
18966,c234,647
18967,c1,369
18968,c234,68
18969,c234,71
18970,c1,510
18971,c234,59
18972,c234,658
18973,c234,1149
18974,c234,655
18975,c5,41
18976,c5,667
18977,c1,443
18978,c1,61
18979,c5,541
18980,c234,218
18981,c5,401
18982,c234,309
18983,c234,1041
18984,c234,262
18985,c1,905
18986,c5,38
18987,c5,859
18988,c5,395
18989,c234,66
18990,c234,613
18991,c234,351
18992,c234,4263
18993,c5,526
18994,c1,558
18995,c5,521
18996,c5,2970
18997,c234,475
18998,c5,315
18999,c1,1239
19000,c5,251
19001,c1,390
19002,c234,253
19003,c234,98
19004,c5,94
19005,c1,79
19006,c5,599
19007,c234,530
19008,c234,179
19009,c234,400
19010,c234,591
19011,c234,993
19012,c1,678
19013,c5,186
19014,c5,231
19015,c234,670
19016,c1,140
19017,c234,1653
19018,c234,372
19019,c1,415
19020,c5,159
19021,c1,584
19022,c234,179
19023,c234,186
19024,c5,32
19025,c1,858
19026,c5,386
19027,c5,148
19028,c1,12
19029,c234,111
19030,c234,438
19031,c1,1509
19032,c234,2213
19033,c1,416
19034,c5,255
19035,c234,468
19036,c5,130
19037,c5,203
19038,c5,213
19039,c5,88
19040,c5,560
19041,c1,370
19042,c234,33
19043,c1,299
19044,c1,340
19045,c234,282
19046,c234,67
19047,c234,492
19048,c234,514
19049,c234,379
19050,c234,610
19051,c234,768
19052,c234,43
19053,c1,21
19054,c1,1236
19055,c5,176
19056,c5,933
19057,c234,294
19058,c5,1460
19059,c1,144
19060,c5,192
19061,c1,99
19062,c5,147
19063,c1,114
19064,c234,879
19065,c1,476
19066,c5,75
19067,c1,349
19068,c234,204
19069,c1,709
19070,c234,497
19071,c234,93
19072,c1,322
19073,c1,190
19074,c1,386
19075,c1,144
19076,c1,44
19077,c1,1030
19078,c234,1247
19079,c5,1386
19080,c5,105
19081,c1,964
19082,c1,271
19083,c234,41
19084,c5,155
19085,c234,10
19086,c1,972
19087,c1,47
19088,c5,210
19089,c234,491
19090,c234,213
19091,c5,625
19092,c234,359
19093,c234,1721
19094,c234,604
19095,c234,144
19096,c1,595
19097,c234,622
19098,c1,562
19099,c5,41
19100,c234,165
19101,c1,78
19102,c1,102
19103,c234,510
19104,c5,153
19105,c234,631
19106,c5,175
19107,c234,104
19108,c234,156
19109,c5,417
19110,c234,488
19111,c1,116
19112,c234,277
19113,c5,120
19114,c234,646
19115,c234,270
19116,c5,107
19117,c234,1250
19118,c1,126
19119,c5,257
19120,c234,607
19121,c5,240
19122,c5,481
19123,c1,132
19124,c1,658
19125,c1,480
19126,c1,469
19127,c234,336
19128,c234,417
19129,c1,643
19130,c5,276
19131,c1,16
19132,c5,297
19133,c1,706
19134,c5,126
19135,c1,311
19136,c1,74
19137,c234,193
19138,c234,280
19139,c1,669
19140,c5,966
19141,c5,276
19142,c5,30
19143,c234,276
19144,c5,186
19145,c1,767
19146,c1,206
19147,c5,168
19148,c234,269
19149,c1,396
19150,c234,923
19151,c234,146
19152,c1,13
19153,c5,420
19154,c234,932
19155,c1,693
19156,c234,821
19157,c1,345
19158,c5,327
19159,c5,172
19160,c5,689
19161,c5,138
19162,c234,491
19163,c5,63
19164,c1,633
19165,c234,641
19166,c1,174
19167,c234,241
19168,c234,94
19169,c1,63
19170,c1,555
19171,c234,209
19172,c234,120
19173,c5,337
19174,c5,310
19175,c234,103
19176,c1,132
19177,c5,284
19178,c5,553
19179,c234,471
19180,c1,257
19181,c1,72
19182,c5,143
19183,c234,572
19184,c234,673
19185,c5,1014
19186,c5,603
19187,c234,406
19188,c234,461
19189,c1,18
19190,c5,3137
19191,c5,185
19192,c1,148
19193,c234,900
19194,c1,1158
19195,c234,455
19196,c5,132
19197,c234,242
19198,c5,165
19199,c1,2326
19200,c1,142
19201,c234,430
19202,c5,72
19203,c234,197
19204,c1,473
19205,c1,137
19206,c5,39
19207,c5,271
19208,c5,382
19209,c234,30
19210,c5,552
19211,c5,563
19212,c1,113
19213,c234,928
19214,c1,136
19215,c5,122
19216,c5,41
19217,c1,425
19218,c1,379
19219,c234,75
19220,c1,192
19221,c1,55
19222,c5,591
19223,c5,10
19224,c1,612
19225,c1,131
19226,c234,351
19227,c234,381
19228,c1,220
19229,c5,446
19230,c234,290
19231,c1,521
19232,c234,455
19233,c5,33
19234,c234,238
19235,c5,166
19236,c234,190
19237,c5,493
19238,c5,93
19239,c5,21
19240,c1,174
19241,c5,124
19242,c234,391
19243,c5,138
19244,c1,135
19245,c234,100
19246,c5,340
19247,c1,237
19248,c234,589
19249,c1,84
19250,c234,123
19251,c234,552
19252,c234,654
19253,c1,643
19254,c5,36
19255,c1,82
19256,c234,385
19257,c1,11
19258,c234,361
19259,c1,219
19260,c5,123
19261,c5,74
19262,c1,296
19263,c234,184
19264,c1,523
19265,c234,96
19266,c1,758
19267,c1,395
19268,c5,417
19269,c234,1732
19270,c5,230
19271,c5,10
19272,c1,1203
19273,c234,752
19274,c5,59
19275,c234,190
19276,c1,312
19277,c5,66
19278,c1,161
19279,c1,386
19280,c234,141
19281,c5,1801
19282,c1,245
19283,c5,3381
19284,c5,138
19285,c5,25
19286,c5,841
19287,c5,79
19288,c1,1245
19289,c5,157
19290,c5,1247
19291,c234,193
19292,c234,367
19293,c5,1154
19294,c234,465
19295,c1,532
19296,c1,1147
19297,c5,82
19298,c1,472
19299,c234,652
19300,c234,907
19301,c234,413
19302,c234,1010
19303,c1,292
19304,c1,214
19305,c234,305
19306,c5,150
19307,c1,339
19308,c5,35
19309,c5,11
19310,c1,1709
19311,c234,516
19312,c1,71
19313,c5,703
19314,c234,259
19315,c1,222
19316,c234,632
19317,c234,151
19318,c5,463
19319,c234,705
19320,c234,244
19321,c5,123
19322,c1,360
19323,c1,45
19324,c234,144
19325,c234,1099
19326,c5,95
19327,c234,56
19328,c234,148
19329,c5,89
19330,c5,1198
19331,c1,202
19332,c234,3213
19333,c1,46
19334,c234,142
19335,c234,25
19336,c1,1730
19337,c1,267
19338,c1,372
19339,c234,330
19340,c5,148
19341,c1,1440
19342,c1,339
19343,c1,553
19344,c234,499
19345,c5,100
19346,c234,714
19347,c5,301
19348,c5,374
19349,c234,1177
19350,c234,512
19351,c5,324
19352,c5,78
19353,c5,567
19354,c1,161
19355,c5,145
19356,c1,415
19357,c234,395
19358,c234,1053
19359,c5,97
19360,c5,347
19361,c5,174
19362,c5,29
19363,c5,410
19364,c234,1778
19365,c234,187
19366,c1,138
19367,c1,612
19368,c5,293
19369,c234,379
19370,c1,544
19371,c1,440
19372,c234,256
19373,c5,422
19374,c1,2257
19375,c1,1043
19376,c1,622
19377,c5,409
19378,c5,591
19379,c234,445
19380,c234,411
19381,c1,163
19382,c5,472
19383,c234,103
19384,c1,76
19385,c5,213
19386,c5,245
19387,c1,750
19388,c234,549
19389,c1,426
19390,c5,158
19391,c1,548
19392,c1,356
19393,c234,485
19394,c5,278
19395,c1,151
19396,c5,525
19397,c234,119
19398,c1,738
19399,c5,297
19400,c5,341
19401,c234,89
19402,c1,675
19403,c234,95
19404,c5,251
19405,c5,16
19406,c234,213
19407,c5,205
19408,c1,32
19409,c5,566
19410,c234,224
19411,c5,348
19412,c5,162
19413,c1,416
19414,c1,526
19415,c5,195
19416,c1,558
19417,c5,328
19418,c1,575
19419,c5,151
19420,c5,538
19421,c5,856
19422,c5,379
19423,c234,218
19424,c5,226
19425,c234,118
19426,c234,104
19427,c234,144
19428,c1,129
19429,c234,299
19430,c234,1133
19431,c5,176
19432,c5,333
19433,c234,201
19434,c5,1651
19435,c234,73
19436,c5,753
19437,c1,222
19438,c5,333
19439,c5,234
19440,c234,395
19441,c5,329
19442,c5,280
19443,c5,147
19444,c1,473
19445,c1,142
19446,c234,681
19447,c5,149
19448,c5,416
19449,c1,701
19450,c234,480
19451,c5,388
19452,c5,30
19453,c5,147
19454,c234,75
19455,c234,884
19456,c1,81
19457,c1,705
19458,c5,110
19459,c234,202
19460,c5,382
19461,c1,44
19462,c234,171
19463,c5,237
19464,c5,581
19465,c5,246
19466,c5,723
19467,c5,287
19468,c234,213
19469,c234,647
19470,c234,1160
19471,c5,382
19472,c5,316
19473,c1,582
19474,c234,357
19475,c1,49
19476,c1,1210
19477,c1,187
19478,c234,111
19479,c234,31
19480,c1,132
19481,c5,63
19482,c5,344
19483,c234,470
19484,c1,313
19485,c1,132
19486,c234,395
19487,c234,428
19488,c1,172
19489,c234,146
19490,c1,180
19491,c1,45
19492,c234,165
19493,c1,321
19494,c5,23
19495,c1,165
19496,c234,276
19497,c1,334
19498,c5,2478
19499,c5,258
19500,c1,273
19501,c5,105
19502,c5,666
19503,c234,58
19504,c5,412
19505,c1,106
19506,c1,759
19507,c1,102
19508,c5,140
19509,c234,10
19510,c1,548
19511,c1,376
19512,c5,538
19513,c1,398
19514,c234,281
19515,c234,134
19516,c234,584
19517,c5,464
19518,c234,122
19519,c5,216
19520,c5,149
19521,c1,175
19522,c1,36
19523,c5,331
19524,c5,220
19525,c1,107
19526,c234,67
19527,c1,974
19528,c234,128
19529,c234,627
19530,c5,655
19531,c5,128
19532,c1,737
19533,c234,1439
19534,c234,755
19535,c1,1653
19536,c234,119
19537,c5,283
19538,c1,628
19539,c234,142
19540,c1,193
19541,c5,152
19542,c1,445
19543,c5,629
19544,c1,368
19545,c1,151
19546,c1,590
19547,c1,1078
19548,c234,107
19549,c234,144
19550,c5,716
19551,c5,351
19552,c234,108
19553,c234,313
19554,c234,257
19555,c1,289
19556,c1,1416
19557,c234,44
19558,c1,475
19559,c5,168
19560,c234,35
19561,c5,164
19562,c1,394
19563,c234,63
19564,c234,838
19565,c1,281
19566,c1,146
19567,c234,375
19568,c5,225
19569,c5,265
19570,c5,11
19571,c5,377
19572,c234,256
19573,c1,556
19574,c234,656
19575,c234,101
19576,c5,126
19577,c1,341
19578,c5,455
19579,c1,187
19580,c5,854
19581,c234,67
19582,c5,352
19583,c234,302
19584,c1,129
19585,c1,233
19586,c234,886
19587,c5,132
19588,c5,278
19589,c234,1140
19590,c234,377
19591,c5,41
19592,c1,114
19593,c5,158
19594,c234,118
19595,c5,74
19596,c5,76
19597,c1,55
19598,c5,80
19599,c234,272
19600,c5,77
19601,c5,189
19602,c1,619
19603,c5,132
19604,c234,341
19605,c1,458
19606,c1,190
19607,c234,860
19608,c5,402
19609,c5,104
19610,c1,269
19611,c5,187
19612,c234,75
19613,c5,53
19614,c234,16
19615,c1,436
19616,c1,82
19617,c234,90
19618,c234,286
19619,c1,238
19620,c234,591
19621,c1,459
19622,c234,961
19623,c1,370
19624,c5,203
19625,c234,90
19626,c1,82
19627,c234,298
19628,c234,763
19629,c234,643
19630,c234,742
19631,c5,1670
19632,c5,347
19633,c1,376
19634,c1,829
19635,c234,1694
19636,c234,44
19637,c1,256
19638,c5,236
19639,c1,314
19640,c234,72
19641,c1,112
19642,c234,286
19643,c234,47
19644,c234,671
19645,c5,124
19646,c5,44
19647,c5,330
19648,c1,60
19649,c1,625
19650,c5,216
19651,c234,1090
19652,c1,69
19653,c5,58
19654,c1,325
19655,c5,324
19656,c234,63
19657,c1,524
19658,c234,708
19659,c234,1076
19660,c1,607
19661,c5,158
19662,c234,32
19663,c5,160
19664,c5,47
19665,c1,531
19666,c1,96
19667,c234,443
19668,c5,591
19669,c234,209
19670,c234,188
19671,c1,213
19672,c1,259
19673,c1,309
19674,c5,67
19675,c234,337
19676,c234,149
19677,c234,1633
19678,c234,10
19679,c234,294
19680,c5,731
19681,c1,1290
19682,c5,51
19683,c5,72
19684,c1,132
19685,c5,466
19686,c1,207
19687,c5,94
19688,c5,491
19689,c234,494
19690,c5,165
19691,c1,237
19692,c234,107
19693,c1,989
19694,c1,226
19695,c5,42
19696,c234,460
19697,c234,132
19698,c1,257
19699,c1,174
19700,c1,2764
19701,c234,1038
19702,c5,244
19703,c1,129
19704,c5,1313
19705,c5,240
19706,c5,208
19707,c234,1068
19708,c5,188
19709,c1,339
19710,c234,1250
19711,c1,221
19712,c234,547
19713,c1,111
19714,c1,555
19715,c234,184
19716,c234,41
19717,c1,345
19718,c5,397
19719,c1,936
19720,c234,281
19721,c5,84
19722,c1,1064
19723,c5,163
19724,c5,108
19725,c5,479
19726,c234,820
19727,c1,167
19728,c1,648
19729,c234,1275
19730,c5,183
19731,c5,293
19732,c5,732
19733,c234,435
19734,c234,188
19735,c5,195
19736,c234,437
19737,c234,316
19738,c1,15
19739,c1,524
19740,c5,99
19741,c234,246
19742,c1,448
19743,c234,395
19744,c1,1097
19745,c5,231
19746,c1,345
19747,c234,38
19748,c5,82
19749,c5,232
19750,c234,1119
19751,c234,567
19752,c5,87
19753,c5,69
19754,c5,319
19755,c234,104
19756,c234,120
19757,c5,78
19758,c1,825
19759,c1,366
19760,c5,190
19761,c1,179
19762,c234,99
19763,c1,624
19764,c1,256
19765,c5,14
19766,c234,137
19767,c5,127
19768,c234,467
19769,c1,226
19770,c5,469
19771,c5,184
19772,c1,88
19773,c1,103
19774,c234,135
19775,c5,115
19776,c5,277
19777,c234,576
19778,c5,207
19779,c1,348
19780,c234,130
19781,c5,149
19782,c234,206
19783,c5,370
19784,c1,428
19785,c5,353
19786,c234,428
19787,c234,124
19788,c1,622
19789,c1,827
19790,c234,156
19791,c234,1061
19792,c234,518
19793,c234,343
19794,c5,100
19795,c5,216
19796,c5,201
19797,c234,153
19798,c234,1075
19799,c5,477
19800,c1,11
19801,c5,52
19802,c5,555
19803,c5,694
19804,c234,283
19805,c1,111
19806,c234,314
19807,c5,421
19808,c5,422
19809,c234,559
19810,c5,214
19811,c1,114
19812,c1,322
19813,c234,301
19814,c1,262
19815,c234,96
19816,c5,280
19817,c234,307
19818,c5,80
19819,c234,37
19820,c5,99
19821,c1,336
19822,c5,60
19823,c5,271
19824,c1,68
19825,c5,151
19826,c1,245
19827,c1,719
19828,c234,201
19829,c1,350
19830,c234,91
19831,c234,618
19832,c1,454
19833,c5,1135
19834,c234,523
19835,c234,768
19836,c234,564
19837,c5,738
19838,c234,464
19839,c1,1154
19840,c234,119
19841,c1,320
19842,c234,77
19843,c1,41
19844,c234,134
19845,c234,15
19846,c234,698
19847,c1,357
19848,c5,429
19849,c234,174
19850,c5,153
19851,c1,142
19852,c234,106
19853,c1,132
19854,c234,2169
19855,c1,903
19856,c5,377
19857,c234,482
19858,c234,844
19859,c234,78
19860,c5,278
19861,c5,33
19862,c234,323
19863,c1,643
19864,c234,664
19865,c1,444
19866,c5,227
19867,c5,190
19868,c5,8
19869,c1,704
19870,c5,1065
19871,c5,59
19872,c5,284
19873,c1,342
19874,c1,127
19875,c1,983
19876,c5,17
19877,c234,147
19878,c5,28
19879,c1,211
19880,c1,102
19881,c1,465
19882,c5,659
19883,c5,90
19884,c234,282
19885,c234,746
19886,c234,191
19887,c1,439
19888,c5,14
19889,c234,221
19890,c1,236
19891,c1,500
19892,c1,388
19893,c234,132
19894,c1,79
19895,c5,419
19896,c234,637
19897,c234,72
19898,c1,492
19899,c5,226
19900,c234,96
19901,c5,720
19902,c5,278
19903,c234,421
19904,c234,47
19905,c5,379
19906,c5,92
19907,c1,571
19908,c5,132
19909,c234,223
19910,c1,486
19911,c234,173
19912,c234,204
19913,c1,721
19914,c1,388
19915,c1,550
19916,c234,404
19917,c5,462
19918,c234,441
19919,c1,484
19920,c5,160
19921,c5,20
19922,c234,876
19923,c1,136
19924,c1,735
19925,c5,406
19926,c5,356
19927,c1,852
19928,c5,149
19929,c1,98
19930,c234,393
19931,c5,315
19932,c5,68
19933,c234,421
19934,c5,101
19935,c234,36
19936,c5,179
19937,c5,386
19938,c234,320
19939,c234,284
19940,c5,3104
19941,c5,97
19942,c1,130
19943,c234,473
19944,c234,2735
19945,c1,311
19946,c234,1125
19947,c1,72
19948,c234,193
19949,c1,132
19950,c1,415
19951,c5,308
19952,c5,618
19953,c234,201
19954,c5,174
19955,c234,13
19956,c234,417
19957,c234,174
19958,c234,385
19959,c234,575
19960,c234,601
19961,c234,223
19962,c1,131
19963,c234,602
19964,c234,196
19965,c1,176
19966,c1,222
19967,c5,637
19968,c5,231
19969,c1,512
19970,c5,135
19971,c234,187
19972,c1,1365
19973,c234,253
19974,c234,863
19975,c1,39
19976,c234,218
19977,c1,914
19978,c5,135
19979,c5,78
19980,c5,142
19981,c234,300
19982,c1,287
19983,c1,416
19984,c234,407
19985,c5,142
19986,c1,480
19987,c5,668
19988,c1,244
19989,c5,264
19990,c1,240
19991,c234,465
19992,c5,1448
19993,c5,1104
19994,c234,209
19995,c234,38
19996,c5,804
19997,c234,50
19998,c234,433
19999,c5,70
20000,c1,499
20001,c1,344
20002,c5,165
20003,c1,140
20004,c234,860
20005,c234,343
20006,c234,304
20007,c5,620
20008,c234,125
20009,c234,256
20010,c1,143
20011,c1,337
20012,c1,209
20013,c5,306
20014,c234,841
20015,c234,14
20016,c1,52
20017,c234,228
20018,c5,63
20019,c1,229
20020,c1,259
20021,c234,225
20022,c5,180
20023,c5,601
20024,c5,143
20025,c234,300
20026,c1,16
20027,c234,94
20028,c234,494
20029,c234,350
20030,c5,371
20031,c1,375
20032,c5,89
20033,c234,698
20034,c1,307
20035,c5,284
20036,c234,189
20037,c5,441
20038,c1,62
20039,c1,155
20040,c1,354
20041,c1,366
20042,c234,211
20043,c234,46
20044,c234,162
20045,c1,163
20046,c1,46
20047,c234,37
20048,c5,43
20049,c5,68
20050,c1,192
20051,c1,125
20052,c5,712
20053,c234,477
20054,c5,275
20055,c1,420
20056,c1,105
20057,c1,534
20058,c234,210
20059,c234,397
20060,c234,377
20061,c1,272
20062,c5,339
20063,c234,382
20064,c5,164
20065,c234,587
20066,c234,429
20067,c234,67
20068,c1,481
20069,c1,571
20070,c234,43
20071,c234,476
20072,c5,115
20073,c1,279
20074,c1,49
20075,c5,806
20076,c5,95
20077,c5,173
20078,c1,415
20079,c234,468
20080,c5,596
20081,c234,984
20082,c234,874
20083,c1,581
20084,c234,344
20085,c234,260
20086,c5,171
20087,c1,83
20088,c1,170
20089,c1,112
20090,c1,206
20091,c5,543
