row_index,classe_real,predicao,fold
0,c5,c1,3
1,c1,c1,3
2,c1,c1,4
3,c234,c1,4
4,c234,c5,0
5,c1,c234,1
6,c234,c5,0
7,c234,c1,3
8,c1,c5,2
9,c234,c234,4
10,c234,c234,4
11,c234,c234,3
12,c1,c5,4
13,c234,c1,4
14,c234,c1,2
15,c5,c1,1
16,c234,c1,1
17,c1,c1,4
18,c1,c1,2
19,c1,c1,3
20,c1,c5,3
21,c1,c234,0
22,c234,c234,2
23,c5,c5,4
24,c234,c234,3
25,c1,c234,1
26,c5,c5,1
27,c1,c1,0
28,c1,c234,2
29,c1,c5,1
30,c1,c1,4
31,c5,c234,1
32,c5,c234,1
33,c1,c1,0
34,c5,c5,3
35,c5,c5,3
36,c5,c1,3
37,c5,c5,0
38,c5,c5,1
39,c5,c5,3
40,c234,c234,0
41,c5,c1,3
42,c234,c5,1
43,c5,c5,4
44,c234,c5,4
45,c5,c5,0
46,c1,c234,4
47,c5,c5,2
48,c5,c1,0
49,c234,c234,2
50,c234,c5,4
51,c234,c1,0
52,c5,c5,4
53,c234,c1,2
54,c5,c234,3
55,c1,c234,1
56,c5,c5,1
57,c1,c1,2
58,c234,c5,4
59,c1,c1,4
60,c5,c5,3
61,c5,c5,0
62,c1,c5,2
63,c234,c234,3
64,c1,c1,1
65,c234,c1,3
66,c1,c234,1
67,c1,c5,0
68,c234,c234,1
69,c234,c5,3
70,c5,c5,4
71,c1,c1,4
72,c234,c234,4
73,c1,c1,0
74,c234,c5,3
75,c234,c1,4
76,c234,c1,0
77,c234,c5,2
78,c234,c234,3
79,c234,c5,2
80,c1,c234,3
81,c1,c234,3
82,c234,c234,3
83,c234,c234,3
84,c234,c5,0
85,c5,c1,3
86,c1,c5,4
87,c1,c1,1
88,c5,c234,4
89,c1,c5,3
90,c5,c234,1
91,c1,c1,4
92,c1,c1,0
93,c1,c5,1
94,c1,c234,3
95,c1,c1,4
96,c234,c1,3
97,c5,c5,4
98,c5,c5,3
99,c5,c234,2
100,c234,c234,3
101,c234,c1,4
102,c234,c234,1
103,c5,c234,2
104,c234,c1,3
105,c1,c5,3
106,c1,c1,4
107,c234,c1,1
108,c5,c1,2
109,c234,c5,4
110,c5,c5,2
111,c5,c5,1
112,c234,c5,2
113,c5,c234,0
114,c1,c1,3
115,c234,c1,3
116,c5,c5,4
117,c1,c1,3
118,c5,c234,2
119,c234,c234,0
120,c5,c234,0
121,c1,c1,0
122,c234,c1,3
123,c234,c1,0
124,c1,c1,0
125,c5,c5,1
126,c234,c5,1
127,c5,c5,2
128,c234,c5,0
129,c1,c1,2
130,c234,c234,4
131,c5,c234,0
132,c234,c234,3
133,c234,c234,2
134,c1,c1,4
135,c1,c1,3
136,c1,c1,3
137,c234,c1,4
138,c5,c5,0
139,c234,c234,3
140,c234,c5,3
141,c5,c234,3
142,c234,c234,2
143,c5,c234,4
144,c1,c1,2
145,c1,c5,4
146,c1,c1,4
147,c5,c5,1
148,c1,c5,3
149,c234,c1,2
150,c234,c234,1
151,c234,c5,1
152,c1,c1,4
153,c5,c5,3
154,c5,c234,1
155,c234,c234,1
156,c5,c1,2
157,c5,c1,1
158,c1,c1,0
159,c5,c234,3
160,c5,c5,4
161,c234,c1,0
162,c1,c1,0
163,c234,c5,4
164,c1,c234,0
165,c234,c234,3
166,c1,c1,0
167,c1,c234,4
168,c5,c234,0
169,c1,c1,0
170,c5,c1,3
171,c234,c234,3
172,c5,c5,4
173,c234,c234,1
174,c1,c5,3
175,c1,c1,4
176,c5,c1,1
177,c5,c234,2
178,c1,c1,1
179,c234,c5,3
180,c234,c5,4
181,c1,c234,4
182,c1,c234,1
183,c234,c1,4
184,c234,c1,0
185,c5,c1,1
186,c234,c234,0
187,c5,c1,1
188,c234,c234,1
189,c234,c234,3
190,c1,c1,1
191,c5,c234,0
192,c234,c234,3
193,c234,c234,2
194,c234,c5,3
195,c234,c1,3
196,c1,c1,4
197,c1,c1,3
198,c234,c234,3
199,c234,c1,4
200,c234,c5,2
201,c5,c1,4
202,c5,c5,4
203,c5,c1,0
204,c1,c5,4
205,c234,c5,0
206,c1,c1,1
207,c5,c5,3
208,c5,c5,4
209,c5,c1,1
210,c5,c234,1
211,c1,c5,4
212,c1,c5,4
213,c1,c5,0
214,c1,c234,4
215,c1,c1,2
216,c1,c1,2
217,c234,c1,1
218,c5,c1,3
219,c234,c5,4
220,c5,c5,2
221,c5,c5,4
222,c5,c1,4
223,c5,c234,4
224,c5,c5,0
225,c234,c5,3
226,c234,c5,4
227,c1,c1,2
228,c1,c1,1
229,c1,c1,3
230,c234,c234,1
231,c1,c5,0
232,c1,c1,1
233,c234,c1,4
234,c234,c234,0
235,c234,c1,4
236,c234,c5,2
237,c234,c1,1
238,c234,c1,0
239,c5,c5,2
240,c234,c234,1
241,c1,c1,1
242,c5,c234,3
243,c5,c234,3
244,c234,c1,1
245,c5,c5,0
246,c1,c1,2
247,c1,c5,4
248,c1,c5,4
249,c5,c234,0
250,c5,c5,4
251,c5,c5,1
252,c234,c5,2
253,c234,c234,3
254,c234,c5,3
255,c5,c5,0
256,c5,c5,4
257,c234,c1,1
258,c5,c5,3
259,c5,c5,1
260,c5,c1,2
261,c1,c234,1
262,c5,c1,3
263,c5,c1,3
264,c234,c234,0
265,c234,c5,4
266,c234,c5,3
267,c5,c234,0
268,c5,c5,4
269,c1,c1,2
270,c234,c234,4
271,c1,c1,1
272,c1,c234,3
273,c5,c234,3
274,c234,c5,2
275,c5,c5,1
276,c234,c5,3
277,c5,c5,3
278,c5,c5,4
279,c234,c5,1
280,c5,c1,3
281,c5,c234,1
282,c1,c5,0
283,c5,c234,3
284,c5,c1,3
285,c5,c5,2
286,c234,c1,2
287,c1,c5,3
288,c1,c5,3
289,c234,c1,3
290,c1,c234,4
291,c234,c5,3
292,c234,c1,0
293,c5,c5,3
294,c5,c5,0
295,c1,c5,2
296,c1,c1,0
297,c5,c234,2
298,c234,c234,4
299,c1,c1,0
300,c1,c1,2
301,c234,c5,2
302,c234,c234,3
303,c5,c5,3
304,c5,c5,0
305,c234,c5,1
306,c234,c1,1
307,c5,c234,0
308,c1,c5,3
309,c1,c234,1
310,c1,c234,2
311,c5,c234,0
312,c234,c234,4
313,c1,c1,2
314,c234,c234,1
315,c5,c5,2
316,c5,c234,2
317,c5,c5,3
318,c234,c1,0
319,c234,c5,4
320,c5,c1,1
321,c5,c5,2
322,c5,c5,2
323,c234,c1,4
324,c5,c5,3
325,c1,c234,1
326,c1,c1,0
327,c5,c5,1
328,c1,c1,2
329,c5,c1,1
330,c1,c5,2
331,c1,c1,1
332,c1,c5,4
333,c5,c234,1
334,c234,c1,3
335,c1,c1,2
336,c5,c5,4
337,c5,c234,0
338,c234,c5,2
339,c1,c234,1
340,c1,c1,4
341,c5,c5,4
342,c5,c5,4
343,c234,c234,1
344,c5,c5,3
345,c234,c5,0
346,c5,c5,1
347,c5,c5,2
348,c5,c234,0
349,c5,c234,2
350,c5,c5,2
351,c234,c234,1
352,c1,c1,4
353,c1,c1,4
354,c1,c1,0
355,c5,c234,1
356,c5,c1,0
357,c1,c1,2
358,c234,c1,2
359,c234,c1,0
360,c5,c1,4
361,c234,c234,1
362,c1,c5,2
363,c234,c234,3
364,c234,c5,4
365,c1,c5,2
366,c1,c1,2
367,c1,c1,1
368,c5,c234,0
369,c5,c234,2
370,c5,c5,4
371,c5,c234,2
372,c234,c234,1
373,c5,c5,1
374,c234,c5,0
375,c1,c1,0
376,c1,c5,3
377,c1,c234,1
378,c5,c5,1
379,c5,c234,3
380,c5,c234,0
381,c1,c1,2
382,c5,c234,1
383,c1,c234,3
384,c5,c5,2
385,c234,c1,1
386,c5,c5,2
387,c5,c234,1
388,c5,c5,4
389,c234,c1,3
390,c5,c5,2
391,c5,c1,4
392,c1,c1,1
393,c234,c5,1
394,c1,c1,2
395,c5,c5,0
396,c234,c234,1
397,c1,c1,3
398,c5,c234,0
399,c234,c234,3
400,c1,c1,2
401,c234,c5,1
402,c234,c234,4
403,c234,c1,2
404,c5,c5,3
405,c234,c5,1
406,c1,c234,3
407,c1,c1,0
408,c5,c234,3
409,c1,c234,3
410,c234,c5,0
411,c5,c5,2
412,c1,c234,1
413,c1,c234,2
414,c234,c5,4
415,c234,c5,3
416,c1,c1,1
417,c234,c5,0
418,c234,c234,1
419,c1,c1,3
420,c5,c5,2
421,c1,c1,1
422,c1,c234,2
423,c1,c1,0
424,c1,c5,4
425,c1,c234,4
426,c1,c1,0
427,c1,c5,0
428,c1,c1,3
429,c1,c1,1
430,c234,c1,4
431,c5,c5,4
432,c234,c234,1
433,c234,c1,0
434,c5,c5,0
435,c1,c5,2
436,c1,c1,0
437,c1,c1,4
438,c234,c234,4
439,c5,c5,1
440,c1,c234,1
441,c1,c234,0
442,c1,c234,2
443,c234,c234,0
444,c234,c234,4
445,c5,c5,1
446,c1,c234,3
447,c234,c1,0
448,c234,c5,3
449,c5,c234,2
450,c5,c234,3
451,c1,c234,2
452,c5,c1,1
453,c234,c5,3
454,c1,c1,3
455,c5,c5,1
456,c5,c234,4
457,c234,c234,0
458,c1,c234,0
459,c234,c234,0
460,c1,c234,1
461,c5,c1,4
462,c234,c234,4
463,c1,c5,2
464,c234,c234,4
465,c5,c5,0
466,c5,c5,0
467,c234,c1,2
468,c1,c5,2
469,c1,c234,2
470,c234,c5,3
471,c5,c5,4
472,c1,c1,1
473,c234,c5,4
474,c5,c5,4
475,c1,c1,1
476,c1,c1,1
477,c234,c234,1
478,c1,c1,4
479,c1,c234,1
480,c234,c5,4
481,c234,c5,0
482,c5,c234,2
483,c5,c1,0
484,c1,c1,2
485,c5,c234,2
486,c1,c234,2
487,c234,c1,2
488,c234,c5,2
489,c5,c5,3
490,c5,c5,2
491,c234,c1,4
492,c234,c234,3
493,c1,c5,0
494,c234,c1,0
495,c234,c5,1
496,c234,c1,3
497,c5,c234,2
498,c234,c5,2
499,c1,c5,0
500,c234,c5,3
501,c1,c1,3
502,c5,c5,0
503,c1,c1,0
504,c1,c1,1
505,c5,c234,2
506,c5,c1,4
507,c234,c5,1
508,c234,c234,1
509,c234,c1,3
510,c5,c5,1
511,c5,c5,4
512,c1,c1,1
513,c5,c1,2
514,c234,c234,2
515,c5,c234,3
516,c234,c234,1
517,c5,c1,1
518,c234,c1,2
519,c1,c234,3
520,c1,c1,0
521,c1,c5,2
522,c1,c1,0
523,c5,c234,3
524,c5,c1,2
525,c5,c5,2
526,c5,c1,4
527,c1,c1,2
528,c1,c5,2
529,c1,c1,4
530,c5,c234,3
531,c5,c234,2
532,c1,c234,2
533,c5,c234,4
534,c1,c234,4
535,c1,c234,1
536,c234,c1,1
537,c5,c1,1
538,c5,c5,0
539,c1,c234,1
540,c5,c234,2
541,c234,c234,4
542,c234,c234,0
543,c234,c5,2
544,c234,c234,4
545,c1,c5,3
546,c1,c1,2
547,c1,c5,2
548,c234,c234,3
549,c1,c234,1
550,c5,c1,4
551,c234,c1,3
552,c1,c1,2
553,c234,c234,3
554,c5,c5,3
555,c234,c1,3
556,c234,c234,4
557,c1,c1,3
558,c5,c5,0
559,c1,c1,3
560,c1,c1,3
561,c234,c1,0
562,c1,c1,1
563,c5,c5,0
564,c1,c1,2
565,c234,c5,1
566,c234,c1,3
567,c234,c1,0
568,c1,c1,4
569,c5,c5,2
570,c5,c5,1
571,c5,c5,2
572,c5,c5,2
573,c1,c1,1
574,c234,c234,1
575,c5,c5,2
576,c234,c5,0
577,c5,c5,4
578,c5,c5,2
579,c1,c1,0
580,c5,c5,4
581,c234,c1,1
582,c1,c1,3
583,c5,c5,4
584,c1,c234,1
585,c234,c1,2
586,c234,c5,2
587,c1,c1,1
588,c1,c1,0
589,c1,c234,3
590,c5,c5,4
591,c234,c234,4
592,c234,c1,4
593,c234,c5,2
594,c1,c1,4
595,c1,c1,3
596,c1,c5,2
597,c1,c234,0
598,c5,c234,4
599,c1,c1,3
600,c5,c1,0
601,c234,c5,0
602,c5,c234,3
603,c5,c1,2
604,c234,c1,3
605,c234,c5,3
606,c1,c234,0
607,c5,c1,0
608,c1,c5,3
609,c5,c5,2
610,c1,c1,2
611,c5,c234,3
612,c5,c1,0
613,c1,c1,3
614,c234,c1,4
615,c1,c1,3
616,c5,c5,0
617,c234,c234,3
618,c1,c1,0
619,c5,c5,2
620,c5,c5,3
621,c234,c234,1
622,c5,c5,2
623,c234,c234,4
624,c1,c1,1
625,c5,c5,3
626,c5,c5,4
627,c234,c1,3
628,c1,c1,3
629,c234,c5,4
630,c234,c234,2
631,c234,c5,4
632,c1,c5,2
633,c1,c234,1
634,c234,c234,2
635,c5,c5,2
636,c234,c234,4
637,c1,c1,0
638,c1,c1,4
639,c1,c234,2
640,c5,c5,0
641,c1,c234,4
642,c5,c5,4
643,c234,c1,2
644,c5,c1,3
645,c234,c1,3
646,c234,c1,4
647,c5,c5,3
648,c1,c1,3
649,c234,c5,2
650,c5,c234,0
651,c1,c1,3
652,c1,c1,3
653,c234,c234,3
654,c234,c5,2
655,c234,c1,2
656,c5,c5,2
657,c234,c1,3
658,c1,c5,3
659,c234,c5,1
660,c5,c5,4
661,c5,c5,2
662,c1,c5,4
663,c5,c5,4
664,c1,c5,4
665,c5,c234,2
666,c234,c1,2
667,c5,c5,4
668,c1,c1,0
669,c5,c5,4
670,c234,c234,1
671,c234,c5,3
672,c234,c234,0
673,c234,c234,1
674,c1,c1,1
675,c5,c1,2
676,c1,c234,4
677,c1,c234,4
678,c5,c1,3
679,c234,c234,4
680,c1,c1,1
681,c1,c5,1
682,c1,c234,3
683,c5,c5,0
684,c234,c1,3
685,c5,c234,0
686,c5,c5,1
687,c234,c234,1
688,c1,c5,2
689,c234,c5,4
690,c5,c1,0
691,c234,c234,3
692,c5,c1,1
693,c234,c234,3
694,c5,c1,4
695,c234,c234,2
696,c234,c5,3
697,c234,c5,2
698,c5,c5,3
699,c5,c234,4
700,c234,c234,2
701,c5,c1,1
702,c234,c1,0
703,c234,c5,0
704,c1,c1,4
705,c1,c234,2
706,c234,c1,1
707,c1,c1,3
708,c5,c234,3
709,c1,c1,1
710,c1,c5,1
711,c5,c5,1
712,c1,c5,0
713,c234,c5,0
714,c5,c1,4
715,c234,c5,0
716,c234,c234,1
717,c5,c1,3
718,c5,c5,1
719,c5,c1,4
720,c1,c1,4
721,c5,c234,4
722,c234,c5,4
723,c234,c234,0
724,c5,c5,1
725,c234,c234,4
726,c5,c5,0
727,c1,c5,0
728,c1,c1,3
729,c1,c234,3
730,c5,c5,3
731,c5,c5,0
732,c1,c1,4
733,c1,c1,0
734,c234,c5,2
735,c234,c5,2
736,c5,c5,0
737,c234,c5,3
738,c5,c1,1
739,c1,c1,3
740,c234,c5,2
741,c5,c1,0
742,c1,c1,4
743,c234,c1,1
744,c5,c5,0
745,c1,c5,2
746,c5,c1,1
747,c1,c234,3
748,c1,c5,1
749,c234,c5,1
750,c5,c5,4
751,c5,c5,3
752,c234,c1,4
753,c1,c1,4
754,c5,c1,2
755,c1,c1,1
756,c234,c5,2
757,c234,c5,0
758,c5,c1,4
759,c1,c234,0
760,c234,c1,0
761,c1,c1,1
762,c1,c5,2
763,c1,c1,2
764,c234,c234,0
765,c1,c1,2
766,c234,c1,2
767,c5,c1,3
768,c1,c234,3
769,c5,c234,1
770,c234,c234,4
771,c5,c5,4
772,c5,c5,4
773,c5,c1,4
774,c1,c234,1
775,c234,c1,0
776,c1,c1,1
777,c5,c234,0
778,c5,c5,0
779,c234,c1,1
780,c5,c5,4
781,c1,c5,4
782,c234,c5,1
783,c5,c234,1
784,c234,c234,0
785,c1,c5,0
786,c234,c5,1
787,c1,c1,2
788,c234,c5,4
789,c234,c234,0
790,c234,c5,0
791,c234,c5,1
792,c234,c5,2
793,c1,c234,4
794,c1,c234,4
795,c5,c5,0
796,c5,c5,4
797,c5,c5,2
798,c1,c1,3
799,c234,c5,4
800,c234,c234,3
801,c234,c1,1
802,c5,c5,0
803,c234,c5,3
804,c5,c5,2
805,c1,c234,2
806,c1,c1,1
807,c5,c5,2
808,c234,c5,2
809,c5,c5,1
810,c5,c5,4
811,c1,c234,4
812,c1,c234,4
813,c5,c234,3
814,c5,c5,4
815,c1,c234,4
816,c5,c234,4
817,c5,c1,2
818,c5,c1,4
819,c5,c234,3
820,c5,c5,4
821,c234,c1,1
822,c1,c234,3
823,c5,c5,3
824,c1,c1,3
825,c234,c1,3
826,c5,c5,2
827,c5,c5,0
828,c234,c1,0
829,c1,c5,2
830,c5,c1,1
831,c234,c5,2
832,c1,c1,2
833,c234,c1,2
834,c234,c5,0
835,c5,c5,4
836,c234,c234,1
837,c234,c1,4
838,c5,c5,2
839,c5,c5,2
840,c5,c1,0
841,c234,c1,1
842,c5,c5,0
843,c5,c234,4
844,c5,c5,0
845,c1,c234,2
846,c234,c1,4
847,c1,c234,1
848,c234,c5,2
849,c5,c5,4
850,c1,c1,4
851,c5,c234,0
852,c1,c1,1
853,c5,c234,0
854,c234,c5,0
855,c234,c1,3
856,c1,c234,0
857,c234,c234,0
858,c1,c234,3
859,c5,c234,1
860,c1,c234,3
861,c1,c234,0
862,c234,c1,3
863,c1,c5,4
864,c1,c1,2
865,c5,c5,4
866,c5,c5,3
867,c5,c5,2
868,c1,c234,1
869,c1,c1,3
870,c1,c234,2
871,c5,c5,4
872,c234,c5,1
873,c5,c5,4
874,c234,c234,1
875,c1,c1,4
876,c5,c234,3
877,c5,c234,3
878,c5,c234,3
879,c234,c1,4
880,c1,c5,2
881,c234,c5,2
882,c1,c234,3
883,c5,c234,0
884,c234,c1,3
885,c5,c5,0
886,c5,c234,2
887,c234,c5,3
888,c1,c1,1
889,c5,c5,1
890,c1,c1,1
891,c5,c5,3
892,c234,c234,2
893,c234,c234,4
894,c1,c234,2
895,c5,c5,1
896,c1,c1,3
897,c1,c5,1
898,c234,c5,4
899,c5,c5,3
900,c5,c1,1
901,c234,c234,3
902,c1,c1,3
903,c5,c5,2
904,c1,c1,2
905,c1,c5,1
906,c5,c5,4
907,c234,c1,0
908,c5,c5,4
909,c5,c1,2
910,c5,c5,3
911,c5,c1,0
912,c5,c5,3
913,c1,c5,4
914,c5,c234,2
915,c1,c234,1
916,c234,c1,3
917,c5,c1,4
918,c1,c1,4
919,c1,c5,2
920,c234,c1,2
921,c234,c1,4
922,c234,c234,2
923,c234,c5,1
924,c234,c1,3
925,c1,c234,1
926,c5,c234,1
927,c5,c1,4
928,c234,c5,3
929,c1,c1,2
930,c1,c1,0
931,c1,c1,1
932,c234,c234,2
933,c234,c5,4
934,c234,c5,2
935,c5,c5,4
936,c5,c5,3
937,c234,c5,1
938,c234,c5,4
939,c1,c234,0
940,c1,c1,2
941,c1,c1,2
942,c1,c1,3
943,c5,c5,0
944,c1,c234,3
945,c5,c234,2
946,c1,c1,1
947,c5,c5,2
948,c234,c234,1
949,c234,c234,4
950,c234,c1,1
951,c234,c5,2
952,c234,c5,1
953,c1,c234,1
954,c1,c234,2
955,c234,c5,3
956,c5,c5,4
957,c1,c1,3
958,c1,c234,1
959,c1,c5,3
960,c5,c1,1
961,c234,c1,1
962,c5,c1,2
963,c234,c1,1
964,c1,c5,2
965,c234,c234,0
966,c1,c1,3
967,c1,c234,0
968,c5,c234,4
969,c5,c234,0
970,c1,c234,0
971,c5,c234,0
972,c1,c234,3
973,c1,c234,2
974,c5,c5,3
975,c1,c1,4
976,c1,c234,3
977,c5,c5,1
978,c234,c234,0
979,c5,c5,3
980,c5,c5,1
981,c5,c1,2
982,c1,c1,2
983,c234,c5,2
984,c1,c1,3
985,c1,c1,1
986,c234,c234,3
987,c1,c5,4
988,c234,c1,2
989,c234,c5,3
990,c234,c234,2
991,c1,c5,2
992,c234,c1,0
993,c234,c1,4
994,c5,c5,1
995,c1,c5,1
996,c234,c5,1
997,c234,c234,3
998,c234,c1,0
999,c5,c5,4
1000,c234,c1,0
1001,c234,c5,1
1002,c1,c5,2
1003,c234,c234,3
1004,c1,c1,0
1005,c234,c1,2
1006,c1,c1,1
1007,c5,c234,1
1008,c1,c1,3
1009,c234,c5,1
1010,c5,c5,4
1011,c234,c1,1
1012,c234,c5,1
1013,c1,c234,3
1014,c5,c5,1
1015,c234,c5,3
1016,c1,c5,1
1017,c5,c234,2
1018,c234,c1,0
1019,c1,c1,1
1020,c1,c234,4
1021,c1,c1,0
1022,c234,c5,3
1023,c234,c1,2
1024,c234,c234,0
1025,c5,c5,2
1026,c5,c1,3
1027,c1,c1,3
1028,c1,c1,0
1029,c1,c1,2
1030,c5,c1,3
1031,c5,c5,0
1032,c1,c1,1
1033,c1,c5,1
1034,c1,c234,0
1035,c234,c1,0
1036,c5,c234,4
1037,c234,c234,1
1038,c1,c5,3
1039,c5,c1,0
1040,c5,c5,2
1041,c5,c5,4
1042,c1,c5,1
1043,c234,c5,3
1044,c1,c5,4
1045,c1,c1,1
1046,c234,c1,0
1047,c234,c5,0
1048,c5,c1,4
1049,c1,c234,3
1050,c1,c234,4
1051,c5,c234,1
1052,c234,c1,3
1053,c1,c5,1
1054,c5,c234,2
1055,c234,c1,4
1056,c1,c1,3
1057,c234,c1,0
1058,c234,c5,4
1059,c5,c234,4
1060,c234,c234,4
1061,c5,c5,0
1062,c5,c1,0
1063,c234,c5,2
1064,c1,c234,0
1065,c5,c1,4
1066,c234,c5,3
1067,c234,c234,0
1068,c5,c5,3
1069,c234,c1,0
1070,c1,c1,2
1071,c5,c234,4
1072,c1,c1,0
1073,c1,c1,4
1074,c1,c1,3
1075,c234,c1,0
1076,c1,c1,1
1077,c5,c1,0
1078,c1,c234,3
1079,c5,c1,3
1080,c5,c234,4
1081,c234,c1,1
1082,c1,c234,1
1083,c1,c5,0
1084,c1,c1,2
1085,c234,c1,4
1086,c1,c234,4
1087,c234,c234,4
1088,c234,c234,1
1089,c1,c1,1
1090,c1,c1,0
1091,c5,c234,3
1092,c234,c234,3
1093,c5,c1,1
1094,c1,c1,2
1095,c1,c234,3
1096,c5,c5,4
1097,c5,c234,2
1098,c234,c5,0
1099,c234,c1,4
1100,c234,c5,3
1101,c5,c5,3
1102,c234,c234,3
1103,c1,c234,0
1104,c5,c5,0
1105,c5,c5,1
1106,c234,c5,2
1107,c234,c5,3
1108,c234,c5,2
1109,c234,c5,4
1110,c1,c234,1
1111,c234,c234,0
1112,c5,c1,1
1113,c234,c5,3
1114,c1,c5,1
1115,c1,c5,3
1116,c234,c1,0
1117,c5,c5,0
1118,c1,c1,2
1119,c1,c1,0
1120,c234,c5,4
1121,c234,c234,2
1122,c234,c1,2
1123,c234,c1,2
1124,c234,c234,0
1125,c1,c5,2
1126,c5,c5,4
1127,c5,c234,4
1128,c234,c5,2
1129,c234,c1,3
1130,c1,c1,4
1131,c1,c1,0
1132,c1,c1,1
1133,c234,c234,0
1134,c5,c5,1
1135,c234,c234,0
1136,c1,c234,3
1137,c234,c5,0
1138,c234,c234,0
1139,c5,c5,2
1140,c5,c5,4
1141,c1,c5,2
1142,c5,c1,4
1143,c1,c1,4
1144,c5,c5,3
1145,c234,c1,0
1146,c1,c234,0
1147,c234,c234,0
1148,c1,c234,3
1149,c1,c1,1
1150,c1,c1,2
1151,c234,c234,2
1152,c5,c1,3
1153,c5,c1,3
1154,c1,c234,2
1155,c5,c234,4
1156,c234,c234,3
1157,c234,c5,4
1158,c234,c1,1
1159,c234,c234,4
1160,c5,c5,0
1161,c234,c234,4
1162,c5,c234,4
1163,c234,c1,1
1164,c5,c234,3
1165,c234,c5,4
1166,c5,c1,1
1167,c1,c1,3
1168,c234,c5,1
1169,c5,c1,2
1170,c5,c234,3
1171,c5,c1,2
1172,c5,c5,4
1173,c234,c234,1
1174,c1,c1,3
1175,c5,c5,0
1176,c234,c234,0
1177,c1,c1,3
1178,c5,c1,3
1179,c5,c234,0
1180,c5,c5,4
1181,c234,c5,3
1182,c234,c5,3
1183,c5,c234,0
1184,c234,c5,4
1185,c234,c234,1
1186,c5,c5,0
1187,c1,c234,1
1188,c234,c1,2
1189,c1,c5,1
1190,c234,c1,0
1191,c5,c5,3
1192,c1,c1,0
1193,c1,c1,1
1194,c234,c5,1
1195,c234,c1,0
1196,c5,c1,0
1197,c5,c1,0
1198,c1,c1,4
1199,c5,c5,4
1200,c5,c234,1
1201,c234,c234,0
1202,c234,c5,1
1203,c234,c5,0
1204,c234,c234,3
1205,c1,c1,2
1206,c234,c5,3
1207,c5,c1,4
1208,c5,c5,3
1209,c5,c5,0
1210,c5,c1,3
1211,c5,c5,2
1212,c1,c1,3
1213,c234,c5,2
1214,c5,c5,0
1215,c1,c234,3
1216,c234,c1,0
1217,c1,c1,2
1218,c5,c1,1
1219,c234,c234,3
1220,c5,c234,4
1221,c1,c5,3
1222,c1,c1,0
1223,c234,c1,0
1224,c234,c5,4
1225,c1,c1,2
1226,c5,c234,1
1227,c5,c1,2
1228,c234,c234,4
1229,c234,c234,3
1230,c5,c234,3
1231,c5,c5,0
1232,c5,c5,3
1233,c1,c5,2
1234,c5,c1,4
1235,c5,c1,3
1236,c5,c5,2
1237,c234,c5,2
1238,c1,c234,0
1239,c5,c1,1
1240,c1,c234,4
1241,c5,c1,3
1242,c5,c1,0
1243,c234,c5,0
1244,c5,c5,3
1245,c5,c234,2
1246,c5,c234,0
1247,c5,c234,1
1248,c1,c1,4
1249,c1,c234,1
1250,c234,c234,4
1251,c5,c1,3
1252,c234,c5,1
1253,c234,c234,0
1254,c5,c5,1
1255,c234,c234,1
1256,c234,c1,2
1257,c1,c234,4
1258,c234,c1,2
1259,c234,c1,2
1260,c234,c5,2
1261,c5,c234,4
1262,c5,c1,3
1263,c5,c234,1
1264,c1,c1,4
1265,c234,c234,2
1266,c234,c234,3
1267,c5,c5,0
1268,c5,c234,2
1269,c5,c5,0
1270,c234,c234,4
1271,c5,c5,4
1272,c5,c1,2
1273,c1,c1,4
1274,c5,c5,4
1275,c234,c1,0
1276,c1,c1,0
1277,c234,c5,0
1278,c5,c5,1
1279,c234,c234,2
1280,c1,c234,3
1281,c1,c234,2
1282,c5,c5,2
1283,c234,c1,2
1284,c1,c234,2
1285,c5,c1,1
1286,c234,c234,4
1287,c1,c5,1
1288,c1,c5,3
1289,c234,c5,2
1290,c234,c5,1
1291,c5,c5,2
1292,c1,c5,3
1293,c234,c234,2
1294,c234,c234,3
1295,c5,c234,2
1296,c1,c234,2
1297,c234,c5,3
1298,c5,c5,3
1299,c1,c234,1
1300,c234,c234,2
1301,c5,c234,1
1302,c5,c5,1
1303,c234,c5,1
1304,c1,c234,0
1305,c1,c234,0
1306,c234,c5,1
1307,c1,c1,1
1308,c234,c234,4
1309,c234,c5,1
1310,c1,c234,0
1311,c1,c1,4
1312,c5,c234,0
1313,c234,c5,1
1314,c5,c5,4
1315,c234,c5,4
1316,c1,c1,1
1317,c1,c1,4
1318,c1,c234,3
1319,c1,c1,4
1320,c234,c1,4
1321,c5,c234,4
1322,c5,c5,0
1323,c5,c1,0
1324,c234,c5,3
1325,c1,c234,2
1326,c234,c234,1
1327,c1,c1,3
1328,c5,c5,2
1329,c5,c1,3
1330,c5,c234,2
1331,c1,c234,1
1332,c234,c1,0
1333,c5,c5,0
1334,c5,c1,0
1335,c1,c1,2
1336,c1,c1,2
1337,c5,c5,3
1338,c234,c1,4
1339,c1,c234,3
1340,c5,c5,2
1341,c1,c1,0
1342,c234,c5,0
1343,c234,c1,3
1344,c234,c234,2
1345,c5,c5,4
1346,c5,c1,0
1347,c234,c234,3
1348,c5,c1,3
1349,c5,c234,1
1350,c5,c5,2
1351,c1,c1,1
1352,c5,c5,3
1353,c234,c234,3
1354,c5,c5,2
1355,c234,c5,3
1356,c234,c5,0
1357,c234,c1,2
1358,c1,c5,2
1359,c5,c5,2
1360,c5,c5,0
1361,c5,c1,2
1362,c1,c1,4
1363,c1,c5,0
1364,c1,c234,1
1365,c1,c234,0
1366,c5,c5,4
1367,c234,c5,0
1368,c1,c1,3
1369,c1,c234,1
1370,c1,c5,0
1371,c5,c1,4
1372,c5,c234,2
1373,c5,c1,4
1374,c234,c1,2
1375,c1,c1,4
1376,c1,c1,4
1377,c234,c5,4
1378,c5,c5,2
1379,c1,c5,1
1380,c1,c234,1
1381,c234,c234,2
1382,c1,c1,3
1383,c234,c1,1
1384,c1,c234,0
1385,c234,c234,3
1386,c5,c5,4
1387,c5,c5,4
1388,c234,c234,1
1389,c234,c5,2
1390,c1,c1,0
1391,c1,c5,4
1392,c234,c234,3
1393,c234,c234,3
1394,c234,c1,4
1395,c1,c5,4
1396,c1,c1,2
1397,c234,c1,1
1398,c234,c234,3
1399,c5,c5,4
1400,c5,c5,4
1401,c234,c1,0
1402,c5,c5,0
1403,c5,c234,4
1404,c5,c5,1
1405,c1,c1,4
1406,c1,c1,4
1407,c1,c5,2
1408,c5,c5,4
1409,c5,c1,1
1410,c234,c5,1
1411,c234,c1,4
1412,c5,c5,3
1413,c5,c5,1
1414,c5,c5,3
1415,c1,c5,4
1416,c5,c234,1
1417,c5,c5,4
1418,c234,c5,2
1419,c1,c234,3
1420,c5,c5,0
1421,c5,c234,4
1422,c1,c234,1
1423,c234,c5,0
1424,c5,c234,2
1425,c234,c5,0
1426,c5,c234,0
1427,c5,c234,3
1428,c1,c1,1
1429,c234,c234,1
1430,c5,c1,0
1431,c5,c5,3
1432,c234,c1,0
1433,c5,c5,2
1434,c1,c1,1
1435,c5,c1,2
1436,c234,c5,4
1437,c1,c234,2
1438,c1,c234,4
1439,c234,c5,4
1440,c5,c1,3
1441,c5,c234,1
1442,c5,c5,3
1443,c5,c1,3
1444,c234,c1,4
1445,c5,c5,3
1446,c5,c1,2
1447,c5,c234,0
1448,c5,c234,2
1449,c5,c234,2
1450,c1,c1,1
1451,c1,c234,2
1452,c5,c5,3
1453,c234,c5,4
1454,c1,c5,4
1455,c234,c234,2
1456,c1,c5,2
1457,c234,c5,1
1458,c234,c1,3
1459,c234,c234,4
1460,c234,c234,2
1461,c234,c5,3
1462,c5,c5,2
1463,c234,c234,2
1464,c1,c234,2
1465,c234,c5,3
1466,c1,c1,0
1467,c5,c1,0
1468,c1,c1,0
1469,c5,c1,2
1470,c1,c1,4
1471,c1,c1,3
1472,c5,c234,0
1473,c5,c234,1
1474,c234,c1,1
1475,c1,c234,4
1476,c1,c5,3
1477,c234,c5,0
1478,c234,c1,2
1479,c1,c1,4
1480,c1,c1,3
1481,c234,c5,0
1482,c1,c1,3
1483,c1,c1,3
1484,c1,c5,2
1485,c234,c1,1
1486,c5,c5,0
1487,c5,c234,3
1488,c234,c5,4
1489,c5,c5,2
1490,c1,c5,3
1491,c1,c1,0
1492,c234,c234,2
1493,c5,c5,1
1494,c5,c5,1
1495,c1,c1,2
1496,c234,c234,0
1497,c5,c5,4
1498,c5,c5,2
1499,c234,c234,2
1500,c234,c234,1
1501,c5,c5,1
1502,c234,c1,3
1503,c234,c234,4
1504,c234,c1,4
1505,c1,c234,3
1506,c5,c5,0
1507,c1,c1,1
1508,c5,c5,4
1509,c5,c234,3
1510,c5,c234,1
1511,c234,c234,0
1512,c1,c5,4
1513,c1,c5,0
1514,c5,c5,1
1515,c1,c5,3
1516,c5,c234,0
1517,c5,c5,3
1518,c1,c234,1
1519,c5,c1,1
1520,c5,c5,2
1521,c5,c1,1
1522,c234,c234,0
1523,c5,c1,3
1524,c5,c5,0
1525,c5,c5,3
1526,c234,c1,3
1527,c1,c1,1
1528,c1,c5,3
1529,c5,c1,1
1530,c5,c234,3
1531,c234,c234,0
1532,c234,c1,2
1533,c5,c1,2
1534,c1,c234,4
1535,c1,c1,1
1536,c5,c5,4
1537,c1,c1,3
1538,c1,c1,3
1539,c1,c234,0
1540,c1,c234,0
1541,c1,c1,4
1542,c5,c5,4
1543,c1,c234,1
1544,c5,c5,4
1545,c1,c1,1
1546,c5,c5,2
1547,c5,c5,1
1548,c1,c1,2
1549,c5,c234,4
1550,c234,c234,0
1551,c234,c5,0
1552,c1,c234,0
1553,c1,c1,2
1554,c234,c1,3
1555,c5,c5,0
1556,c1,c5,0
1557,c5,c5,2
1558,c234,c1,4
1559,c5,c5,4
1560,c234,c234,4
1561,c5,c5,3
1562,c5,c5,0
1563,c1,c234,3
1564,c5,c5,2
1565,c5,c234,0
1566,c5,c5,1
1567,c1,c234,3
1568,c234,c5,2
1569,c5,c234,3
1570,c5,c5,2
1571,c5,c234,0
1572,c5,c5,0
1573,c5,c234,2
1574,c5,c1,0
1575,c5,c234,4
1576,c234,c1,1
1577,c5,c5,3
1578,c1,c5,1
1579,c1,c234,0
1580,c5,c5,0
1581,c5,c5,3
1582,c5,c5,3
1583,c1,c5,0
1584,c234,c5,2
1585,c234,c5,3
1586,c5,c234,1
1587,c234,c5,4
1588,c5,c5,3
1589,c1,c1,0
1590,c234,c234,1
1591,c5,c5,0
1592,c234,c5,1
1593,c234,c5,4
1594,c234,c5,1
1595,c234,c234,1
1596,c234,c234,2
1597,c234,c5,3
1598,c5,c234,4
1599,c5,c5,4
1600,c5,c5,4
1601,c5,c234,3
1602,c234,c234,4
1603,c234,c234,1
1604,c1,c1,2
1605,c5,c5,2
1606,c1,c5,4
1607,c234,c5,4
1608,c1,c1,1
1609,c5,c5,3
1610,c1,c1,1
1611,c5,c5,3
1612,c1,c5,0
1613,c1,c1,1
1614,c234,c1,2
1615,c1,c234,3
1616,c234,c5,3
1617,c1,c1,2
1618,c234,c234,1
1619,c5,c5,3
1620,c234,c5,1
1621,c234,c1,4
1622,c5,c5,3
1623,c1,c234,4
1624,c1,c1,0
1625,c5,c5,0
1626,c5,c5,4
1627,c5,c1,3
1628,c5,c5,1
1629,c234,c5,2
1630,c5,c1,1
1631,c1,c1,1
1632,c234,c1,0
1633,c5,c5,1
1634,c5,c5,1
1635,c234,c5,4
1636,c5,c1,2
1637,c5,c5,2
1638,c5,c5,4
1639,c1,c1,2
1640,c234,c5,4
1641,c5,c5,1
1642,c234,c1,2
1643,c234,c1,4
1644,c1,c1,1
1645,c5,c5,2
1646,c5,c5,2
1647,c5,c234,0
1648,c1,c5,0
1649,c1,c234,2
1650,c5,c5,1
1651,c1,c1,4
1652,c234,c234,2
1653,c234,c5,2
1654,c5,c5,2
1655,c5,c1,1
1656,c5,c5,0
1657,c234,c1,1
1658,c234,c1,4
1659,c1,c234,0
1660,c1,c1,0
1661,c234,c1,4
1662,c5,c234,4
1663,c234,c5,4
1664,c5,c234,0
1665,c234,c5,0
1666,c5,c5,3
1667,c1,c5,2
1668,c234,c5,3
1669,c234,c5,3
1670,c1,c234,0
1671,c1,c5,0
1672,c5,c234,4
1673,c234,c5,0
1674,c1,c5,4
1675,c5,c5,4
1676,c1,c234,4
1677,c234,c5,1
1678,c234,c5,3
1679,c234,c234,1
1680,c5,c1,2
1681,c234,c1,2
1682,c5,c5,4
1683,c234,c234,3
1684,c1,c5,4
1685,c1,c1,3
1686,c1,c234,2
1687,c234,c234,3
1688,c1,c234,2
1689,c1,c234,0
1690,c5,c234,2
1691,c1,c234,2
1692,c5,c5,4
1693,c234,c1,1
1694,c1,c5,0
1695,c234,c234,3
1696,c5,c234,0
1697,c5,c5,3
1698,c234,c1,2
1699,c234,c5,3
1700,c1,c234,0
1701,c5,c5,0
1702,c234,c234,0
1703,c234,c1,0
1704,c5,c5,2
1705,c1,c234,0
1706,c234,c234,0
1707,c5,c234,1
1708,c1,c1,4
1709,c1,c5,1
1710,c234,c5,3
1711,c5,c234,1
1712,c234,c5,0
1713,c234,c5,3
1714,c5,c1,3
1715,c1,c5,0
1716,c5,c5,0
1717,c5,c5,3
1718,c234,c1,4
1719,c5,c5,0
1720,c1,c5,3
1721,c234,c234,1
1722,c1,c1,0
1723,c234,c234,4
1724,c5,c234,0
1725,c234,c234,3
1726,c234,c5,4
1727,c234,c1,2
1728,c234,c234,2
1729,c5,c5,3
1730,c234,c5,0
1731,c234,c1,1
1732,c5,c5,1
1733,c234,c234,3
1734,c1,c1,4
1735,c1,c1,4
1736,c1,c5,2
1737,c1,c1,2
1738,c234,c234,1
1739,c5,c1,1
1740,c1,c1,2
1741,c234,c5,4
1742,c5,c234,2
1743,c234,c234,1
1744,c234,c234,4
1745,c234,c1,1
1746,c234,c1,4
1747,c234,c234,4
1748,c234,c234,3
1749,c5,c5,0
1750,c5,c5,1
1751,c234,c1,2
1752,c5,c234,3
1753,c1,c234,1
1754,c5,c234,3
1755,c234,c1,2
1756,c234,c234,1
1757,c1,c1,1
1758,c1,c234,1
1759,c234,c1,4
1760,c234,c1,0
1761,c234,c234,2
1762,c1,c1,4
1763,c234,c5,0
1764,c5,c1,0
1765,c5,c234,1
1766,c5,c5,0
1767,c1,c1,2
1768,c1,c1,1
1769,c5,c234,0
1770,c234,c1,3
1771,c5,c234,3
1772,c5,c5,2
1773,c5,c5,3
1774,c234,c234,2
1775,c234,c5,3
1776,c5,c5,1
1777,c234,c1,0
1778,c5,c5,4
1779,c5,c5,0
1780,c1,c1,3
1781,c234,c1,2
1782,c5,c1,3
1783,c1,c1,2
1784,c5,c1,0
1785,c5,c5,2
1786,c1,c5,1
1787,c1,c5,4
1788,c5,c234,2
1789,c5,c5,4
1790,c234,c1,4
1791,c5,c5,4
1792,c234,c1,2
1793,c1,c1,2
1794,c1,c1,4
1795,c1,c1,1
1796,c5,c1,2
1797,c234,c5,4
1798,c1,c1,2
1799,c5,c234,2
1800,c5,c5,0
1801,c234,c1,0
1802,c5,c5,3
1803,c5,c5,3
1804,c234,c234,0
1805,c1,c234,0
1806,c5,c5,2
1807,c5,c234,4
1808,c5,c5,4
1809,c5,c1,2
1810,c5,c234,4
1811,c5,c5,0
1812,c1,c5,1
1813,c234,c5,0
1814,c5,c5,4
1815,c5,c234,4
1816,c234,c1,2
1817,c5,c1,2
1818,c234,c5,3
1819,c5,c1,2
1820,c5,c234,1
1821,c1,c234,2
1822,c5,c5,1
1823,c5,c234,2
1824,c1,c1,4
1825,c5,c5,4
1826,c234,c5,3
1827,c234,c5,4
1828,c1,c1,2
1829,c1,c1,1
1830,c234,c234,4
1831,c5,c234,1
1832,c1,c234,3
1833,c234,c5,0
1834,c234,c234,2
1835,c1,c1,0
1836,c234,c5,4
1837,c234,c234,0
1838,c234,c1,3
1839,c234,c234,2
1840,c1,c1,4
1841,c5,c234,0
1842,c234,c5,2
1843,c234,c234,0
1844,c1,c5,3
1845,c1,c234,1
1846,c5,c5,1
1847,c1,c1,0
1848,c234,c234,3
1849,c234,c5,1
1850,c1,c5,3
1851,c234,c5,2
1852,c1,c1,3
1853,c234,c5,4
1854,c1,c5,2
1855,c234,c5,2
1856,c234,c234,4
1857,c234,c5,3
1858,c1,c1,4
1859,c1,c1,3
1860,c234,c234,3
1861,c234,c234,4
1862,c1,c1,0
1863,c234,c5,2
1864,c5,c234,3
1865,c1,c234,2
1866,c234,c1,4
1867,c1,c234,0
1868,c234,c5,4
1869,c1,c1,1
1870,c1,c234,3
1871,c234,c1,4
1872,c234,c5,3
1873,c1,c5,0
1874,c234,c234,2
1875,c234,c234,3
1876,c5,c5,0
1877,c1,c234,3
1878,c5,c1,2
1879,c5,c234,3
1880,c234,c5,0
1881,c234,c5,3
1882,c5,c234,1
1883,c5,c234,3
1884,c1,c1,0
1885,c5,c1,3
1886,c1,c234,3
1887,c234,c234,4
1888,c234,c5,3
1889,c1,c1,2
1890,c234,c234,0
1891,c5,c5,0
1892,c1,c5,0
1893,c5,c1,0
1894,c1,c1,1
1895,c5,c5,3
1896,c5,c234,1
1897,c1,c1,2
1898,c1,c5,0
1899,c5,c5,4
1900,c234,c5,0
1901,c5,c5,1
1902,c234,c1,4
1903,c234,c5,1
1904,c1,c1,2
1905,c1,c1,2
1906,c234,c234,4
1907,c1,c1,3
1908,c234,c5,2
1909,c234,c1,4
1910,c234,c5,3
1911,c234,c5,3
1912,c234,c234,2
1913,c5,c1,4
1914,c5,c234,4
1915,c1,c1,4
1916,c234,c5,3
1917,c234,c5,0
1918,c234,c5,2
1919,c1,c234,0
1920,c1,c234,0
1921,c1,c5,2
1922,c5,c234,3
1923,c5,c5,4
1924,c1,c1,0
1925,c234,c1,2
1926,c234,c5,3
1927,c234,c1,0
1928,c234,c1,2
1929,c234,c234,1
1930,c234,c234,1
1931,c1,c5,3
1932,c234,c234,0
1933,c1,c1,2
1934,c234,c1,4
1935,c5,c5,0
1936,c1,c1,3
1937,c234,c1,4
1938,c1,c234,4
1939,c1,c1,3
1940,c1,c5,2
1941,c1,c1,4
1942,c5,c5,0
1943,c1,c1,1
1944,c1,c234,3
1945,c5,c234,2
1946,c234,c5,3
1947,c5,c5,1
1948,c5,c234,1
1949,c234,c234,0
1950,c5,c5,2
1951,c234,c234,4
1952,c5,c5,2
1953,c234,c1,3
1954,c1,c5,1
1955,c1,c234,4
1956,c5,c5,1
1957,c1,c1,1
1958,c234,c1,3
1959,c234,c5,4
1960,c234,c234,4
1961,c5,c234,1
1962,c234,c5,0
1963,c5,c5,3
1964,c5,c5,0
1965,c5,c5,3
1966,c5,c234,2
1967,c1,c1,4
1968,c5,c5,1
1969,c5,c1,0
1970,c234,c234,0
1971,c234,c1,4
1972,c1,c5,4
1973,c1,c234,4
1974,c1,c234,1
1975,c234,c234,3
1976,c234,c1,4
1977,c1,c234,2
1978,c5,c234,2
1979,c234,c5,0
1980,c234,c5,3
1981,c1,c5,1
1982,c5,c5,0
1983,c234,c234,1
1984,c234,c1,2
1985,c1,c1,0
1986,c234,c1,4
1987,c234,c1,4
1988,c1,c234,3
1989,c1,c234,4
1990,c234,c1,0
1991,c5,c1,0
1992,c1,c234,0
1993,c1,c5,3
1994,c5,c234,0
1995,c5,c5,3
1996,c5,c1,3
1997,c234,c234,0
1998,c5,c234,0
1999,c234,c234,4
2000,c1,c1,4
2001,c5,c1,1
2002,c1,c1,4
2003,c1,c1,4
2004,c5,c1,3
2005,c5,c5,2
2006,c5,c1,3
2007,c1,c5,1
2008,c234,c234,2
2009,c234,c234,0
2010,c234,c5,3
2011,c5,c5,0
2012,c1,c1,3
2013,c5,c5,0
2014,c1,c1,0
2015,c234,c234,1
2016,c1,c234,1
2017,c5,c5,3
2018,c234,c234,4
2019,c1,c1,0
2020,c5,c234,2
2021,c234,c234,3
2022,c5,c5,0
2023,c5,c234,3
2024,c234,c234,1
2025,c234,c1,3
2026,c5,c5,3
2027,c1,c1,0
2028,c234,c1,4
2029,c234,c234,4
2030,c5,c5,2
2031,c1,c234,3
2032,c1,c1,1
2033,c1,c234,0
2034,c1,c234,4
2035,c5,c5,0
2036,c1,c1,3
2037,c5,c1,4
2038,c5,c1,0
2039,c234,c5,4
2040,c5,c5,2
2041,c1,c1,4
2042,c1,c1,1
2043,c5,c1,2
2044,c5,c234,1
2045,c234,c1,4
2046,c234,c234,1
2047,c234,c5,3
2048,c5,c5,1
2049,c234,c1,2
2050,c234,c5,4
2051,c5,c234,2
2052,c1,c1,1
2053,c5,c5,2
2054,c234,c234,1
2055,c5,c234,2
2056,c1,c234,1
2057,c1,c1,4
2058,c234,c234,3
2059,c234,c234,1
2060,c5,c5,2
2061,c1,c1,3
2062,c5,c234,2
2063,c234,c5,0
2064,c5,c5,1
2065,c234,c234,0
2066,c5,c5,3
2067,c1,c5,2
2068,c1,c1,0
2069,c1,c234,3
2070,c5,c5,2
2071,c5,c5,2
2072,c1,c5,4
2073,c234,c234,2
2074,c234,c234,1
2075,c5,c234,1
2076,c1,c1,4
2077,c5,c5,2
2078,c1,c5,4
2079,c1,c234,2
2080,c5,c5,1
2081,c1,c1,1
2082,c5,c5,4
2083,c5,c234,4
2084,c234,c1,0
2085,c5,c5,2
2086,c5,c1,0
2087,c5,c1,0
2088,c5,c5,0
2089,c234,c5,2
2090,c234,c234,0
2091,c234,c5,0
2092,c5,c234,0
2093,c1,c1,1
2094,c1,c1,4
2095,c1,c234,0
2096,c1,c1,3
2097,c5,c1,4
2098,c234,c234,4
2099,c1,c234,0
2100,c1,c1,2
2101,c5,c5,3
2102,c1,c1,4
2103,c1,c5,4
2104,c5,c5,4
2105,c1,c1,0
2106,c5,c5,3
2107,c1,c5,4
2108,c234,c1,3
2109,c234,c5,4
2110,c1,c5,4
2111,c234,c234,0
2112,c1,c234,3
2113,c1,c1,2
2114,c1,c1,3
2115,c1,c1,4
2116,c1,c1,4
2117,c234,c1,4
2118,c5,c5,0
2119,c234,c234,4
2120,c5,c234,4
2121,c1,c1,2
2122,c5,c234,1
2123,c234,c1,3
2124,c234,c234,2
2125,c1,c5,2
2126,c1,c1,3
2127,c5,c234,3
2128,c5,c5,4
2129,c234,c1,1
2130,c1,c1,0
2131,c1,c5,3
2132,c234,c5,2
2133,c234,c5,2
2134,c1,c234,2
2135,c5,c5,2
2136,c1,c1,2
2137,c5,c5,0
2138,c5,c5,4
2139,c5,c234,0
2140,c234,c234,2
2141,c1,c1,0
2142,c5,c5,4
2143,c5,c5,0
2144,c1,c1,3
2145,c234,c5,2
2146,c234,c234,0
2147,c234,c1,3
2148,c5,c5,3
2149,c234,c234,4
2150,c234,c234,0
2151,c5,c234,3
2152,c1,c1,0
2153,c1,c1,0
2154,c5,c5,2
2155,c1,c1,3
2156,c234,c5,1
2157,c1,c234,0
2158,c234,c234,4
2159,c1,c1,0
2160,c234,c234,1
2161,c5,c1,4
2162,c1,c5,4
2163,c234,c5,1
2164,c1,c5,0
2165,c1,c5,3
2166,c1,c234,1
2167,c5,c5,1
2168,c234,c1,4
2169,c234,c234,2
2170,c5,c5,0
2171,c234,c5,0
2172,c234,c234,3
2173,c234,c234,4
2174,c1,c1,3
2175,c5,c234,3
2176,c234,c234,3
2177,c5,c234,2
2178,c1,c1,3
2179,c5,c5,4
2180,c234,c234,0
2181,c1,c1,1
2182,c234,c5,0
2183,c234,c234,2
2184,c234,c234,1
2185,c5,c1,2
2186,c5,c234,1
2187,c5,c5,2
2188,c234,c5,4
2189,c5,c5,3
2190,c5,c5,4
2191,c234,c1,2
2192,c5,c5,1
2193,c5,c234,1
2194,c5,c1,4
2195,c5,c234,2
2196,c1,c234,1
2197,c1,c1,2
2198,c5,c5,3
2199,c5,c1,3
2200,c5,c5,2
2201,c1,c1,3
2202,c1,c5,3
2203,c234,c1,4
2204,c1,c5,2
2205,c234,c234,1
2206,c234,c234,3
2207,c5,c5,0
2208,c5,c5,1
2209,c1,c5,3
2210,c234,c234,3
2211,c234,c234,2
2212,c1,c234,3
2213,c5,c1,4
2214,c234,c1,4
2215,c5,c5,0
2216,c234,c234,4
2217,c1,c234,0
2218,c1,c1,0
2219,c1,c5,2
2220,c5,c5,2
2221,c5,c1,3
2222,c5,c234,0
2223,c234,c1,0
2224,c5,c5,4
2225,c234,c1,0
2226,c1,c1,1
2227,c234,c234,0
2228,c1,c234,1
2229,c5,c5,3
2230,c5,c5,1
2231,c1,c234,1
2232,c234,c5,4
2233,c5,c1,4
2234,c5,c5,4
2235,c234,c5,3
2236,c234,c234,0
2237,c1,c1,4
2238,c5,c234,1
2239,c234,c234,3
2240,c234,c1,1
2241,c5,c5,3
2242,c5,c5,2
2243,c1,c234,3
2244,c1,c234,0
2245,c234,c234,0
2246,c1,c1,4
2247,c234,c234,2
2248,c1,c234,0
2249,c5,c234,0
2250,c1,c1,4
2251,c5,c1,2
2252,c234,c234,3
2253,c1,c1,0
2254,c234,c234,2
2255,c234,c1,1
2256,c5,c234,2
2257,c1,c234,3
2258,c5,c234,2
2259,c5,c234,2
2260,c1,c1,2
2261,c1,c5,4
2262,c234,c1,0
2263,c1,c1,3
2264,c1,c1,4
2265,c5,c5,4
2266,c234,c5,0
2267,c234,c1,0
2268,c1,c1,3
2269,c234,c234,4
2270,c1,c234,0
2271,c5,c5,4
2272,c234,c234,2
2273,c1,c1,1
2274,c5,c234,3
2275,c5,c5,0
2276,c234,c234,4
2277,c234,c5,2
2278,c5,c1,2
2279,c1,c1,1
2280,c234,c234,1
2281,c1,c234,1
2282,c234,c5,2
2283,c1,c234,0
2284,c1,c1,3
2285,c234,c1,0
2286,c1,c1,3
2287,c5,c234,4
2288,c1,c5,2
2289,c234,c5,0
2290,c234,c1,3
2291,c234,c234,4
2292,c5,c234,3
2293,c234,c5,1
2294,c234,c5,3
2295,c234,c5,1
2296,c1,c5,0
2297,c5,c5,1
2298,c234,c234,3
2299,c234,c1,1
2300,c5,c5,0
2301,c1,c1,2
2302,c1,c1,2
2303,c1,c5,1
2304,c1,c1,4
2305,c5,c5,2
2306,c1,c5,1
2307,c5,c1,1
2308,c234,c5,4
2309,c234,c1,1
2310,c1,c5,1
2311,c5,c5,4
2312,c234,c5,4
2313,c5,c1,0
2314,c5,c234,1
2315,c5,c234,2
2316,c5,c5,4
2317,c234,c1,0
2318,c1,c1,2
2319,c5,c234,1
2320,c234,c234,0
2321,c1,c234,4
2322,c234,c1,4
2323,c234,c5,4
2324,c5,c234,1
2325,c5,c1,2
2326,c234,c5,1
2327,c234,c5,2
2328,c234,c1,0
2329,c234,c5,3
2330,c1,c5,0
2331,c234,c1,1
2332,c5,c5,1
2333,c1,c1,2
2334,c5,c234,3
2335,c1,c1,0
2336,c234,c234,3
2337,c234,c5,1
2338,c5,c5,2
2339,c234,c5,2
2340,c5,c5,1
2341,c1,c5,2
2342,c234,c1,1
2343,c1,c5,3
2344,c1,c1,1
2345,c1,c1,1
2346,c234,c1,2
2347,c234,c234,1
2348,c1,c234,2
2349,c5,c5,4
2350,c5,c5,3
2351,c234,c234,3
2352,c5,c5,3
2353,c5,c234,0
2354,c5,c234,4
2355,c5,c5,3
2356,c5,c1,2
2357,c5,c5,2
2358,c1,c1,3
2359,c234,c1,1
2360,c1,c5,4
2361,c1,c1,4
2362,c1,c1,3
2363,c1,c1,4
2364,c1,c5,0
2365,c234,c1,4
2366,c1,c1,4
2367,c234,c1,3
2368,c5,c5,3
2369,c5,c5,0
2370,c5,c234,3
2371,c234,c234,3
2372,c1,c1,4
2373,c5,c5,3
2374,c1,c5,0
2375,c1,c1,0
2376,c1,c1,3
2377,c5,c1,2
2378,c1,c1,1
2379,c234,c234,4
2380,c234,c1,2
2381,c1,c5,0
2382,c234,c234,4
2383,c1,c5,3
2384,c1,c234,4
2385,c5,c234,4
2386,c234,c5,2
2387,c5,c5,1
2388,c5,c1,4
2389,c234,c1,1
2390,c234,c234,2
2391,c1,c5,4
2392,c234,c5,4
2393,c1,c234,3
2394,c234,c1,3
2395,c234,c1,4
2396,c1,c5,1
2397,c5,c5,4
2398,c5,c1,3
2399,c234,c5,4
2400,c5,c234,0
2401,c5,c5,1
2402,c5,c234,2
2403,c5,c5,0
2404,c1,c5,2
2405,c5,c234,0
2406,c1,c234,4
2407,c234,c5,1
2408,c5,c1,3
2409,c234,c1,4
2410,c1,c1,0
2411,c1,c1,0
2412,c234,c5,2
2413,c5,c5,4
2414,c5,c5,2
2415,c5,c234,4
2416,c1,c1,1
2417,c1,c5,1
2418,c1,c234,1
2419,c1,c234,3
2420,c5,c1,2
2421,c234,c5,3
2422,c5,c234,3
2423,c5,c1,4
2424,c5,c234,1
2425,c234,c234,1
2426,c5,c234,2
2427,c1,c5,1
2428,c5,c5,3
2429,c5,c234,0
2430,c1,c234,3
2431,c5,c5,0
2432,c1,c1,4
2433,c1,c5,1
2434,c5,c1,0
2435,c5,c5,0
2436,c234,c234,2
2437,c1,c1,2
2438,c5,c5,3
2439,c234,c5,3
2440,c234,c1,2
2441,c234,c234,1
2442,c234,c5,4
2443,c234,c5,0
2444,c1,c5,3
2445,c234,c234,2
2446,c1,c234,4
2447,c1,c1,0
2448,c234,c1,2
2449,c5,c5,0
2450,c5,c234,2
2451,c1,c234,4
2452,c234,c234,0
2453,c234,c234,1
2454,c234,c234,3
2455,c5,c5,0
2456,c5,c5,3
2457,c5,c1,2
2458,c5,c1,1
2459,c1,c234,3
2460,c234,c234,0
2461,c234,c5,1
2462,c234,c1,1
2463,c234,c1,1
2464,c5,c1,4
2465,c234,c234,4
2466,c5,c1,0
2467,c5,c1,2
2468,c1,c5,3
2469,c5,c5,4
2470,c1,c5,4
2471,c5,c234,4
2472,c5,c5,4
2473,c234,c1,2
2474,c234,c234,0
2475,c234,c5,0
2476,c1,c234,0
2477,c234,c5,0
2478,c5,c1,4
2479,c5,c5,4
2480,c5,c5,3
2481,c1,c234,4
2482,c5,c5,2
2483,c1,c5,2
2484,c1,c1,4
2485,c1,c5,2
2486,c1,c1,3
2487,c5,c5,1
2488,c1,c234,0
2489,c5,c234,0
2490,c1,c1,4
2491,c5,c1,4
2492,c1,c1,0
2493,c234,c234,4
2494,c5,c234,4
2495,c5,c1,1
2496,c5,c5,4
2497,c1,c1,4
2498,c234,c234,2
2499,c1,c1,4
2500,c5,c5,1
2501,c234,c5,4
2502,c234,c5,0
2503,c5,c234,0
2504,c234,c1,4
2505,c1,c1,3
2506,c1,c1,2
2507,c234,c1,3
2508,c5,c5,2
2509,c5,c234,1
2510,c234,c234,4
2511,c1,c1,3
2512,c234,c5,3
2513,c1,c234,0
2514,c234,c1,4
2515,c5,c234,4
2516,c1,c5,0
2517,c5,c5,3
2518,c5,c5,0
2519,c234,c1,3
2520,c1,c234,0
2521,c234,c1,0
2522,c5,c5,2
2523,c1,c5,4
2524,c5,c1,3
2525,c1,c5,3
2526,c5,c5,1
2527,c5,c234,2
2528,c5,c234,2
2529,c234,c1,2
2530,c1,c1,4
2531,c5,c234,4
2532,c1,c1,4
2533,c234,c1,4
2534,c5,c234,3
2535,c234,c1,3
2536,c1,c1,3
2537,c5,c5,1
2538,c234,c234,1
2539,c5,c5,2
2540,c1,c234,2
2541,c234,c5,1
2542,c1,c1,1
2543,c5,c5,0
2544,c5,c1,3
2545,c5,c234,3
2546,c234,c5,4
2547,c5,c5,4
2548,c5,c5,1
2549,c5,c5,3
2550,c1,c1,2
2551,c1,c5,1
2552,c5,c5,4
2553,c5,c1,1
2554,c234,c5,0
2555,c234,c234,2
2556,c5,c5,0
2557,c234,c5,2
2558,c5,c5,1
2559,c1,c1,0
2560,c5,c1,2
2561,c5,c5,1
2562,c5,c1,0
2563,c234,c5,1
2564,c234,c5,0
2565,c5,c5,4
2566,c5,c1,4
2567,c1,c5,0
2568,c234,c1,2
2569,c234,c234,1
2570,c5,c1,2
2571,c234,c5,4
2572,c5,c5,2
2573,c234,c1,0
2574,c5,c234,2
2575,c234,c1,4
2576,c234,c234,1
2577,c234,c5,3
2578,c234,c5,0
2579,c1,c1,1
2580,c5,c1,4
2581,c234,c5,1
2582,c5,c234,3
2583,c5,c234,1
2584,c234,c234,3
2585,c234,c1,2
2586,c1,c1,1
2587,c234,c234,0
2588,c234,c5,0
2589,c5,c5,0
2590,c5,c5,0
2591,c234,c5,0
2592,c5,c234,3
2593,c5,c234,4
2594,c5,c1,1
2595,c1,c234,3
2596,c5,c234,4
2597,c234,c1,4
2598,c5,c234,0
2599,c234,c5,3
2600,c234,c1,3
2601,c234,c5,1
2602,c234,c1,4
2603,c5,c5,3
2604,c234,c234,4
2605,c1,c1,4
2606,c5,c5,2
2607,c5,c5,0
2608,c5,c234,0
2609,c234,c1,1
2610,c1,c1,0
2611,c234,c5,3
2612,c234,c1,0
2613,c234,c1,3
2614,c5,c5,1
2615,c1,c1,3
2616,c5,c5,2
2617,c5,c1,4
2618,c1,c1,3
2619,c234,c1,1
2620,c1,c1,4
2621,c5,c5,3
2622,c1,c1,2
2623,c234,c5,1
2624,c5,c5,4
2625,c5,c5,0
2626,c1,c1,2
2627,c1,c1,1
2628,c234,c1,1
2629,c234,c5,4
2630,c5,c5,4
2631,c234,c5,0
2632,c234,c5,2
2633,c234,c234,3
2634,c5,c234,3
2635,c1,c234,3
2636,c5,c234,2
2637,c5,c5,2
2638,c234,c5,2
2639,c234,c5,1
2640,c234,c1,2
2641,c5,c5,3
2642,c1,c1,2
2643,c1,c1,0
2644,c1,c5,3
2645,c5,c5,1
2646,c1,c5,0
2647,c1,c1,1
2648,c1,c1,4
2649,c234,c1,1
2650,c234,c1,1
2651,c234,c1,4
2652,c234,c5,3
2653,c5,c5,4
2654,c5,c234,2
2655,c1,c234,0
2656,c5,c5,4
2657,c5,c234,2
2658,c234,c234,0
2659,c1,c1,1
2660,c1,c234,2
2661,c5,c5,3
2662,c1,c234,1
2663,c1,c234,3
2664,c5,c5,4
2665,c1,c1,2
2666,c5,c5,4
2667,c5,c234,0
2668,c234,c1,3
2669,c1,c1,2
2670,c1,c5,1
2671,c234,c234,2
2672,c5,c5,0
2673,c234,c5,0
2674,c1,c234,0
2675,c234,c5,0
2676,c1,c234,0
2677,c1,c1,4
2678,c5,c5,0
2679,c234,c234,4
2680,c5,c5,0
2681,c5,c234,2
2682,c5,c234,2
2683,c234,c234,4
2684,c5,c234,3
2685,c5,c5,3
2686,c1,c234,3
2687,c1,c234,1
2688,c1,c5,0
2689,c1,c234,4
2690,c234,c234,2
2691,c1,c1,1
2692,c5,c5,1
2693,c1,c1,0
2694,c1,c1,1
2695,c5,c5,1
2696,c5,c1,1
2697,c234,c234,4
2698,c5,c5,4
2699,c1,c1,4
2700,c5,c5,2
2701,c234,c234,0
2702,c234,c1,3
2703,c234,c234,2
2704,c1,c5,1
2705,c1,c234,1
2706,c234,c5,3
2707,c234,c5,1
2708,c1,c1,4
2709,c5,c5,2
2710,c234,c1,3
2711,c1,c1,3
2712,c234,c234,2
2713,c234,c1,1
2714,c1,c5,1
2715,c1,c1,4
2716,c1,c1,3
2717,c1,c1,1
2718,c1,c1,1
2719,c1,c1,3
2720,c5,c1,1
2721,c5,c5,4
2722,c234,c234,1
2723,c1,c1,3
2724,c1,c1,3
2725,c5,c5,2
2726,c234,c234,1
2727,c5,c5,4
2728,c1,c1,3
2729,c5,c5,3
2730,c1,c1,3
2731,c234,c5,0
2732,c234,c234,0
2733,c234,c5,0
2734,c5,c1,3
2735,c5,c5,0
2736,c5,c5,4
2737,c5,c234,4
2738,c5,c5,1
2739,c1,c1,1
2740,c5,c5,4
2741,c1,c1,2
2742,c1,c1,1
2743,c5,c5,1
2744,c5,c5,2
2745,c5,c234,2
2746,c1,c234,3
2747,c234,c234,0
2748,c234,c5,2
2749,c5,c5,3
2750,c1,c1,2
2751,c234,c234,4
2752,c1,c1,1
2753,c1,c1,1
2754,c5,c234,3
2755,c5,c5,0
2756,c1,c5,1
2757,c1,c234,3
2758,c1,c5,4
2759,c1,c234,0
2760,c5,c1,3
2761,c5,c234,3
2762,c234,c1,3
2763,c234,c5,0
2764,c5,c5,3
2765,c1,c1,4
2766,c5,c1,0
2767,c5,c1,4
2768,c1,c234,3
2769,c234,c1,0
2770,c5,c5,3
2771,c5,c5,0
2772,c234,c1,1
2773,c234,c234,1
2774,c234,c234,2
2775,c5,c1,2
2776,c1,c1,4
2777,c234,c1,3
2778,c234,c1,0
2779,c5,c1,1
2780,c234,c5,2
2781,c234,c5,0
2782,c5,c5,3
2783,c234,c1,0
2784,c234,c234,0
2785,c5,c234,0
2786,c5,c5,2
2787,c5,c234,1
2788,c1,c234,0
2789,c5,c5,4
2790,c5,c5,4
2791,c234,c1,4
2792,c234,c5,3
2793,c5,c234,2
2794,c234,c1,1
2795,c234,c1,1
2796,c5,c234,2
2797,c234,c234,1
2798,c234,c5,0
2799,c234,c1,4
2800,c5,c5,0
2801,c5,c5,3
2802,c5,c234,3
2803,c234,c234,1
2804,c5,c5,4
2805,c5,c5,0
2806,c1,c5,1
2807,c234,c1,2
2808,c5,c234,4
2809,c1,c5,0
2810,c5,c5,0
2811,c5,c5,0
2812,c1,c1,1
2813,c234,c234,0
2814,c234,c5,2
2815,c5,c234,2
2816,c1,c5,1
2817,c5,c234,4
2818,c234,c5,2
2819,c234,c5,1
2820,c1,c5,1
2821,c1,c5,3
2822,c234,c1,0
2823,c234,c1,0
2824,c234,c1,2
2825,c1,c5,1
2826,c234,c234,4
2827,c234,c1,4
2828,c5,c5,2
2829,c5,c5,4
2830,c5,c5,2
2831,c234,c1,4
2832,c5,c234,0
2833,c5,c5,0
2834,c5,c234,1
2835,c234,c234,1
2836,c5,c234,1
2837,c1,c5,2
2838,c234,c5,4
2839,c234,c5,2
2840,c234,c234,4
2841,c5,c5,1
2842,c1,c5,1
2843,c1,c5,4
2844,c1,c234,2
2845,c5,c5,0
2846,c5,c234,0
2847,c5,c5,2
2848,c1,c5,4
2849,c5,c5,0
2850,c5,c5,2
2851,c5,c1,1
2852,c234,c234,2
2853,c234,c1,4
2854,c5,c5,3
2855,c234,c1,1
2856,c234,c234,2
2857,c1,c1,2
2858,c234,c5,2
2859,c234,c1,4
2860,c234,c234,3
2861,c5,c234,0
2862,c1,c1,0
2863,c234,c5,4
2864,c234,c234,4
2865,c1,c1,3
2866,c234,c234,3
2867,c234,c1,2
2868,c234,c1,2
2869,c5,c5,3
2870,c1,c234,0
2871,c5,c5,3
2872,c1,c5,2
2873,c5,c5,4
2874,c234,c234,3
2875,c234,c1,4
2876,c5,c5,1
2877,c1,c1,4
2878,c5,c5,1
2879,c234,c1,0
2880,c5,c5,1
2881,c234,c5,4
2882,c234,c5,4
2883,c1,c1,1
2884,c1,c1,2
2885,c5,c1,3
2886,c234,c234,2
2887,c1,c1,0
2888,c1,c1,0
2889,c1,c1,4
2890,c5,c1,1
2891,c5,c5,4
2892,c1,c1,0
2893,c5,c1,0
2894,c5,c5,0
2895,c5,c5,1
2896,c5,c234,4
2897,c5,c234,4
2898,c5,c234,2
2899,c5,c1,3
2900,c1,c1,1
2901,c5,c5,4
2902,c1,c1,1
2903,c234,c1,0
2904,c5,c1,2
2905,c5,c234,0
2906,c1,c5,1
2907,c5,c5,2
2908,c1,c234,1
2909,c5,c1,1
2910,c5,c1,4
2911,c1,c234,1
2912,c1,c5,1
2913,c5,c234,4
2914,c1,c5,4
2915,c5,c5,3
2916,c234,c234,4
2917,c5,c1,0
2918,c1,c234,2
2919,c1,c1,0
2920,c5,c5,1
2921,c234,c1,1
2922,c234,c1,3
2923,c1,c5,2
2924,c5,c5,2
2925,c234,c5,4
2926,c5,c5,3
2927,c1,c1,1
2928,c5,c1,2
2929,c5,c5,3
2930,c234,c234,0
2931,c5,c5,2
2932,c1,c5,4
2933,c1,c1,1
2934,c1,c1,1
2935,c1,c1,3
2936,c234,c1,4
2937,c234,c5,2
2938,c234,c234,4
2939,c5,c5,0
2940,c5,c5,3
2941,c1,c5,4
2942,c234,c234,2
2943,c5,c234,0
2944,c234,c1,2
2945,c234,c5,2
2946,c5,c5,4
2947,c234,c5,4
2948,c1,c5,3
2949,c5,c5,4
2950,c1,c234,0
2951,c234,c234,4
2952,c234,c5,1
2953,c5,c234,2
2954,c5,c5,0
2955,c5,c234,3
2956,c5,c5,0
2957,c234,c234,1
2958,c1,c1,2
2959,c5,c1,1
2960,c5,c234,4
2961,c1,c1,2
2962,c5,c5,4
2963,c1,c1,3
2964,c1,c5,4
2965,c5,c5,0
2966,c5,c1,1
2967,c234,c1,0
2968,c234,c1,2
2969,c5,c5,4
2970,c5,c5,4
2971,c5,c234,4
2972,c234,c5,1
2973,c1,c234,0
2974,c1,c1,0
2975,c234,c1,3
2976,c1,c234,0
2977,c1,c1,4
2978,c234,c234,0
2979,c1,c5,4
2980,c234,c1,3
2981,c1,c5,3
2982,c1,c1,0
2983,c234,c1,2
2984,c1,c5,2
2985,c234,c1,3
2986,c5,c1,2
2987,c5,c5,0
2988,c1,c1,0
2989,c234,c5,4
2990,c234,c5,0
2991,c234,c234,2
2992,c5,c5,1
2993,c5,c5,0
2994,c234,c234,2
2995,c5,c234,3
2996,c234,c234,4
2997,c234,c1,4
2998,c234,c234,4
2999,c234,c1,4
3000,c1,c1,4
3001,c234,c234,0
3002,c1,c5,3
3003,c234,c5,2
3004,c234,c1,1
3005,c234,c234,1
3006,c234,c234,4
3007,c234,c234,3
3008,c5,c234,0
3009,c234,c5,0
3010,c5,c5,0
3011,c234,c234,4
3012,c234,c5,4
3013,c5,c5,4
3014,c234,c234,1
3015,c1,c1,3
3016,c5,c234,1
3017,c5,c1,0
3018,c234,c234,2
3019,c234,c1,0
3020,c5,c5,0
3021,c1,c5,1
3022,c234,c5,0
3023,c5,c5,1
3024,c1,c1,2
3025,c234,c234,4
3026,c5,c1,0
3027,c234,c234,3
3028,c5,c5,4
3029,c234,c234,2
3030,c234,c5,0
3031,c1,c1,1
3032,c234,c1,1
3033,c1,c5,1
3034,c234,c234,2
3035,c1,c1,1
3036,c1,c1,2
3037,c234,c234,2
3038,c5,c5,3
3039,c5,c5,4
3040,c5,c5,3
3041,c234,c1,2
3042,c1,c234,1
3043,c234,c5,1
3044,c1,c5,1
3045,c1,c1,1
3046,c1,c5,4
3047,c1,c1,2
3048,c234,c1,3
3049,c234,c234,2
3050,c234,c1,1
3051,c234,c234,4
3052,c1,c1,2
3053,c234,c234,3
3054,c234,c5,3
3055,c1,c1,2
3056,c234,c234,3
3057,c234,c234,0
3058,c1,c1,4
3059,c5,c5,2
3060,c5,c5,0
3061,c5,c5,3
3062,c1,c234,3
3063,c1,c1,4
3064,c5,c5,2
3065,c1,c1,4
3066,c234,c1,3
3067,c5,c5,1
3068,c1,c1,4
3069,c5,c1,3
3070,c234,c5,3
3071,c5,c5,2
3072,c5,c1,2
3073,c5,c234,0
3074,c1,c5,0
3075,c1,c1,4
3076,c1,c1,2
3077,c1,c1,2
3078,c234,c5,1
3079,c1,c5,3
3080,c5,c1,2
3081,c1,c1,4
3082,c5,c5,0
3083,c1,c1,0
3084,c234,c5,4
3085,c5,c5,4
3086,c1,c5,0
3087,c234,c234,3
3088,c5,c234,4
3089,c1,c1,2
3090,c1,c234,3
3091,c1,c1,4
3092,c5,c234,0
3093,c1,c234,2
3094,c1,c1,2
3095,c5,c234,0
3096,c1,c1,0
3097,c5,c5,1
3098,c234,c5,3
3099,c1,c1,2
3100,c1,c5,1
3101,c234,c1,0
3102,c234,c5,1
3103,c1,c5,3
3104,c234,c1,1
3105,c5,c234,2
3106,c5,c234,4
3107,c5,c5,1
3108,c5,c5,1
3109,c234,c234,2
3110,c234,c1,2
3111,c5,c5,4
3112,c1,c234,2
3113,c5,c5,1
3114,c1,c234,3
3115,c234,c234,2
3116,c1,c234,0
3117,c234,c234,4
3118,c1,c1,4
3119,c234,c5,4
3120,c5,c234,4
3121,c234,c234,4
3122,c1,c234,4
3123,c1,c1,0
3124,c234,c234,2
3125,c5,c1,3
3126,c234,c5,2
3127,c234,c234,3
3128,c5,c234,0
3129,c5,c5,0
3130,c234,c1,3
3131,c1,c1,0
3132,c5,c234,1
3133,c234,c234,0
3134,c1,c1,0
3135,c1,c234,2
3136,c234,c1,3
3137,c5,c234,4
3138,c5,c5,3
3139,c234,c1,2
3140,c5,c5,1
3141,c234,c1,3
3142,c1,c1,4
3143,c234,c234,3
3144,c5,c234,0
3145,c234,c1,1
3146,c234,c234,3
3147,c234,c1,4
3148,c1,c5,3
3149,c1,c1,1
3150,c234,c234,2
3151,c234,c234,0
3152,c1,c5,3
3153,c234,c5,1
3154,c1,c1,4
3155,c5,c234,1
3156,c1,c1,1
3157,c5,c234,1
3158,c5,c5,4
3159,c234,c234,0
3160,c234,c1,2
3161,c5,c5,3
3162,c5,c234,3
3163,c5,c5,1
3164,c234,c234,0
3165,c1,c5,4
3166,c1,c234,3
3167,c234,c5,3
3168,c234,c1,1
3169,c1,c1,2
3170,c5,c5,1
3171,c5,c5,3
3172,c234,c5,0
3173,c5,c234,1
3174,c1,c5,3
3175,c234,c234,1
3176,c5,c234,2
3177,c5,c1,3
3178,c1,c234,1
3179,c1,c1,0
3180,c1,c234,2
3181,c1,c1,3
3182,c234,c5,0
3183,c1,c234,2
3184,c234,c1,2
3185,c5,c5,1
3186,c1,c234,0
3187,c5,c5,3
3188,c5,c5,4
3189,c234,c1,4
3190,c5,c5,2
3191,c5,c5,1
3192,c234,c234,1
3193,c5,c234,2
3194,c5,c234,2
3195,c5,c5,1
3196,c5,c234,2
3197,c1,c1,0
3198,c1,c1,0
3199,c5,c5,0
3200,c1,c234,3
3201,c5,c5,1
3202,c1,c5,3
3203,c1,c1,1
3204,c1,c5,3
3205,c5,c234,1
3206,c5,c5,2
3207,c5,c1,1
3208,c234,c1,2
3209,c5,c1,3
3210,c5,c5,3
3211,c234,c234,0
3212,c1,c1,4
3213,c234,c234,0
3214,c234,c234,0
3215,c234,c5,1
3216,c1,c5,0
3217,c5,c1,1
3218,c5,c1,2
3219,c234,c1,0
3220,c5,c234,3
3221,c1,c234,4
3222,c5,c5,1
3223,c234,c234,2
3224,c1,c234,2
3225,c1,c234,2
3226,c1,c234,2
3227,c1,c234,0
3228,c5,c5,2
3229,c234,c1,3
3230,c234,c5,1
3231,c234,c234,3
3232,c234,c5,0
3233,c234,c5,1
3234,c234,c234,0
3235,c5,c1,0
3236,c1,c5,2
3237,c5,c5,3
3238,c5,c1,3
3239,c234,c1,1
3240,c5,c234,1
3241,c5,c5,1
3242,c5,c1,3
3243,c234,c5,0
3244,c234,c5,1
3245,c5,c5,2
3246,c1,c1,3
3247,c234,c234,1
3248,c234,c234,4
3249,c1,c1,4
3250,c234,c1,3
3251,c1,c234,0
3252,c1,c5,2
3253,c5,c234,4
3254,c5,c5,4
3255,c5,c5,3
3256,c1,c1,2
3257,c1,c5,1
3258,c234,c5,2
3259,c1,c1,2
3260,c1,c1,1
3261,c5,c5,2
3262,c5,c1,2
3263,c234,c234,3
3264,c1,c1,2
3265,c1,c234,2
3266,c234,c234,0
3267,c5,c5,3
3268,c5,c234,4
3269,c1,c1,4
3270,c5,c5,2
3271,c5,c1,2
3272,c5,c5,0
3273,c234,c1,4
3274,c1,c1,4
3275,c1,c1,2
3276,c1,c5,2
3277,c1,c234,2
3278,c5,c5,0
3279,c234,c5,0
3280,c234,c5,3
3281,c1,c234,3
3282,c234,c1,3
3283,c5,c5,2
3284,c234,c5,0
3285,c234,c1,4
3286,c5,c234,0
3287,c5,c234,3
3288,c1,c1,1
3289,c5,c1,1
3290,c5,c5,0
3291,c5,c5,3
3292,c234,c1,3
3293,c1,c1,0
3294,c234,c5,4
3295,c234,c234,0
3296,c5,c5,3
3297,c5,c5,3
3298,c1,c5,2
3299,c234,c1,2
3300,c1,c1,0
3301,c5,c234,1
3302,c1,c234,0
3303,c1,c5,2
3304,c1,c234,4
3305,c234,c5,0
3306,c5,c5,1
3307,c1,c1,1
3308,c5,c1,3
3309,c5,c5,0
3310,c5,c234,1
3311,c234,c1,0
3312,c234,c5,2
3313,c5,c5,4
3314,c234,c5,2
3315,c5,c234,4
3316,c5,c234,1
3317,c234,c5,1
3318,c5,c1,0
3319,c5,c234,4
3320,c1,c5,2
3321,c1,c1,0
3322,c234,c5,4
3323,c1,c234,3
3324,c5,c5,3
3325,c234,c234,2
3326,c5,c234,0
3327,c234,c1,2
3328,c5,c5,2
3329,c1,c1,3
3330,c1,c234,3
3331,c234,c234,1
3332,c5,c5,2
3333,c1,c5,0
3334,c234,c234,1
3335,c1,c234,2
3336,c234,c234,1
3337,c5,c5,0
3338,c234,c234,0
3339,c234,c1,1
3340,c234,c234,2
3341,c1,c234,4
3342,c1,c5,2
3343,c234,c234,0
3344,c5,c1,4
3345,c234,c234,3
3346,c234,c5,1
3347,c234,c234,2
3348,c234,c1,0
3349,c234,c234,0
3350,c5,c5,2
3351,c5,c234,4
3352,c234,c5,1
3353,c234,c5,1
3354,c234,c1,4
3355,c234,c1,4
3356,c234,c1,1
3357,c1,c1,2
3358,c5,c1,4
3359,c234,c5,2
3360,c5,c1,2
3361,c234,c5,3
3362,c1,c234,0
3363,c1,c5,1
3364,c234,c5,2
3365,c234,c1,4
3366,c1,c5,2
3367,c234,c1,2
3368,c1,c1,4
3369,c234,c234,2
3370,c234,c1,3
3371,c234,c5,1
3372,c234,c5,1
3373,c234,c234,0
3374,c234,c5,1
3375,c5,c234,1
3376,c5,c234,4
3377,c1,c234,3
3378,c5,c5,0
3379,c5,c5,0
3380,c1,c234,3
3381,c5,c1,3
3382,c1,c1,3
3383,c234,c234,0
3384,c234,c1,1
3385,c234,c5,2
3386,c5,c1,1
3387,c234,c234,0
3388,c234,c1,1
3389,c1,c1,4
3390,c1,c234,0
3391,c5,c234,0
3392,c1,c1,2
3393,c234,c5,0
3394,c1,c5,3
3395,c234,c1,3
3396,c234,c1,2
3397,c234,c234,0
3398,c1,c1,4
3399,c5,c5,2
3400,c234,c234,3
3401,c234,c1,0
3402,c5,c234,0
3403,c234,c234,1
3404,c234,c1,3
3405,c1,c1,2
3406,c5,c5,3
3407,c5,c234,4
3408,c234,c1,0
3409,c5,c234,4
3410,c5,c5,3
3411,c1,c1,2
3412,c1,c1,3
3413,c1,c234,0
3414,c1,c1,1
3415,c234,c1,3
3416,c5,c1,2
3417,c5,c5,4
3418,c234,c1,1
3419,c234,c5,1
3420,c5,c234,0
3421,c234,c5,3
3422,c5,c1,2
3423,c5,c1,2
3424,c5,c5,0
3425,c234,c1,0
3426,c1,c5,0
3427,c5,c5,3
3428,c234,c1,0
3429,c234,c234,1
3430,c234,c5,2
3431,c5,c234,2
3432,c234,c1,0
3433,c5,c1,0
3434,c234,c5,4
3435,c1,c5,1
3436,c5,c5,0
3437,c1,c1,2
3438,c1,c1,0
3439,c234,c5,1
3440,c1,c1,2
3441,c5,c1,0
3442,c234,c1,2
3443,c5,c5,1
3444,c1,c5,4
3445,c234,c5,3
3446,c5,c5,2
3447,c5,c5,2
3448,c234,c234,2
3449,c234,c234,3
3450,c1,c5,2
3451,c1,c1,1
3452,c1,c1,3
3453,c234,c234,0
3454,c5,c5,0
3455,c234,c5,0
3456,c234,c234,2
3457,c5,c5,4
3458,c234,c1,3
3459,c234,c5,1
3460,c1,c1,0
3461,c1,c5,2
3462,c234,c234,0
3463,c234,c5,0
3464,c234,c1,2
3465,c1,c1,4
3466,c234,c1,4
3467,c234,c234,3
3468,c234,c5,0
3469,c5,c5,4
3470,c234,c1,4
3471,c234,c1,2
3472,c5,c234,4
3473,c234,c1,1
3474,c5,c5,4
3475,c1,c234,1
3476,c5,c234,2
3477,c234,c5,2
3478,c5,c5,1
3479,c234,c5,1
3480,c234,c5,3
3481,c5,c5,2
3482,c234,c1,2
3483,c1,c1,4
3484,c234,c1,4
3485,c234,c5,2
3486,c234,c5,4
3487,c1,c5,3
3488,c5,c234,2
3489,c1,c5,1
3490,c234,c5,4
3491,c1,c1,0
3492,c1,c1,0
3493,c234,c5,0
3494,c5,c234,2
3495,c1,c5,2
3496,c234,c5,4
3497,c1,c5,2
3498,c234,c1,1
3499,c1,c5,0
3500,c234,c1,2
3501,c234,c1,0
3502,c5,c234,3
3503,c1,c234,2
3504,c234,c1,3
3505,c5,c234,1
3506,c1,c1,2
3507,c234,c5,4
3508,c5,c5,3
3509,c1,c5,0
3510,c234,c234,1
3511,c5,c1,2
3512,c5,c234,0
3513,c234,c1,0
3514,c5,c1,2
3515,c1,c5,4
3516,c234,c5,2
3517,c234,c1,0
3518,c234,c234,0
3519,c234,c5,4
3520,c5,c1,2
3521,c5,c5,0
3522,c5,c5,2
3523,c1,c234,2
3524,c234,c5,0
3525,c1,c1,2
3526,c1,c5,1
3527,c1,c234,1
3528,c1,c1,2
3529,c1,c1,3
3530,c234,c1,1
3531,c1,c1,0
3532,c234,c234,4
3533,c234,c234,3
3534,c1,c234,0
3535,c5,c234,2
3536,c1,c234,3
3537,c5,c5,4
3538,c5,c234,0
3539,c234,c5,4
3540,c234,c234,4
3541,c1,c1,3
3542,c1,c1,0
3543,c1,c5,4
3544,c1,c1,2
3545,c5,c234,2
3546,c234,c5,1
3547,c1,c5,4
3548,c234,c234,1
3549,c5,c5,1
3550,c234,c234,1
3551,c5,c234,0
3552,c234,c5,0
3553,c5,c234,3
3554,c234,c5,1
3555,c234,c5,1
3556,c234,c5,3
3557,c234,c5,1
3558,c5,c5,1
3559,c5,c5,2
3560,c1,c1,3
3561,c5,c5,2
3562,c234,c5,2
3563,c1,c1,4
3564,c5,c5,4
3565,c5,c1,2
3566,c5,c5,1
3567,c234,c1,0
3568,c234,c234,3
3569,c5,c234,3
3570,c1,c1,1
3571,c1,c5,1
3572,c5,c5,1
3573,c1,c234,0
3574,c234,c5,3
3575,c1,c1,2
3576,c5,c5,4
3577,c234,c5,4
3578,c234,c5,2
3579,c234,c234,0
3580,c234,c5,2
3581,c1,c5,1
3582,c5,c5,0
3583,c1,c1,2
3584,c1,c234,0
3585,c5,c5,4
3586,c234,c234,0
3587,c234,c5,3
3588,c5,c5,1
3589,c5,c234,0
3590,c234,c5,4
3591,c5,c234,2
3592,c234,c1,0
3593,c234,c1,4
3594,c234,c1,2
3595,c5,c234,4
3596,c1,c234,1
3597,c234,c234,3
3598,c1,c234,1
3599,c1,c234,0
3600,c1,c1,0
3601,c234,c1,2
3602,c234,c234,3
3603,c5,c234,4
3604,c5,c234,2
3605,c234,c5,1
3606,c5,c5,2
3607,c5,c234,1
3608,c1,c234,4
3609,c234,c5,3
3610,c5,c1,4
3611,c234,c1,1
3612,c5,c5,2
3613,c5,c234,4
3614,c1,c234,3
3615,c234,c234,1
3616,c1,c234,2
3617,c1,c234,4
3618,c5,c1,3
3619,c1,c1,2
3620,c234,c1,1
3621,c1,c234,1
3622,c5,c5,4
3623,c1,c5,4
3624,c234,c234,3
3625,c5,c5,3
3626,c5,c234,0
3627,c234,c1,3
3628,c5,c5,1
3629,c1,c1,2
3630,c1,c1,4
3631,c5,c234,4
3632,c1,c234,3
3633,c234,c1,1
3634,c234,c1,4
3635,c5,c5,0
3636,c234,c234,2
3637,c234,c5,1
3638,c234,c1,3
3639,c234,c1,2
3640,c234,c1,2
3641,c234,c1,4
3642,c5,c1,0
3643,c1,c234,0
3644,c1,c234,0
3645,c5,c5,2
3646,c1,c5,3
3647,c234,c5,2
3648,c5,c5,1
3649,c234,c5,2
3650,c1,c1,2
3651,c1,c1,2
3652,c234,c5,0
3653,c234,c5,2
3654,c1,c1,3
3655,c5,c234,1
3656,c5,c5,1
3657,c1,c1,0
3658,c234,c234,3
3659,c234,c234,0
3660,c1,c234,0
3661,c1,c1,0
3662,c5,c5,3
3663,c5,c5,3
3664,c234,c5,0
3665,c1,c234,1
3666,c234,c1,4
3667,c1,c1,3
3668,c5,c234,4
3669,c5,c234,1
3670,c5,c234,0
3671,c1,c1,4
3672,c1,c1,3
3673,c234,c234,2
3674,c1,c5,2
3675,c5,c234,3
3676,c5,c5,1
3677,c1,c1,1
3678,c234,c234,1
3679,c1,c234,4
3680,c5,c5,2
3681,c234,c5,3
3682,c5,c234,3
3683,c1,c234,2
3684,c234,c5,2
3685,c5,c5,3
3686,c5,c5,0
3687,c5,c5,4
3688,c5,c5,4
3689,c234,c5,4
3690,c1,c1,0
3691,c1,c1,1
3692,c234,c234,4
3693,c5,c1,2
3694,c234,c5,2
3695,c5,c5,1
3696,c234,c5,3
3697,c1,c234,3
3698,c1,c1,2
3699,c234,c5,2
3700,c5,c234,0
3701,c1,c1,1
3702,c1,c234,2
3703,c234,c234,3
3704,c234,c234,0
3705,c234,c5,1
3706,c5,c234,0
3707,c5,c5,3
3708,c234,c234,2
3709,c5,c5,0
3710,c1,c1,2
3711,c234,c1,3
3712,c234,c234,0
3713,c1,c234,3
3714,c5,c234,4
3715,c5,c5,4
3716,c5,c5,2
3717,c5,c5,4
3718,c5,c5,4
3719,c234,c1,0
3720,c1,c1,1
3721,c1,c1,3
3722,c234,c234,2
3723,c234,c5,3
3724,c1,c1,3
3725,c234,c5,2
3726,c234,c1,0
3727,c234,c5,3
3728,c5,c5,2
3729,c1,c1,2
3730,c234,c5,0
3731,c5,c234,3
3732,c1,c234,1
3733,c5,c1,2
3734,c234,c234,3
3735,c1,c234,3
3736,c1,c5,3
3737,c1,c1,2
3738,c234,c234,2
3739,c234,c1,1
3740,c1,c234,2
3741,c5,c5,1
3742,c5,c234,2
3743,c1,c1,0
3744,c5,c5,0
3745,c1,c234,4
3746,c1,c1,2
3747,c5,c5,0
3748,c1,c234,4
3749,c234,c5,1
3750,c5,c5,2
3751,c1,c1,4
3752,c1,c1,4
3753,c5,c5,0
3754,c234,c234,4
3755,c5,c1,2
3756,c234,c234,4
3757,c234,c234,0
3758,c1,c1,3
3759,c5,c1,1
3760,c1,c234,1
3761,c5,c234,1
3762,c1,c1,2
3763,c1,c1,0
3764,c1,c234,3
3765,c5,c1,0
3766,c234,c5,2
3767,c1,c5,0
3768,c5,c234,2
3769,c1,c1,2
3770,c5,c1,3
3771,c5,c234,3
3772,c234,c5,1
3773,c5,c5,0
3774,c1,c5,0
3775,c234,c1,4
3776,c5,c1,2
3777,c234,c1,0
3778,c5,c5,4
3779,c234,c234,0
3780,c5,c5,3
3781,c1,c5,2
3782,c5,c234,2
3783,c234,c234,2
3784,c1,c234,0
3785,c5,c234,1
3786,c1,c5,0
3787,c5,c5,0
3788,c234,c1,3
3789,c5,c5,1
3790,c1,c1,0
3791,c1,c5,0
3792,c5,c234,2
3793,c5,c234,4
3794,c5,c5,0
3795,c234,c5,3
3796,c234,c1,4
3797,c234,c1,2
3798,c5,c5,0
3799,c234,c234,0
3800,c234,c5,4
3801,c1,c1,1
3802,c5,c234,1
3803,c234,c5,1
3804,c5,c234,1
3805,c234,c5,1
3806,c1,c234,2
3807,c234,c1,0
3808,c1,c1,3
3809,c5,c5,4
3810,c1,c1,4
3811,c5,c5,0
3812,c234,c1,1
3813,c5,c234,4
3814,c1,c1,4
3815,c5,c234,3
3816,c234,c5,1
3817,c5,c5,3
3818,c234,c1,3
3819,c1,c5,2
3820,c1,c1,4
3821,c1,c234,4
3822,c234,c1,2
3823,c5,c234,4
3824,c234,c234,0
3825,c1,c5,1
3826,c234,c5,1
3827,c234,c5,3
3828,c234,c5,4
3829,c5,c5,2
3830,c234,c5,0
3831,c1,c234,4
3832,c234,c1,1
3833,c5,c5,0
3834,c1,c1,3
3835,c5,c234,0
3836,c234,c1,2
3837,c5,c234,2
3838,c1,c1,1
3839,c234,c234,0
3840,c234,c5,2
3841,c1,c1,0
3842,c1,c234,2
3843,c5,c234,4
3844,c234,c5,2
3845,c234,c5,3
3846,c5,c1,1
3847,c234,c234,4
3848,c234,c234,0
3849,c234,c1,2
3850,c5,c5,2
3851,c5,c234,2
3852,c1,c234,3
3853,c5,c1,4
3854,c234,c234,1
3855,c234,c5,1
3856,c5,c5,3
3857,c234,c5,0
3858,c234,c5,4
3859,c234,c234,4
3860,c5,c5,3
3861,c1,c234,2
3862,c234,c5,4
3863,c1,c1,3
3864,c234,c234,2
3865,c1,c1,0
3866,c5,c1,2
3867,c5,c5,1
3868,c1,c1,4
3869,c1,c1,2
3870,c1,c1,0
3871,c5,c5,4
3872,c234,c5,2
3873,c1,c1,0
3874,c1,c234,2
3875,c5,c234,4
3876,c1,c234,2
3877,c5,c5,0
3878,c234,c5,4
3879,c1,c5,2
3880,c1,c1,1
3881,c5,c1,3
3882,c234,c5,4
3883,c234,c5,2
3884,c1,c234,0
3885,c234,c234,2
3886,c1,c1,2
3887,c1,c1,1
3888,c5,c5,3
3889,c234,c1,4
3890,c1,c234,3
3891,c5,c5,3
3892,c1,c5,3
3893,c1,c5,0
3894,c1,c234,3
3895,c1,c1,3
3896,c1,c234,3
3897,c5,c5,4
3898,c5,c5,4
3899,c5,c5,3
3900,c234,c234,4
3901,c5,c5,4
3902,c234,c234,1
3903,c234,c5,1
3904,c1,c1,1
3905,c234,c234,1
3906,c234,c234,0
3907,c234,c5,4
3908,c234,c5,2
3909,c1,c5,3
3910,c234,c234,1
3911,c5,c5,0
3912,c1,c234,2
3913,c1,c5,0
3914,c5,c5,2
3915,c1,c1,1
3916,c234,c5,1
3917,c5,c1,3
3918,c5,c5,1
3919,c1,c234,3
3920,c5,c1,2
3921,c5,c234,3
3922,c1,c5,3
3923,c5,c5,0
3924,c234,c1,1
3925,c5,c5,2
3926,c1,c234,0
3927,c234,c234,0
3928,c5,c234,2
3929,c234,c1,2
3930,c1,c5,0
3931,c234,c5,0
3932,c5,c1,3
3933,c234,c5,0
3934,c1,c5,1
3935,c234,c5,0
3936,c1,c5,3
3937,c5,c5,4
3938,c5,c5,2
3939,c234,c234,1
3940,c1,c1,2
3941,c5,c234,4
3942,c5,c234,1
3943,c5,c5,4
3944,c5,c5,3
3945,c5,c5,3
3946,c1,c5,2
3947,c5,c1,0
3948,c5,c1,4
3949,c5,c234,2
3950,c234,c5,0
3951,c1,c1,1
3952,c5,c1,4
3953,c5,c5,0
3954,c5,c1,0
3955,c1,c1,0
3956,c234,c234,4
3957,c1,c1,0
3958,c5,c5,3
3959,c5,c5,0
3960,c234,c5,2
3961,c5,c5,0
3962,c1,c1,3
3963,c1,c1,1
3964,c234,c234,0
3965,c234,c5,4
3966,c234,c1,3
3967,c1,c1,0
3968,c5,c234,2
3969,c1,c234,4
3970,c234,c234,0
3971,c234,c1,4
3972,c234,c1,1
3973,c5,c5,3
3974,c234,c234,0
3975,c234,c234,3
3976,c5,c234,1
3977,c1,c1,3
3978,c234,c234,2
3979,c234,c1,0
3980,c1,c234,4
3981,c234,c1,1
3982,c234,c234,1
3983,c234,c1,1
3984,c1,c1,2
3985,c234,c234,0
3986,c234,c234,3
3987,c1,c1,4
3988,c5,c5,3
3989,c1,c1,0
3990,c1,c1,4
3991,c1,c234,2
3992,c5,c5,3
3993,c5,c234,0
3994,c5,c234,0
3995,c234,c234,2
3996,c1,c1,1
3997,c234,c5,2
3998,c1,c234,1
3999,c1,c5,4
4000,c234,c5,2
4001,c234,c234,3
4002,c1,c5,2
4003,c1,c234,1
4004,c234,c1,4
4005,c234,c234,3
4006,c5,c5,0
4007,c234,c5,3
4008,c1,c234,4
4009,c5,c1,0
4010,c5,c5,1
4011,c1,c1,3
4012,c1,c1,2
4013,c1,c1,3
4014,c234,c1,2
4015,c234,c5,3
4016,c1,c5,3
4017,c5,c1,3
4018,c5,c1,4
4019,c1,c1,3
4020,c234,c1,4
4021,c5,c5,2
4022,c234,c1,3
4023,c5,c234,4
4024,c1,c234,3
4025,c5,c5,1
4026,c5,c1,2
4027,c5,c5,3
4028,c5,c5,4
4029,c1,c5,4
4030,c5,c234,4
4031,c1,c1,0
4032,c234,c234,3
4033,c1,c1,4
4034,c234,c1,3
4035,c5,c1,2
4036,c234,c234,3
4037,c1,c1,2
4038,c234,c5,4
4039,c5,c5,2
4040,c234,c234,1
4041,c1,c234,0
4042,c1,c5,1
4043,c1,c5,2
4044,c5,c5,3
4045,c1,c5,4
4046,c5,c1,3
4047,c1,c1,4
4048,c5,c1,2
4049,c234,c1,4
4050,c5,c5,1
4051,c234,c234,1
4052,c5,c5,2
4053,c234,c234,3
4054,c1,c234,0
4055,c234,c1,2
4056,c234,c1,3
4057,c5,c1,2
4058,c234,c5,0
4059,c5,c1,1
4060,c1,c1,4
4061,c5,c1,1
4062,c234,c5,2
4063,c1,c1,0
4064,c5,c5,4
4065,c1,c5,4
4066,c1,c1,3
4067,c5,c5,2
4068,c1,c1,1
4069,c1,c1,1
4070,c5,c1,4
4071,c1,c1,1
4072,c5,c234,2
4073,c234,c1,2
4074,c234,c5,4
4075,c5,c5,1
4076,c234,c1,0
4077,c234,c234,3
4078,c5,c5,1
4079,c234,c5,0
4080,c234,c234,2
4081,c234,c234,4
4082,c1,c234,0
4083,c1,c5,0
4084,c5,c5,4
4085,c5,c234,2
4086,c5,c5,0
4087,c1,c1,4
4088,c1,c5,2
4089,c5,c5,1
4090,c5,c1,2
4091,c5,c234,1
4092,c234,c1,2
4093,c5,c5,4
4094,c1,c1,4
4095,c234,c1,4
4096,c1,c5,4
4097,c5,c234,3
4098,c5,c5,0
4099,c5,c5,0
4100,c234,c1,3
4101,c234,c5,1
4102,c5,c5,2
4103,c5,c5,1
4104,c234,c5,4
4105,c1,c1,0
4106,c1,c5,4
4107,c234,c5,3
4108,c234,c1,3
4109,c5,c1,3
4110,c234,c1,0
4111,c1,c1,4
4112,c5,c1,1
4113,c5,c234,0
4114,c234,c234,2
4115,c234,c234,2
4116,c5,c234,2
4117,c5,c234,2
4118,c1,c1,3
4119,c5,c234,3
4120,c5,c5,1
4121,c5,c5,3
4122,c234,c5,2
4123,c1,c1,2
4124,c234,c234,3
4125,c1,c234,1
4126,c234,c1,1
4127,c1,c1,3
4128,c1,c5,0
4129,c5,c1,0
4130,c234,c234,1
4131,c1,c1,2
4132,c1,c1,0
4133,c1,c1,3
4134,c1,c1,3
4135,c1,c5,0
4136,c5,c1,2
4137,c1,c5,2
4138,c1,c5,3
4139,c5,c5,3
4140,c234,c1,4
4141,c234,c5,4
4142,c1,c5,4
4143,c1,c1,0
4144,c5,c1,2
4145,c1,c234,4
4146,c5,c5,3
4147,c234,c5,4
4148,c1,c1,0
4149,c234,c5,1
4150,c5,c5,4
4151,c234,c5,4
4152,c234,c234,4
4153,c5,c5,0
4154,c1,c1,1
4155,c5,c234,4
4156,c1,c1,0
4157,c5,c5,2
4158,c1,c1,3
4159,c1,c1,4
4160,c1,c1,0
4161,c5,c234,0
4162,c1,c1,4
4163,c5,c5,4
4164,c5,c1,3
4165,c1,c1,1
4166,c234,c1,2
4167,c1,c1,2
4168,c234,c5,2
4169,c5,c5,3
4170,c5,c5,1
4171,c234,c234,4
4172,c5,c5,0
4173,c5,c1,0
4174,c234,c5,4
4175,c234,c234,1
4176,c234,c1,3
4177,c5,c1,3
4178,c234,c234,0
4179,c5,c234,4
4180,c1,c5,2
4181,c234,c234,0
4182,c234,c5,1
4183,c5,c5,1
4184,c5,c5,2
4185,c1,c1,1
4186,c234,c5,3
4187,c234,c234,1
4188,c1,c1,3
4189,c234,c5,4
4190,c5,c5,4
4191,c5,c5,2
4192,c5,c1,4
4193,c234,c5,4
4194,c1,c234,0
4195,c234,c234,3
4196,c1,c5,1
4197,c234,c1,2
4198,c234,c1,0
4199,c234,c1,0
4200,c1,c1,1
4201,c1,c1,0
4202,c234,c234,0
4203,c234,c1,2
4204,c234,c1,4
4205,c5,c5,1
4206,c234,c5,2
4207,c5,c234,2
4208,c1,c1,1
4209,c5,c5,3
4210,c5,c5,1
4211,c5,c234,1
4212,c1,c1,2
4213,c5,c1,1
4214,c5,c5,1
4215,c1,c5,3
4216,c1,c1,0
4217,c234,c234,0
4218,c234,c1,1
4219,c234,c5,2
4220,c5,c5,3
4221,c1,c1,2
4222,c5,c5,1
4223,c5,c5,3
4224,c1,c1,4
4225,c234,c1,0
4226,c5,c5,3
4227,c5,c5,1
4228,c234,c5,1
4229,c1,c1,3
4230,c5,c234,1
4231,c1,c234,2
4232,c5,c1,3
4233,c5,c5,3
4234,c5,c5,3
4235,c234,c1,3
4236,c5,c234,0
4237,c234,c1,3
4238,c234,c1,0
4239,c234,c234,0
4240,c5,c5,2
4241,c1,c5,3
4242,c234,c1,2
4243,c1,c1,3
4244,c1,c1,4
4245,c5,c234,3
4246,c5,c5,4
4247,c1,c1,0
4248,c234,c5,2
4249,c5,c5,3
4250,c234,c5,4
4251,c1,c1,4
4252,c5,c5,1
4253,c5,c1,0
4254,c5,c5,1
4255,c1,c234,2
4256,c234,c5,1
4257,c5,c5,1
4258,c5,c234,3
4259,c1,c234,4
4260,c5,c5,2
4261,c1,c1,2
4262,c234,c234,4
4263,c5,c234,1
4264,c234,c234,3
4265,c5,c5,4
4266,c234,c5,1
4267,c234,c5,4
4268,c234,c5,2
4269,c1,c1,0
4270,c234,c1,2
4271,c234,c1,3
4272,c1,c234,2
4273,c1,c234,4
4274,c234,c234,4
4275,c5,c5,1
4276,c1,c5,0
4277,c1,c234,2
4278,c5,c1,2
4279,c5,c5,3
4280,c1,c5,1
4281,c1,c234,0
4282,c234,c1,0
4283,c234,c1,0
4284,c5,c5,3
4285,c1,c234,4
4286,c234,c234,2
4287,c5,c5,3
4288,c5,c5,3
4289,c5,c5,4
4290,c1,c234,0
4291,c5,c5,4
4292,c234,c5,4
4293,c5,c5,4
4294,c5,c1,2
4295,c5,c234,0
4296,c234,c234,2
4297,c234,c234,1
4298,c5,c234,1
4299,c234,c5,1
4300,c5,c234,2
4301,c234,c5,3
4302,c5,c5,4
4303,c5,c234,1
4304,c5,c234,2
4305,c234,c1,3
4306,c5,c5,3
4307,c5,c5,1
4308,c234,c234,3
4309,c234,c5,4
4310,c234,c5,1
4311,c234,c1,3
4312,c234,c234,2
4313,c5,c234,4
4314,c1,c5,2
4315,c1,c234,4
4316,c1,c1,2
4317,c1,c234,3
4318,c5,c1,2
4319,c1,c1,1
4320,c1,c5,4
4321,c1,c1,3
4322,c5,c5,0
4323,c5,c5,1
4324,c1,c1,2
4325,c5,c5,0
4326,c1,c5,4
4327,c5,c5,3
4328,c1,c1,2
4329,c5,c234,0
4330,c234,c234,4
4331,c1,c1,0
4332,c1,c1,2
4333,c234,c234,4
4334,c1,c234,2
4335,c5,c5,2
4336,c234,c234,4
4337,c1,c1,1
4338,c5,c234,2
4339,c234,c1,1
4340,c1,c1,4
4341,c5,c5,1
4342,c234,c234,0
4343,c5,c5,2
4344,c234,c1,3
4345,c5,c5,1
4346,c234,c234,4
4347,c234,c1,4
4348,c1,c5,3
4349,c1,c234,2
4350,c234,c234,4
4351,c234,c5,1
4352,c5,c234,0
4353,c234,c234,3
4354,c5,c234,1
4355,c234,c234,0
4356,c1,c5,4
4357,c5,c1,4
4358,c234,c234,4
4359,c234,c234,4
4360,c5,c5,3
4361,c234,c1,3
4362,c234,c234,4
4363,c234,c1,0
4364,c234,c234,2
4365,c234,c1,0
4366,c5,c234,4
4367,c1,c1,4
4368,c5,c1,4
4369,c5,c234,1
4370,c5,c5,3
4371,c1,c5,3
4372,c234,c234,0
4373,c1,c234,0
4374,c5,c5,3
4375,c234,c5,0
4376,c234,c234,2
4377,c234,c5,3
4378,c5,c1,4
4379,c234,c5,2
4380,c234,c5,1
4381,c234,c5,0
4382,c234,c1,4
4383,c5,c5,3
4384,c1,c1,0
4385,c234,c5,1
4386,c234,c5,1
4387,c1,c1,2
4388,c5,c234,0
4389,c1,c1,3
4390,c1,c234,4
4391,c234,c234,0
4392,c234,c1,0
4393,c5,c5,2
4394,c5,c5,0
4395,c234,c234,3
4396,c5,c5,3
4397,c5,c1,2
4398,c234,c234,1
4399,c1,c1,1
4400,c5,c1,0
4401,c5,c5,1
4402,c1,c234,1
4403,c1,c5,1
4404,c1,c5,3
4405,c5,c234,0
4406,c1,c1,1
4407,c1,c234,0
4408,c234,c1,0
4409,c1,c5,2
4410,c1,c234,1
4411,c234,c234,3
4412,c234,c1,4
4413,c5,c5,0
4414,c5,c5,2
4415,c1,c1,4
4416,c234,c5,0
4417,c5,c5,0
4418,c234,c1,2
4419,c1,c234,3
4420,c1,c234,4
4421,c5,c5,1
4422,c1,c5,0
4423,c234,c234,4
4424,c5,c5,2
4425,c1,c1,3
4426,c234,c234,4
4427,c5,c5,2
4428,c1,c1,3
4429,c5,c5,4
4430,c1,c1,3
4431,c5,c5,2
4432,c1,c234,3
4433,c1,c1,3
4434,c5,c1,4
4435,c1,c1,0
4436,c1,c1,0
4437,c5,c234,3
4438,c234,c234,4
4439,c1,c234,2
4440,c5,c5,2
4441,c5,c1,2
4442,c234,c1,2
4443,c5,c1,0
4444,c234,c5,1
4445,c234,c234,2
4446,c234,c5,1
4447,c234,c234,4
4448,c5,c5,4
4449,c5,c5,4
4450,c234,c5,0
4451,c234,c5,3
4452,c1,c5,0
4453,c1,c1,1
4454,c1,c1,0
4455,c234,c5,2
4456,c1,c1,4
4457,c5,c5,4
4458,c1,c1,1
4459,c5,c5,1
4460,c1,c1,0
4461,c234,c1,0
4462,c5,c5,2
4463,c234,c234,3
4464,c234,c1,0
4465,c5,c5,4
4466,c234,c1,1
4467,c1,c5,3
4468,c234,c1,1
4469,c5,c5,2
4470,c234,c234,4
4471,c234,c1,2
4472,c234,c5,4
4473,c5,c5,1
4474,c1,c1,2
4475,c1,c1,1
4476,c234,c5,2
4477,c234,c5,4
4478,c5,c1,1
4479,c1,c5,0
4480,c234,c234,3
4481,c5,c234,1
4482,c1,c1,3
4483,c5,c5,1
4484,c1,c5,1
4485,c234,c234,4
4486,c1,c234,4
4487,c234,c234,1
4488,c234,c234,4
4489,c234,c1,2
4490,c1,c5,0
4491,c234,c5,2
4492,c5,c234,3
4493,c5,c1,1
4494,c234,c1,2
4495,c234,c1,1
4496,c5,c1,4
4497,c234,c1,1
4498,c5,c234,3
4499,c1,c1,4
4500,c5,c234,3
4501,c234,c234,2
4502,c1,c234,3
4503,c5,c5,3
4504,c1,c234,3
4505,c234,c1,4
4506,c5,c5,1
4507,c5,c234,1
4508,c1,c234,0
4509,c5,c5,4
4510,c1,c234,4
4511,c1,c5,2
4512,c5,c234,0
4513,c234,c5,1
4514,c234,c1,1
4515,c234,c5,4
4516,c5,c234,1
4517,c1,c234,2
4518,c5,c1,0
4519,c1,c5,1
4520,c234,c1,1
4521,c234,c1,1
4522,c5,c234,0
4523,c1,c1,2
4524,c234,c234,2
4525,c5,c234,0
4526,c5,c5,0
4527,c5,c5,0
4528,c1,c234,1
4529,c234,c5,3
4530,c234,c5,4
4531,c1,c234,4
4532,c234,c234,0
4533,c1,c1,2
4534,c1,c1,1
4535,c234,c1,2
4536,c234,c5,0
4537,c1,c1,4
4538,c5,c5,3
4539,c5,c234,1
4540,c234,c5,1
4541,c234,c1,0
4542,c234,c1,4
4543,c1,c234,1
4544,c1,c1,3
4545,c1,c234,2
4546,c1,c234,1
4547,c5,c234,3
4548,c5,c234,1
4549,c5,c5,4
4550,c234,c5,1
4551,c1,c234,4
4552,c5,c234,3
4553,c234,c1,2
4554,c234,c5,4
4555,c234,c1,1
4556,c234,c234,1
4557,c1,c1,0
4558,c5,c234,3
4559,c234,c234,4
4560,c5,c5,0
4561,c234,c1,0
4562,c234,c234,1
4563,c5,c5,3
4564,c1,c234,1
4565,c234,c1,1
4566,c5,c5,2
4567,c1,c5,4
4568,c5,c1,2
4569,c1,c234,1
4570,c5,c234,1
4571,c234,c5,3
4572,c1,c5,3
4573,c234,c234,3
4574,c1,c234,0
4575,c234,c1,0
4576,c5,c5,4
4577,c1,c1,0
4578,c1,c5,3
4579,c1,c234,3
4580,c5,c234,0
4581,c5,c1,0
4582,c234,c234,0
4583,c234,c5,3
4584,c5,c5,0
4585,c234,c1,1
4586,c5,c5,0
4587,c234,c5,2
4588,c234,c234,0
4589,c234,c234,4
4590,c1,c5,1
4591,c1,c1,4
4592,c1,c5,0
4593,c234,c1,1
4594,c5,c5,3
4595,c234,c5,4
4596,c1,c5,1
4597,c234,c1,3
4598,c1,c1,4
4599,c234,c234,3
4600,c234,c234,0
4601,c1,c5,3
4602,c234,c234,1
4603,c5,c5,0
4604,c1,c234,1
4605,c234,c5,1
4606,c1,c5,0
4607,c234,c234,2
4608,c234,c234,1
4609,c1,c234,3
4610,c1,c234,1
4611,c5,c1,0
4612,c1,c1,1
4613,c234,c5,0
4614,c234,c234,3
4615,c234,c5,2
4616,c5,c5,2
4617,c5,c234,4
4618,c1,c1,4
4619,c1,c234,0
4620,c234,c5,2
4621,c1,c5,2
4622,c1,c1,3
4623,c1,c1,3
4624,c234,c1,3
4625,c1,c1,2
4626,c234,c234,1
4627,c5,c5,3
4628,c5,c1,3
4629,c5,c5,4
4630,c5,c5,4
4631,c234,c234,4
4632,c5,c234,1
4633,c234,c234,3
4634,c5,c234,3
4635,c234,c1,0
4636,c1,c234,3
4637,c1,c1,3
4638,c5,c234,2
4639,c234,c5,1
4640,c1,c5,2
4641,c234,c5,3
4642,c1,c1,3
4643,c1,c1,0
4644,c1,c234,1
4645,c5,c234,2
4646,c234,c234,2
4647,c234,c1,4
4648,c1,c5,0
4649,c5,c1,1
4650,c1,c1,4
4651,c5,c5,4
4652,c5,c234,3
4653,c1,c1,1
4654,c234,c1,2
4655,c5,c234,3
4656,c234,c5,2
4657,c234,c234,3
4658,c1,c1,4
4659,c234,c5,1
4660,c5,c5,0
4661,c234,c234,1
4662,c234,c234,0
4663,c5,c1,3
4664,c234,c5,2
4665,c5,c234,3
4666,c234,c1,4
4667,c1,c5,4
4668,c5,c5,1
4669,c1,c1,4
4670,c234,c5,1
4671,c5,c5,3
4672,c5,c234,4
4673,c1,c1,1
4674,c234,c5,1
4675,c234,c5,2
4676,c234,c1,2
4677,c1,c5,1
4678,c1,c1,0
4679,c234,c1,4
4680,c5,c5,1
4681,c1,c1,0
4682,c5,c1,0
4683,c1,c234,0
4684,c5,c5,3
4685,c234,c1,0
4686,c234,c5,0
4687,c1,c5,4
4688,c5,c5,0
4689,c234,c5,0
4690,c5,c1,1
4691,c234,c234,0
4692,c1,c5,0
4693,c1,c234,1
4694,c5,c1,1
4695,c234,c234,4
4696,c1,c1,3
4697,c1,c1,4
4698,c234,c1,2
4699,c1,c234,3
4700,c5,c234,3
4701,c5,c234,0
4702,c1,c1,1
4703,c1,c234,1
4704,c1,c1,0
4705,c5,c1,4
4706,c5,c5,1
4707,c234,c1,4
4708,c5,c5,3
4709,c5,c1,4
4710,c234,c1,0
4711,c1,c234,3
4712,c234,c5,4
4713,c234,c1,2
4714,c234,c1,3
4715,c5,c5,3
4716,c1,c1,3
4717,c5,c1,4
4718,c1,c234,2
4719,c5,c5,2
4720,c1,c5,4
4721,c234,c1,3
4722,c1,c1,4
4723,c234,c5,3
4724,c234,c234,1
4725,c234,c5,0
4726,c1,c234,4
4727,c1,c1,3
4728,c1,c1,3
4729,c5,c5,2
4730,c1,c5,4
4731,c234,c1,4
4732,c234,c5,3
4733,c234,c5,1
4734,c5,c1,4
4735,c1,c1,2
4736,c234,c1,0
4737,c234,c1,3
4738,c1,c1,0
4739,c5,c234,2
4740,c1,c5,3
4741,c1,c5,4
4742,c234,c5,0
4743,c5,c5,0
4744,c5,c5,2
4745,c1,c234,1
4746,c5,c234,4
4747,c234,c234,1
4748,c5,c5,1
4749,c234,c5,1
4750,c1,c1,1
4751,c1,c5,3
4752,c5,c1,1
4753,c5,c5,2
4754,c234,c1,3
4755,c234,c1,2
4756,c1,c1,2
4757,c1,c5,0
4758,c5,c234,3
4759,c5,c5,4
4760,c234,c5,0
4761,c234,c234,4
4762,c1,c1,1
4763,c5,c5,0
4764,c234,c234,1
4765,c234,c234,3
4766,c1,c1,3
4767,c1,c234,2
4768,c1,c234,3
4769,c5,c5,0
4770,c5,c1,4
4771,c234,c1,1
4772,c1,c1,1
4773,c1,c5,4
4774,c5,c5,0
4775,c1,c5,2
4776,c234,c234,4
4777,c1,c234,0
4778,c1,c1,3
4779,c1,c1,0
4780,c5,c1,3
4781,c1,c234,1
4782,c234,c234,3
4783,c1,c1,0
4784,c234,c5,3
4785,c5,c234,2
4786,c5,c1,0
4787,c234,c234,1
4788,c234,c234,2
4789,c1,c1,2
4790,c1,c1,4
4791,c234,c5,4
4792,c234,c5,0
4793,c234,c234,4
4794,c5,c5,3
4795,c5,c5,2
4796,c234,c5,0
4797,c1,c5,3
4798,c234,c5,0
4799,c234,c1,3
4800,c5,c5,4
4801,c1,c1,3
4802,c5,c1,4
4803,c1,c1,2
4804,c5,c234,4
4805,c1,c1,0
4806,c1,c234,3
4807,c5,c234,2
4808,c1,c5,2
4809,c1,c1,4
4810,c5,c5,3
4811,c1,c5,0
4812,c1,c1,3
4813,c234,c1,3
4814,c1,c234,4
4815,c5,c234,4
4816,c5,c1,3
4817,c5,c5,2
4818,c1,c1,3
4819,c5,c234,3
4820,c234,c1,4
4821,c1,c234,3
4822,c234,c5,3
4823,c234,c1,1
4824,c1,c1,2
4825,c5,c5,2
4826,c1,c5,1
4827,c1,c234,0
4828,c234,c234,3
4829,c1,c1,0
4830,c1,c1,4
4831,c1,c5,2
4832,c1,c1,4
4833,c234,c1,2
4834,c234,c1,3
4835,c5,c5,2
4836,c234,c1,2
4837,c5,c5,4
4838,c1,c5,1
4839,c5,c1,3
4840,c234,c5,4
4841,c234,c234,1
4842,c5,c5,4
4843,c1,c234,2
4844,c5,c1,3
4845,c5,c5,2
4846,c234,c234,4
4847,c5,c5,0
4848,c1,c234,3
4849,c234,c1,4
4850,c234,c234,0
4851,c5,c5,2
4852,c5,c5,1
4853,c1,c234,1
4854,c234,c234,4
4855,c5,c5,3
4856,c5,c234,4
4857,c234,c1,2
4858,c5,c5,2
4859,c1,c1,1
4860,c1,c1,1
4861,c234,c234,3
4862,c234,c5,4
4863,c234,c1,1
4864,c234,c1,0
4865,c1,c1,2
4866,c5,c1,1
4867,c5,c1,2
4868,c5,c5,4
4869,c5,c1,4
4870,c1,c234,4
4871,c1,c234,3
4872,c234,c1,2
4873,c234,c234,4
4874,c1,c234,0
4875,c1,c234,2
4876,c5,c5,3
4877,c1,c1,3
4878,c1,c1,2
4879,c234,c5,1
4880,c5,c234,4
4881,c234,c5,4
4882,c1,c234,3
4883,c1,c1,2
4884,c1,c1,3
4885,c234,c234,1
4886,c234,c234,2
4887,c5,c5,0
4888,c234,c234,3
4889,c234,c1,2
4890,c5,c5,4
4891,c234,c234,3
4892,c1,c5,0
4893,c234,c1,1
4894,c234,c1,3
4895,c1,c234,3
4896,c5,c5,4
4897,c234,c5,2
4898,c5,c1,4
4899,c1,c1,0
4900,c1,c234,4
4901,c234,c1,4
4902,c5,c5,2
4903,c1,c1,3
4904,c1,c5,2
4905,c234,c1,0
4906,c234,c234,2
4907,c1,c234,2
4908,c5,c5,4
4909,c5,c234,3
4910,c1,c1,1
4911,c5,c5,3
4912,c234,c234,1
4913,c5,c1,3
4914,c5,c234,1
4915,c5,c1,2
4916,c234,c234,3
4917,c5,c5,1
4918,c234,c5,0
4919,c234,c5,3
4920,c1,c5,3
4921,c1,c234,3
4922,c1,c1,0
4923,c1,c1,4
4924,c1,c234,4
4925,c5,c234,1
4926,c1,c5,4
4927,c234,c234,3
4928,c234,c5,1
4929,c234,c234,0
4930,c1,c1,2
4931,c5,c1,3
4932,c5,c5,3
4933,c1,c1,2
4934,c5,c234,4
4935,c5,c1,1
4936,c234,c5,2
4937,c1,c1,1
4938,c234,c234,3
4939,c5,c5,0
4940,c1,c234,1
4941,c234,c1,2
4942,c5,c5,4
4943,c234,c234,4
4944,c1,c234,2
4945,c5,c5,4
4946,c1,c5,1
4947,c5,c1,3
4948,c5,c1,0
4949,c5,c5,2
4950,c234,c5,3
4951,c234,c1,4
4952,c1,c234,2
4953,c234,c5,4
4954,c234,c1,3
4955,c1,c1,3
4956,c5,c234,1
4957,c234,c5,2
4958,c234,c5,0
4959,c1,c1,3
4960,c234,c1,2
4961,c1,c1,4
4962,c234,c1,1
4963,c234,c234,3
4964,c5,c234,1
4965,c234,c5,2
4966,c5,c5,0
4967,c5,c5,2
4968,c1,c234,0
4969,c234,c5,1
4970,c1,c1,0
4971,c234,c5,2
4972,c1,c234,2
4973,c5,c5,3
4974,c1,c1,1
4975,c5,c1,2
4976,c5,c234,2
4977,c5,c1,2
4978,c1,c5,4
4979,c1,c1,2
4980,c234,c1,4
4981,c234,c5,0
4982,c234,c5,4
4983,c234,c5,0
4984,c234,c5,2
4985,c5,c1,4
4986,c5,c1,3
4987,c5,c5,3
4988,c1,c5,1
4989,c5,c5,4
4990,c1,c1,0
4991,c234,c5,0
4992,c234,c5,2
4993,c5,c234,4
4994,c234,c234,3
4995,c1,c5,2
4996,c234,c1,2
4997,c234,c5,3
4998,c5,c234,3
4999,c5,c234,2
5000,c1,c5,0
5001,c1,c1,3
5002,c5,c5,1
5003,c1,c1,0
5004,c1,c1,1
5005,c1,c1,4
5006,c1,c1,1
5007,c5,c5,3
5008,c234,c5,3
5009,c1,c1,2
5010,c234,c5,4
5011,c5,c234,0
5012,c5,c5,3
5013,c234,c234,4
5014,c234,c5,4
5015,c1,c1,0
5016,c234,c234,1
5017,c1,c1,4
5018,c1,c1,2
5019,c5,c5,0
5020,c5,c234,2
5021,c5,c5,1
5022,c234,c1,2
5023,c5,c5,4
5024,c5,c5,3
5025,c5,c5,3
5026,c1,c5,1
5027,c1,c5,3
5028,c1,c1,0
5029,c1,c234,4
5030,c234,c234,2
5031,c5,c5,3
5032,c1,c234,0
5033,c1,c1,4
5034,c234,c1,1
5035,c5,c1,4
5036,c1,c1,1
5037,c1,c234,0
5038,c5,c5,1
5039,c5,c5,0
5040,c1,c234,2
5041,c1,c1,4
5042,c234,c1,1
5043,c234,c1,2
5044,c1,c234,4
5045,c234,c1,2
5046,c5,c5,0
5047,c1,c1,4
5048,c1,c234,1
5049,c5,c1,3
5050,c5,c5,4
5051,c1,c5,1
5052,c5,c234,4
5053,c5,c234,3
5054,c234,c1,3
5055,c234,c5,0
5056,c1,c1,4
5057,c234,c5,0
5058,c1,c1,1
5059,c234,c234,4
5060,c1,c5,4
5061,c1,c1,0
5062,c234,c234,3
5063,c5,c5,0
5064,c234,c1,3
5065,c1,c5,2
5066,c234,c5,3
5067,c1,c5,3
5068,c1,c1,0
5069,c234,c1,3
5070,c234,c234,3
5071,c1,c1,0
5072,c234,c5,1
5073,c5,c1,1
5074,c1,c234,0
5075,c234,c5,4
5076,c5,c234,2
5077,c234,c5,0
5078,c234,c234,4
5079,c234,c234,1
5080,c5,c234,2
5081,c234,c1,4
5082,c5,c5,2
5083,c1,c1,3
5084,c1,c1,1
5085,c1,c5,0
5086,c5,c5,4
5087,c1,c234,3
5088,c1,c5,3
5089,c234,c234,1
5090,c234,c5,1
5091,c5,c234,0
5092,c1,c234,1
5093,c234,c234,2
5094,c5,c234,3
5095,c1,c1,4
5096,c234,c5,3
5097,c5,c234,4
5098,c1,c1,3
5099,c234,c1,0
5100,c1,c1,4
5101,c1,c1,3
5102,c234,c1,4
5103,c5,c1,2
5104,c1,c1,3
5105,c234,c5,4
5106,c234,c234,4
5107,c5,c234,1
5108,c234,c1,3
5109,c1,c1,1
5110,c1,c234,1
5111,c1,c1,0
5112,c234,c5,4
5113,c5,c1,2
5114,c5,c1,3
5115,c1,c1,4
5116,c1,c1,3
5117,c5,c234,4
5118,c5,c5,1
5119,c234,c5,3
5120,c5,c234,1
5121,c5,c1,2
5122,c234,c1,1
5123,c5,c5,2
5124,c1,c1,2
5125,c234,c1,3
5126,c5,c5,0
5127,c234,c5,1
5128,c234,c5,0
5129,c5,c5,3
5130,c234,c1,0
5131,c234,c5,3
5132,c5,c234,0
5133,c234,c234,3
5134,c5,c234,2
5135,c1,c234,4
5136,c5,c5,3
5137,c1,c1,0
5138,c1,c1,0
5139,c234,c234,2
5140,c5,c1,0
5141,c1,c234,3
5142,c5,c234,2
5143,c5,c1,0
5144,c1,c5,2
5145,c5,c5,3
5146,c1,c1,2
5147,c234,c1,0
5148,c234,c5,4
5149,c5,c234,2
5150,c234,c234,4
5151,c1,c234,3
5152,c234,c234,3
5153,c234,c1,0
5154,c234,c5,3
5155,c234,c234,4
5156,c5,c5,2
5157,c1,c1,4
5158,c5,c5,1
5159,c234,c5,4
5160,c234,c234,4
5161,c5,c5,3
5162,c234,c5,1
5163,c234,c1,3
5164,c234,c5,2
5165,c5,c234,3
5166,c1,c1,1
5167,c5,c1,3
5168,c234,c234,1
5169,c234,c234,2
5170,c1,c1,2
5171,c234,c234,2
5172,c5,c5,0
5173,c1,c234,1
5174,c5,c5,0
5175,c5,c234,2
5176,c234,c234,1
5177,c1,c234,4
5178,c1,c5,1
5179,c1,c1,3
5180,c234,c5,2
5181,c234,c234,1
5182,c234,c5,4
5183,c1,c5,1
5184,c1,c5,2
5185,c1,c5,3
5186,c234,c5,3
5187,c234,c234,1
5188,c234,c1,4
5189,c5,c234,3
5190,c234,c234,1
5191,c5,c5,2
5192,c1,c1,4
5193,c234,c1,1
5194,c1,c5,2
5195,c5,c234,3
5196,c5,c5,3
5197,c1,c5,1
5198,c234,c234,2
5199,c1,c1,4
5200,c234,c5,2
5201,c1,c234,4
5202,c5,c234,3
5203,c5,c234,4
5204,c1,c1,3
5205,c1,c5,4
5206,c234,c234,2
5207,c5,c5,3
5208,c5,c5,0
5209,c234,c234,3
5210,c1,c5,3
5211,c1,c234,1
5212,c234,c5,0
5213,c234,c234,4
5214,c1,c5,0
5215,c234,c1,4
5216,c5,c1,1
5217,c5,c1,2
5218,c5,c1,3
5219,c234,c1,0
5220,c5,c5,0
5221,c5,c1,3
5222,c5,c5,2
5223,c5,c1,3
5224,c1,c5,1
5225,c5,c1,3
5226,c5,c1,0
5227,c1,c1,2
5228,c1,c1,2
5229,c5,c234,2
5230,c5,c5,3
5231,c1,c234,3
5232,c234,c234,1
5233,c5,c1,0
5234,c5,c234,2
5235,c1,c234,4
5236,c1,c234,2
5237,c1,c5,2
5238,c234,c234,1
5239,c1,c5,1
5240,c234,c234,2
5241,c1,c1,3
5242,c1,c1,4
5243,c5,c5,0
5244,c1,c5,4
5245,c1,c5,0
5246,c1,c5,1
5247,c5,c234,4
5248,c1,c1,0
5249,c5,c1,3
5250,c1,c1,0
5251,c234,c234,4
5252,c5,c5,4
5253,c234,c5,3
5254,c1,c1,0
5255,c1,c1,0
5256,c1,c234,0
5257,c234,c234,1
5258,c1,c1,4
5259,c5,c5,3
5260,c1,c5,2
5261,c5,c5,4
5262,c1,c5,0
5263,c1,c1,1
5264,c5,c234,4
5265,c5,c5,2
5266,c1,c1,1
5267,c234,c5,1
5268,c5,c5,4
5269,c5,c5,1
5270,c5,c234,1
5271,c5,c5,1
5272,c1,c234,1
5273,c5,c1,2
5274,c5,c5,1
5275,c5,c5,3
5276,c5,c5,2
5277,c1,c5,3
5278,c5,c5,1
5279,c234,c1,0
5280,c5,c1,0
5281,c234,c5,3
5282,c5,c234,4
5283,c5,c5,2
5284,c234,c5,3
5285,c234,c1,3
5286,c1,c1,1
5287,c1,c5,4
5288,c1,c1,2
5289,c1,c5,1
5290,c234,c1,3
5291,c5,c5,2
5292,c234,c5,4
5293,c234,c5,1
5294,c5,c234,1
5295,c234,c234,2
5296,c5,c5,1
5297,c5,c5,0
5298,c1,c5,1
5299,c5,c1,2
5300,c5,c234,0
5301,c1,c5,1
5302,c5,c1,3
5303,c234,c1,4
5304,c1,c1,3
5305,c1,c1,3
5306,c5,c1,3
5307,c234,c1,4
5308,c1,c1,1
5309,c1,c234,2
5310,c1,c1,0
5311,c1,c5,0
5312,c234,c1,3
5313,c1,c1,3
5314,c5,c234,1
5315,c1,c1,1
5316,c5,c5,1
5317,c1,c234,3
5318,c234,c1,2
5319,c1,c5,0
5320,c5,c5,1
5321,c234,c234,0
5322,c1,c234,4
5323,c234,c234,3
5324,c234,c1,0
5325,c234,c5,4
5326,c5,c1,0
5327,c1,c1,3
5328,c1,c1,3
5329,c234,c1,3
5330,c234,c234,4
5331,c5,c234,0
5332,c234,c1,3
5333,c234,c234,2
5334,c1,c234,0
5335,c234,c5,1
5336,c5,c5,0
5337,c1,c1,3
5338,c5,c5,1
5339,c5,c1,4
5340,c1,c234,2
5341,c234,c5,2
5342,c234,c234,2
5343,c5,c5,0
5344,c234,c1,3
5345,c1,c1,1
5346,c1,c234,2
5347,c234,c1,4
5348,c5,c5,1
5349,c234,c234,3
5350,c5,c5,2
5351,c1,c234,0
5352,c1,c234,1
5353,c234,c234,4
5354,c5,c234,3
5355,c1,c234,0
5356,c234,c1,1
5357,c234,c1,1
5358,c234,c234,2
5359,c1,c234,1
5360,c234,c5,3
5361,c234,c234,4
5362,c5,c1,3
5363,c1,c234,2
5364,c5,c234,4
5365,c234,c5,0
5366,c1,c1,3
5367,c1,c5,2
5368,c1,c234,0
5369,c5,c5,3
5370,c234,c1,4
5371,c1,c1,0
5372,c1,c5,2
5373,c5,c5,4
5374,c1,c1,2
5375,c1,c1,3
5376,c5,c1,2
5377,c5,c234,4
5378,c234,c5,1
5379,c234,c1,4
5380,c234,c234,3
5381,c1,c1,3
5382,c234,c1,2
5383,c1,c1,1
5384,c234,c1,1
5385,c1,c1,0
5386,c234,c5,2
5387,c234,c1,4
5388,c234,c1,4
5389,c5,c5,3
5390,c5,c1,2
5391,c234,c1,4
5392,c1,c1,2
5393,c1,c234,1
5394,c234,c234,4
5395,c5,c234,0
5396,c1,c5,0
5397,c5,c234,2
5398,c5,c234,1
5399,c5,c5,2
5400,c234,c5,3
5401,c234,c1,0
5402,c234,c1,4
5403,c1,c1,2
5404,c1,c1,4
5405,c1,c5,4
5406,c1,c234,1
5407,c234,c1,0
5408,c1,c1,1
5409,c234,c234,2
5410,c1,c234,0
5411,c5,c234,1
5412,c1,c1,0
5413,c1,c1,0
5414,c5,c234,4
5415,c234,c234,2
5416,c1,c1,2
5417,c5,c234,3
5418,c1,c234,0
5419,c234,c5,2
5420,c234,c5,3
5421,c1,c5,4
5422,c234,c5,1
5423,c234,c234,1
5424,c1,c1,3
5425,c1,c1,0
5426,c5,c234,1
5427,c5,c1,3
5428,c1,c234,1
5429,c5,c5,2
5430,c234,c5,4
5431,c5,c5,2
5432,c5,c5,2
5433,c5,c5,1
5434,c1,c234,4
5435,c234,c1,4
5436,c234,c5,2
5437,c1,c1,4
5438,c1,c1,1
5439,c5,c1,4
5440,c1,c1,3
5441,c234,c5,1
5442,c234,c1,1
5443,c234,c1,2
5444,c5,c234,4
5445,c1,c234,4
5446,c5,c5,1
5447,c1,c1,4
5448,c5,c1,4
5449,c1,c1,3
5450,c5,c5,4
5451,c5,c5,0
5452,c1,c5,0
5453,c5,c234,2
5454,c234,c5,4
5455,c5,c5,4
5456,c234,c1,4
5457,c234,c5,2
5458,c1,c1,4
5459,c1,c1,4
5460,c1,c5,4
5461,c5,c234,0
5462,c1,c1,3
5463,c1,c1,3
5464,c1,c5,3
5465,c1,c1,3
5466,c5,c5,4
5467,c234,c5,2
5468,c1,c234,3
5469,c1,c1,2
5470,c1,c1,4
5471,c234,c5,4
5472,c234,c234,4
5473,c1,c1,4
5474,c234,c234,1
5475,c1,c234,0
5476,c234,c234,2
5477,c234,c5,4
5478,c1,c5,4
5479,c234,c234,0
5480,c5,c5,4
5481,c5,c5,3
5482,c5,c5,2
5483,c234,c5,0
5484,c234,c5,0
5485,c234,c5,3
5486,c1,c5,1
5487,c5,c5,4
5488,c5,c234,1
5489,c1,c1,2
5490,c1,c1,0
5491,c1,c1,1
5492,c234,c1,4
5493,c1,c5,2
5494,c5,c234,2
5495,c1,c234,1
5496,c234,c234,3
5497,c5,c5,3
5498,c5,c234,1
5499,c1,c1,3
5500,c5,c234,1
5501,c234,c1,2
5502,c234,c5,0
5503,c234,c1,4
5504,c5,c234,2
5505,c5,c1,2
5506,c5,c1,4
5507,c5,c234,1
5508,c5,c5,4
5509,c234,c1,2
5510,c234,c234,1
5511,c1,c234,4
5512,c234,c1,2
5513,c234,c5,3
5514,c5,c234,4
5515,c5,c234,4
5516,c234,c234,2
5517,c234,c1,2
5518,c5,c5,2
5519,c1,c1,0
5520,c234,c1,1
5521,c234,c5,0
5522,c234,c234,0
5523,c1,c1,1
5524,c5,c5,1
5525,c1,c5,1
5526,c1,c5,1
5527,c1,c1,4
5528,c5,c234,1
5529,c5,c1,1
5530,c234,c234,4
5531,c234,c5,0
5532,c5,c5,3
5533,c1,c234,3
5534,c5,c234,0
5535,c5,c5,0
5536,c234,c1,1
5537,c1,c234,4
5538,c5,c234,0
5539,c234,c1,1
5540,c234,c1,3
5541,c234,c234,4
5542,c234,c234,1
5543,c234,c234,2
5544,c234,c234,1
5545,c234,c1,1
5546,c5,c234,0
5547,c234,c5,1
5548,c1,c5,4
5549,c5,c5,2
5550,c1,c234,4
5551,c5,c234,4
5552,c234,c234,1
5553,c234,c5,2
5554,c1,c1,3
5555,c1,c1,4
5556,c1,c234,2
5557,c5,c5,3
5558,c1,c1,2
5559,c234,c1,1
5560,c1,c1,3
5561,c5,c234,0
5562,c1,c1,1
5563,c234,c234,1
5564,c234,c234,3
5565,c234,c1,4
5566,c1,c1,1
5567,c1,c5,4
5568,c1,c5,3
5569,c1,c1,2
5570,c1,c1,0
5571,c5,c5,2
5572,c5,c5,4
5573,c5,c1,2
5574,c5,c5,3
5575,c5,c5,0
5576,c5,c234,2
5577,c234,c5,0
5578,c234,c5,1
5579,c234,c1,2
5580,c234,c5,4
5581,c5,c5,3
5582,c234,c5,3
5583,c234,c234,0
5584,c1,c234,4
5585,c1,c1,2
5586,c5,c234,4
5587,c5,c5,3
5588,c1,c1,2
5589,c234,c5,0
5590,c234,c5,0
5591,c5,c5,1
5592,c234,c234,1
5593,c5,c5,4
5594,c234,c1,0
5595,c5,c1,3
5596,c1,c234,4
5597,c234,c234,4
5598,c1,c1,0
5599,c234,c1,1
5600,c234,c1,4
5601,c5,c1,4
5602,c234,c1,2
5603,c5,c5,0
5604,c5,c234,1
5605,c1,c1,1
5606,c5,c1,2
5607,c5,c234,4
5608,c5,c234,0
5609,c234,c5,3
5610,c234,c5,3
5611,c234,c5,2
5612,c1,c5,2
5613,c1,c234,4
5614,c1,c234,4
5615,c234,c234,0
5616,c1,c234,1
5617,c234,c234,0
5618,c234,c5,1
5619,c5,c234,0
5620,c1,c1,0
5621,c5,c234,1
5622,c5,c5,4
5623,c234,c1,3
5624,c234,c5,4
5625,c234,c1,2
5626,c234,c1,4
5627,c5,c1,4
5628,c5,c1,0
5629,c234,c234,4
5630,c5,c234,1
5631,c234,c234,4
5632,c234,c234,3
5633,c5,c5,3
5634,c5,c234,1
5635,c1,c1,4
5636,c5,c5,1
5637,c1,c1,4
5638,c1,c1,3
5639,c5,c1,2
5640,c234,c1,0
5641,c234,c1,3
5642,c1,c234,3
5643,c1,c5,0
5644,c1,c1,4
5645,c5,c5,0
5646,c234,c234,1
5647,c234,c5,2
5648,c5,c5,1
5649,c5,c1,1
5650,c1,c234,4
5651,c1,c5,3
5652,c1,c234,3
5653,c234,c1,2
5654,c1,c234,3
5655,c234,c5,0
5656,c234,c5,1
5657,c234,c1,1
5658,c234,c5,0
5659,c1,c1,0
5660,c234,c234,3
5661,c234,c5,4
5662,c234,c5,3
5663,c1,c1,3
5664,c5,c234,1
5665,c234,c234,4
5666,c5,c234,1
5667,c1,c1,2
5668,c234,c234,1
5669,c1,c5,0
5670,c5,c1,4
5671,c1,c1,4
5672,c234,c5,0
5673,c234,c1,4
5674,c1,c5,3
5675,c1,c1,1
5676,c5,c5,0
5677,c234,c5,0
5678,c5,c5,1
5679,c5,c5,2
5680,c5,c234,4
5681,c234,c5,1
5682,c1,c234,0
5683,c5,c234,2
5684,c1,c1,1
5685,c1,c1,4
5686,c5,c5,0
5687,c234,c5,4
5688,c5,c5,2
5689,c5,c5,4
5690,c5,c234,1
5691,c234,c5,3
5692,c5,c5,3
5693,c234,c1,0
5694,c234,c5,3
5695,c5,c234,2
5696,c1,c5,0
5697,c234,c1,1
5698,c5,c234,0
5699,c234,c1,1
5700,c5,c5,3
5701,c5,c1,0
5702,c1,c5,1
5703,c234,c5,1
5704,c5,c5,0
5705,c234,c234,4
5706,c1,c1,4
5707,c5,c1,0
5708,c234,c5,1
5709,c5,c5,2
5710,c234,c5,1
5711,c234,c234,1
5712,c5,c1,1
5713,c5,c1,2
5714,c234,c234,4
5715,c1,c1,1
5716,c1,c1,0
5717,c1,c1,1
5718,c1,c1,2
5719,c234,c5,2
5720,c234,c5,1
5721,c5,c5,4
5722,c5,c5,2
5723,c1,c1,3
5724,c1,c234,0
5725,c234,c5,2
5726,c234,c234,3
5727,c234,c1,0
5728,c1,c1,4
5729,c5,c1,2
5730,c1,c234,3
5731,c234,c234,4
5732,c5,c1,1
5733,c234,c5,0
5734,c1,c1,0
5735,c1,c1,4
5736,c1,c234,3
5737,c1,c234,3
5738,c1,c234,3
5739,c234,c5,1
5740,c1,c234,3
5741,c5,c234,2
5742,c5,c234,2
5743,c5,c1,2
5744,c234,c234,1
5745,c234,c5,0
5746,c1,c1,3
5747,c1,c1,3
5748,c234,c5,2
5749,c5,c234,3
5750,c5,c234,0
5751,c234,c5,1
5752,c1,c234,4
5753,c5,c234,4
5754,c1,c1,2
5755,c234,c234,2
5756,c5,c234,0
5757,c234,c5,2
5758,c234,c234,1
5759,c234,c1,3
5760,c5,c5,2
5761,c234,c5,4
5762,c5,c5,2
5763,c5,c1,0
5764,c5,c5,0
5765,c5,c234,2
5766,c5,c5,1
5767,c234,c1,1
5768,c234,c1,0
5769,c5,c1,4
5770,c234,c234,2
5771,c1,c234,1
5772,c1,c234,4
5773,c1,c1,3
5774,c5,c5,4
5775,c5,c234,3
5776,c234,c234,3
5777,c5,c1,0
5778,c234,c5,4
5779,c1,c5,2
5780,c5,c234,3
5781,c1,c1,3
5782,c234,c234,3
5783,c5,c1,2
5784,c234,c5,1
5785,c5,c5,2
5786,c5,c234,0
5787,c234,c234,3
5788,c1,c1,1
5789,c5,c234,4
5790,c234,c234,4
5791,c1,c1,3
5792,c234,c234,4
5793,c1,c1,3
5794,c5,c234,2
5795,c1,c1,1
5796,c234,c1,3
5797,c1,c5,2
5798,c5,c234,4
5799,c5,c5,0
5800,c234,c234,4
5801,c1,c234,0
5802,c5,c234,1
5803,c234,c234,0
5804,c5,c1,1
5805,c234,c5,2
5806,c5,c5,1
5807,c1,c234,1
5808,c1,c234,4
5809,c1,c5,1
5810,c1,c5,1
5811,c5,c1,0
5812,c5,c1,0
5813,c1,c1,3
5814,c234,c234,0
5815,c234,c5,4
5816,c234,c234,2
5817,c1,c1,1
5818,c5,c5,3
5819,c1,c1,3
5820,c1,c234,2
5821,c234,c1,2
5822,c1,c234,1
5823,c5,c5,0
5824,c234,c1,0
5825,c1,c1,2
5826,c234,c1,0
5827,c5,c5,1
5828,c1,c234,0
5829,c5,c5,3
5830,c1,c1,1
5831,c1,c234,2
5832,c1,c1,3
5833,c234,c5,1
5834,c234,c1,0
5835,c5,c1,4
5836,c1,c1,4
5837,c234,c5,4
5838,c234,c5,4
5839,c234,c5,2
5840,c1,c1,3
5841,c1,c234,4
5842,c234,c5,3
5843,c234,c1,0
5844,c234,c1,3
5845,c1,c234,3
5846,c234,c234,1
5847,c5,c1,1
5848,c234,c234,4
5849,c1,c1,2
5850,c234,c5,2
5851,c5,c234,4
5852,c234,c234,2
5853,c5,c5,2
5854,c234,c234,3
5855,c1,c5,4
5856,c5,c5,3
5857,c5,c5,0
5858,c5,c1,2
5859,c1,c234,4
5860,c234,c5,3
5861,c1,c234,0
5862,c5,c5,3
5863,c234,c234,3
5864,c1,c1,3
5865,c1,c5,0
5866,c1,c5,2
5867,c5,c5,4
5868,c5,c234,1
5869,c5,c234,4
5870,c5,c234,3
5871,c1,c5,3
5872,c1,c1,1
5873,c5,c1,3
5874,c5,c5,3
5875,c234,c5,0
5876,c1,c1,3
5877,c234,c234,4
5878,c1,c5,0
5879,c5,c1,3
5880,c5,c1,4
5881,c234,c5,3
5882,c234,c1,2
5883,c5,c5,3
5884,c5,c5,3
5885,c5,c1,2
5886,c5,c5,0
5887,c1,c234,3
5888,c1,c234,1
5889,c5,c1,4
5890,c234,c5,3
5891,c1,c1,1
5892,c5,c234,0
5893,c1,c5,0
5894,c234,c5,0
5895,c234,c234,3
5896,c234,c234,1
5897,c234,c234,3
5898,c1,c1,2
5899,c5,c234,4
5900,c234,c234,4
5901,c1,c234,4
5902,c234,c1,3
5903,c5,c5,2
5904,c234,c234,4
5905,c5,c5,0
5906,c5,c5,2
5907,c1,c234,0
5908,c1,c5,2
5909,c1,c5,1
5910,c1,c5,2
5911,c5,c5,3
5912,c1,c1,1
5913,c234,c1,2
5914,c1,c1,0
5915,c5,c5,4
5916,c5,c234,4
5917,c234,c1,0
5918,c234,c234,4
5919,c1,c1,3
5920,c5,c234,1
5921,c5,c1,4
5922,c5,c5,1
5923,c1,c5,4
5924,c234,c1,2
5925,c5,c1,2
5926,c5,c5,0
5927,c234,c234,1
5928,c1,c5,4
5929,c1,c1,1
5930,c5,c5,3
5931,c234,c1,2
5932,c5,c5,0
5933,c1,c234,0
5934,c1,c1,2
5935,c234,c5,0
5936,c5,c1,2
5937,c5,c5,3
5938,c1,c5,3
5939,c234,c234,0
5940,c1,c1,3
5941,c1,c1,0
5942,c234,c5,3
5943,c234,c5,1
5944,c234,c1,1
5945,c234,c1,0
5946,c234,c5,0
5947,c1,c1,0
5948,c234,c5,2
5949,c1,c5,3
5950,c5,c5,0
5951,c234,c5,0
5952,c5,c5,3
5953,c234,c1,4
5954,c5,c5,4
5955,c234,c234,0
5956,c234,c234,2
5957,c234,c1,4
5958,c5,c5,0
5959,c1,c1,2
5960,c234,c1,3
5961,c5,c1,4
5962,c1,c234,1
5963,c1,c5,4
5964,c5,c234,1
5965,c1,c1,4
5966,c5,c234,3
5967,c234,c1,0
5968,c5,c5,1
5969,c5,c1,3
5970,c1,c1,4
5971,c1,c1,4
5972,c234,c5,2
5973,c234,c1,0
5974,c5,c1,4
5975,c234,c1,3
5976,c234,c1,0
5977,c1,c1,3
5978,c1,c234,1
5979,c234,c5,0
5980,c234,c234,2
5981,c234,c234,0
5982,c234,c1,2
5983,c5,c1,2
5984,c1,c1,4
5985,c5,c1,4
5986,c5,c1,0
5987,c5,c1,1
5988,c234,c1,4
5989,c1,c1,1
5990,c5,c1,0
5991,c234,c234,3
5992,c5,c5,0
5993,c5,c5,3
5994,c234,c5,0
5995,c234,c234,0
5996,c1,c234,3
5997,c5,c5,3
5998,c5,c5,1
5999,c234,c5,4
6000,c1,c5,1
6001,c1,c1,2
6002,c5,c5,2
6003,c5,c5,1
6004,c5,c1,4
6005,c234,c1,2
6006,c234,c5,2
6007,c1,c1,2
6008,c234,c1,4
6009,c5,c1,3
6010,c234,c5,0
6011,c1,c1,2
6012,c234,c5,4
6013,c5,c1,2
6014,c5,c234,1
6015,c234,c234,1
6016,c234,c234,2
6017,c5,c1,2
6018,c5,c5,0
6019,c234,c234,2
6020,c5,c1,0
6021,c5,c5,3
6022,c5,c234,3
6023,c5,c234,4
6024,c234,c234,2
6025,c234,c234,2
6026,c234,c234,1
6027,c5,c5,4
6028,c1,c5,2
6029,c1,c1,4
6030,c234,c5,2
6031,c234,c5,1
6032,c1,c1,2
6033,c5,c5,2
6034,c1,c1,2
6035,c1,c1,1
6036,c1,c234,2
6037,c5,c5,1
6038,c234,c5,3
6039,c234,c234,4
6040,c5,c5,3
6041,c5,c5,2
6042,c5,c5,3
6043,c5,c5,3
6044,c5,c5,3
6045,c234,c5,2
6046,c1,c234,0
6047,c234,c5,0
6048,c234,c5,3
6049,c234,c234,4
6050,c5,c1,3
6051,c234,c234,4
6052,c234,c234,2
6053,c234,c234,1
6054,c5,c5,4
6055,c5,c234,1
6056,c1,c5,1
6057,c234,c234,1
6058,c234,c5,0
6059,c5,c1,0
6060,c1,c234,4
6061,c5,c1,4
6062,c1,c5,2
6063,c234,c1,3
6064,c5,c5,0
6065,c5,c1,3
6066,c234,c1,0
6067,c1,c5,0
6068,c1,c1,4
6069,c234,c234,4
6070,c5,c5,1
6071,c1,c1,1
6072,c234,c1,3
6073,c234,c1,2
6074,c5,c5,3
6075,c1,c5,2
6076,c234,c1,3
6077,c234,c234,4
6078,c5,c1,0
6079,c1,c234,4
6080,c234,c234,1
6081,c234,c5,3
6082,c234,c1,4
6083,c5,c234,3
6084,c5,c234,4
6085,c1,c1,3
6086,c5,c234,1
6087,c5,c5,2
6088,c234,c5,1
6089,c234,c5,1
6090,c5,c234,3
6091,c234,c234,2
6092,c5,c234,0
6093,c5,c1,4
6094,c5,c234,0
6095,c234,c5,1
6096,c234,c234,3
6097,c234,c1,0
6098,c5,c5,0
6099,c5,c234,4
6100,c5,c1,1
6101,c234,c1,3
6102,c234,c1,2
6103,c5,c5,4
6104,c5,c234,2
6105,c5,c5,0
6106,c5,c5,3
6107,c1,c234,0
6108,c5,c5,2
6109,c1,c5,3
6110,c5,c5,3
6111,c234,c5,1
6112,c1,c1,4
6113,c5,c1,4
6114,c234,c5,1
6115,c1,c1,1
6116,c234,c1,0
6117,c1,c1,2
6118,c234,c1,1
6119,c1,c234,0
6120,c234,c5,1
6121,c5,c234,4
6122,c234,c234,1
6123,c234,c234,0
6124,c1,c1,1
6125,c5,c5,2
6126,c234,c234,0
6127,c234,c1,4
6128,c5,c234,2
6129,c1,c1,2
6130,c1,c1,4
6131,c234,c1,4
6132,c1,c234,2
6133,c5,c1,4
6134,c5,c5,2
6135,c234,c234,2
6136,c5,c5,1
6137,c5,c5,2
6138,c234,c5,2
6139,c1,c234,4
6140,c5,c5,1
6141,c234,c5,1
6142,c5,c234,0
6143,c234,c5,0
6144,c5,c5,3
6145,c1,c1,0
6146,c5,c1,1
6147,c234,c1,1
6148,c234,c1,4
6149,c1,c1,0
6150,c5,c5,3
6151,c1,c234,1
6152,c234,c234,3
6153,c1,c234,4
6154,c1,c1,2
6155,c5,c234,3
6156,c234,c5,2
6157,c1,c5,4
6158,c5,c5,1
6159,c234,c1,3
6160,c1,c234,1
6161,c5,c234,1
6162,c5,c5,4
6163,c1,c234,2
6164,c5,c5,1
6165,c234,c5,0
6166,c5,c5,0
6167,c5,c5,4
6168,c1,c5,1
6169,c234,c234,0
6170,c5,c234,4
6171,c1,c5,1
6172,c5,c5,3
6173,c234,c5,3
6174,c5,c5,4
6175,c1,c1,2
6176,c1,c5,3
6177,c5,c5,1
6178,c5,c5,2
6179,c5,c5,1
6180,c1,c1,1
6181,c1,c5,4
6182,c234,c234,0
6183,c5,c5,0
6184,c234,c234,4
6185,c1,c234,2
6186,c5,c5,1
6187,c5,c5,4
6188,c234,c1,3
6189,c1,c234,2
6190,c5,c234,2
6191,c1,c234,2
6192,c234,c5,0
6193,c1,c234,1
6194,c234,c5,2
6195,c1,c234,3
6196,c1,c1,3
6197,c1,c1,4
6198,c234,c1,2
6199,c5,c5,4
6200,c5,c5,3
6201,c1,c5,3
6202,c5,c234,3
6203,c1,c1,1
6204,c5,c5,4
6205,c5,c234,4
6206,c234,c5,3
6207,c1,c1,1
6208,c234,c1,0
6209,c1,c1,0
6210,c234,c5,0
6211,c1,c1,1
6212,c1,c234,0
6213,c5,c5,0
6214,c234,c1,0
6215,c234,c234,1
6216,c1,c5,0
6217,c234,c234,2
6218,c234,c1,3
6219,c234,c234,2
6220,c1,c5,0
6221,c5,c5,3
6222,c234,c1,0
6223,c234,c1,3
6224,c1,c1,1
6225,c1,c1,4
6226,c1,c234,0
6227,c5,c1,3
6228,c1,c1,4
6229,c5,c1,2
6230,c5,c1,2
6231,c5,c5,3
6232,c5,c5,0
6233,c5,c1,4
6234,c1,c5,0
6235,c234,c1,0
6236,c234,c234,1
6237,c5,c5,2
6238,c5,c1,0
6239,c1,c5,3
6240,c1,c1,0
6241,c234,c1,1
6242,c1,c1,3
6243,c1,c1,2
6244,c234,c1,2
6245,c234,c5,2
6246,c234,c1,3
6247,c5,c234,1
6248,c234,c234,4
6249,c1,c234,2
6250,c234,c234,3
6251,c5,c5,1
6252,c5,c5,1
6253,c5,c5,2
6254,c1,c5,4
6255,c1,c1,1
6256,c234,c1,4
6257,c234,c1,2
6258,c234,c1,0
6259,c234,c1,1
6260,c234,c234,0
6261,c234,c1,2
6262,c5,c5,2
6263,c234,c1,2
6264,c1,c5,1
6265,c1,c234,0
6266,c5,c5,2
6267,c1,c234,3
6268,c1,c1,1
6269,c1,c234,1
6270,c234,c5,3
6271,c234,c234,4
6272,c234,c1,2
6273,c5,c234,3
6274,c1,c1,3
6275,c1,c1,1
6276,c1,c234,1
6277,c234,c234,2
6278,c1,c5,0
6279,c5,c234,3
6280,c1,c234,3
6281,c234,c5,3
6282,c234,c234,4
6283,c1,c1,1
6284,c234,c5,2
6285,c5,c1,4
6286,c5,c5,3
6287,c5,c5,1
6288,c234,c234,4
6289,c5,c5,3
6290,c5,c5,2
6291,c1,c1,3
6292,c234,c234,4
6293,c234,c234,1
6294,c5,c5,1
6295,c5,c5,3
6296,c5,c1,4
6297,c5,c5,0
6298,c5,c5,1
6299,c234,c5,4
6300,c234,c1,0
6301,c5,c1,0
6302,c1,c1,0
6303,c5,c5,3
6304,c5,c1,2
6305,c234,c5,4
6306,c1,c5,4
6307,c1,c234,3
6308,c5,c5,1
6309,c5,c1,0
6310,c5,c1,0
6311,c1,c234,1
6312,c234,c1,2
6313,c234,c1,3
6314,c5,c5,1
6315,c234,c1,1
6316,c234,c1,4
6317,c1,c1,3
6318,c234,c234,3
6319,c1,c234,0
6320,c1,c1,0
6321,c5,c5,3
6322,c234,c234,1
6323,c1,c1,0
6324,c234,c234,1
6325,c234,c234,1
6326,c234,c234,2
6327,c5,c1,4
6328,c1,c5,1
6329,c234,c5,1
6330,c234,c1,2
6331,c1,c234,4
6332,c234,c234,3
6333,c234,c234,0
6334,c5,c5,0
6335,c1,c1,2
6336,c5,c5,2
6337,c5,c234,3
6338,c234,c1,1
6339,c5,c5,2
6340,c5,c1,4
6341,c5,c234,4
6342,c5,c5,1
6343,c5,c5,0
6344,c234,c234,4
6345,c5,c5,2
6346,c1,c234,2
6347,c234,c1,1
6348,c234,c1,2
6349,c5,c5,4
6350,c5,c5,1
6351,c234,c234,3
6352,c5,c5,1
6353,c1,c1,3
6354,c5,c5,3
6355,c5,c5,0
6356,c5,c1,4
6357,c234,c234,1
6358,c234,c5,3
6359,c1,c1,0
6360,c1,c5,4
6361,c234,c5,3
6362,c5,c5,0
6363,c5,c5,3
6364,c5,c5,2
6365,c1,c5,2
6366,c234,c5,4
6367,c1,c234,1
6368,c5,c5,3
6369,c1,c1,1
6370,c1,c5,2
6371,c1,c5,4
6372,c234,c1,3
6373,c1,c1,0
6374,c1,c1,2
6375,c5,c5,4
6376,c1,c234,2
6377,c234,c5,3
6378,c5,c5,3
6379,c234,c234,2
6380,c234,c1,4
6381,c234,c234,3
6382,c5,c1,2
6383,c1,c1,4
6384,c5,c5,0
6385,c1,c1,0
6386,c234,c234,3
6387,c5,c234,4
6388,c234,c5,0
6389,c1,c1,2
6390,c5,c1,2
6391,c234,c234,2
6392,c5,c5,4
6393,c5,c1,2
6394,c234,c5,1
6395,c5,c5,4
6396,c1,c1,2
6397,c234,c5,2
6398,c5,c234,4
6399,c234,c5,0
6400,c5,c5,3
6401,c5,c5,1
6402,c5,c5,4
6403,c5,c5,3
6404,c1,c234,0
6405,c1,c1,0
6406,c234,c5,2
6407,c5,c5,3
6408,c234,c1,1
6409,c5,c234,3
6410,c5,c234,4
6411,c234,c1,0
6412,c5,c234,0
6413,c5,c5,4
6414,c5,c1,2
6415,c1,c1,4
6416,c234,c234,3
6417,c234,c1,3
6418,c234,c1,4
6419,c234,c234,2
6420,c234,c5,1
6421,c234,c5,2
6422,c1,c1,2
6423,c1,c1,1
6424,c1,c1,1
6425,c234,c234,3
6426,c5,c234,3
6427,c5,c5,2
6428,c1,c234,4
6429,c5,c5,0
6430,c5,c234,3
6431,c234,c1,0
6432,c1,c1,2
6433,c5,c5,0
6434,c234,c1,0
6435,c234,c1,4
6436,c5,c5,2
6437,c5,c1,4
6438,c5,c5,0
6439,c234,c5,3
6440,c5,c234,4
6441,c234,c1,4
6442,c5,c234,2
6443,c5,c5,4
6444,c1,c5,1
6445,c1,c1,1
6446,c5,c234,1
6447,c5,c1,1
6448,c234,c5,0
6449,c234,c1,2
6450,c1,c234,3
6451,c234,c5,3
6452,c234,c234,4
6453,c234,c5,2
6454,c5,c5,2
6455,c5,c5,2
6456,c234,c234,3
6457,c5,c1,2
6458,c234,c5,1
6459,c1,c1,0
6460,c5,c234,3
6461,c234,c234,1
6462,c234,c1,0
6463,c5,c5,1
6464,c5,c234,1
6465,c234,c1,0
6466,c5,c1,4
6467,c5,c234,1
6468,c5,c5,4
6469,c1,c5,2
6470,c5,c5,2
6471,c5,c5,0
6472,c1,c1,4
6473,c1,c1,3
6474,c1,c234,2
6475,c1,c1,4
6476,c5,c5,0
6477,c5,c234,3
6478,c1,c234,4
6479,c1,c1,2
6480,c5,c234,4
6481,c234,c234,1
6482,c5,c1,1
6483,c5,c234,2
6484,c5,c5,1
6485,c5,c1,0
6486,c1,c5,0
6487,c1,c5,3
6488,c5,c234,4
6489,c234,c234,3
6490,c5,c1,2
6491,c234,c234,3
6492,c234,c234,0
6493,c1,c234,0
6494,c5,c5,3
6495,c1,c234,3
6496,c1,c5,1
6497,c5,c5,4
6498,c1,c234,2
6499,c1,c1,1
6500,c1,c234,3
6501,c1,c1,4
6502,c1,c5,4
6503,c5,c5,3
6504,c5,c5,1
6505,c234,c1,3
6506,c234,c234,4
6507,c5,c5,2
6508,c1,c5,3
6509,c5,c5,3
6510,c234,c5,3
6511,c234,c1,2
6512,c5,c5,0
6513,c5,c5,4
6514,c1,c1,4
6515,c5,c1,4
6516,c5,c5,1
6517,c1,c234,2
6518,c5,c5,0
6519,c1,c5,4
6520,c1,c1,1
6521,c234,c1,0
6522,c1,c5,3
6523,c5,c1,4
6524,c1,c1,1
6525,c234,c5,0
6526,c5,c5,0
6527,c1,c1,3
6528,c1,c1,1
6529,c1,c1,2
6530,c1,c5,4
6531,c234,c1,3
6532,c234,c1,2
6533,c1,c5,0
6534,c234,c234,4
6535,c5,c5,4
6536,c1,c234,3
6537,c234,c1,2
6538,c5,c5,2
6539,c5,c5,0
6540,c234,c234,0
6541,c5,c1,2
6542,c1,c1,2
6543,c5,c234,2
6544,c1,c1,0
6545,c234,c1,3
6546,c234,c5,2
6547,c234,c234,1
6548,c1,c5,2
6549,c1,c1,0
6550,c234,c234,1
6551,c5,c234,4
6552,c1,c1,1
6553,c234,c1,4
6554,c1,c5,0
6555,c1,c1,3
6556,c1,c5,1
6557,c5,c234,1
6558,c234,c234,2
6559,c234,c5,1
6560,c1,c5,2
6561,c1,c5,1
6562,c5,c5,1
6563,c1,c234,0
6564,c5,c5,2
6565,c1,c1,0
6566,c5,c5,2
6567,c1,c1,3
6568,c5,c234,4
6569,c5,c5,4
6570,c1,c5,2
6571,c5,c1,1
6572,c1,c1,1
6573,c5,c5,2
6574,c1,c1,3
6575,c5,c1,2
6576,c1,c1,1
6577,c1,c234,0
6578,c234,c5,2
6579,c5,c5,3
6580,c234,c234,4
6581,c1,c234,1
6582,c5,c1,4
6583,c5,c1,4
6584,c1,c1,4
6585,c1,c1,2
6586,c234,c1,1
6587,c1,c1,4
6588,c1,c1,1
6589,c234,c234,3
6590,c1,c5,3
6591,c1,c1,1
6592,c234,c234,4
6593,c1,c5,2
6594,c5,c5,0
6595,c234,c234,3
6596,c1,c5,3
6597,c1,c234,3
6598,c5,c5,3
6599,c1,c234,4
6600,c5,c1,1
6601,c234,c5,4
6602,c1,c234,0
6603,c1,c5,0
6604,c5,c234,0
6605,c1,c5,1
6606,c234,c5,4
6607,c234,c1,4
6608,c1,c5,0
6609,c234,c1,1
6610,c1,c1,2
6611,c234,c5,0
6612,c234,c1,3
6613,c5,c1,1
6614,c234,c234,2
6615,c1,c5,4
6616,c5,c5,1
6617,c1,c1,4
6618,c234,c234,4
6619,c1,c5,3
6620,c5,c1,0
6621,c5,c1,3
6622,c5,c234,4
6623,c5,c5,1
6624,c5,c234,0
6625,c5,c1,4
6626,c1,c1,4
6627,c5,c5,4
6628,c1,c1,0
6629,c5,c234,3
6630,c5,c1,1
6631,c1,c5,1
6632,c234,c234,2
6633,c5,c5,2
6634,c234,c234,4
6635,c5,c5,0
6636,c5,c5,1
6637,c234,c5,0
6638,c5,c5,0
6639,c234,c1,1
6640,c234,c1,4
6641,c1,c5,1
6642,c234,c5,4
6643,c234,c234,2
6644,c1,c1,3
6645,c1,c1,2
6646,c234,c1,0
6647,c5,c1,1
6648,c1,c234,3
6649,c1,c5,0
6650,c5,c234,3
6651,c1,c234,2
6652,c5,c1,1
6653,c5,c5,2
6654,c5,c5,2
6655,c1,c1,1
6656,c234,c234,0
6657,c5,c234,2
6658,c234,c234,3
6659,c5,c1,2
6660,c5,c1,1
6661,c234,c234,3
6662,c234,c234,1
6663,c234,c1,1
6664,c234,c1,4
6665,c1,c1,4
6666,c1,c1,2
6667,c1,c1,1
6668,c234,c5,4
6669,c234,c1,2
6670,c1,c1,3
6671,c234,c234,0
6672,c234,c234,2
6673,c234,c234,3
6674,c5,c5,1
6675,c234,c234,1
6676,c5,c234,0
6677,c1,c1,2
6678,c1,c1,4
6679,c234,c234,3
6680,c1,c5,4
6681,c1,c1,4
6682,c5,c5,3
6683,c234,c234,3
6684,c1,c1,3
6685,c234,c1,2
6686,c1,c234,3
6687,c234,c234,0
6688,c5,c5,2
6689,c5,c5,0
6690,c234,c234,0
6691,c234,c234,0
6692,c234,c5,1
6693,c1,c5,0
6694,c5,c234,1
6695,c5,c5,4
6696,c1,c234,3
6697,c234,c1,3
6698,c5,c234,0
6699,c1,c1,2
6700,c234,c5,1
6701,c234,c1,0
6702,c1,c5,1
6703,c5,c5,2
6704,c5,c5,4
6705,c1,c1,3
6706,c5,c234,1
6707,c5,c5,1
6708,c1,c234,4
6709,c1,c1,3
6710,c234,c1,2
6711,c234,c234,2
6712,c234,c234,1
6713,c234,c234,3
6714,c1,c1,4
6715,c234,c1,3
6716,c234,c1,1
6717,c234,c1,0
6718,c5,c5,4
6719,c5,c234,1
6720,c5,c1,2
6721,c5,c5,3
6722,c1,c1,0
6723,c1,c1,4
6724,c234,c1,2
6725,c5,c234,2
6726,c1,c234,1
6727,c5,c5,1
6728,c234,c5,2
6729,c1,c234,1
6730,c5,c5,0
6731,c234,c5,0
6732,c5,c234,0
6733,c1,c1,2
6734,c5,c5,4
6735,c234,c234,3
6736,c1,c1,4
6737,c1,c5,1
6738,c5,c1,1
6739,c1,c1,4
6740,c1,c5,0
6741,c234,c5,3
6742,c1,c234,4
6743,c234,c1,3
6744,c234,c5,2
6745,c5,c5,1
6746,c1,c5,4
6747,c1,c1,4
6748,c1,c1,3
6749,c1,c5,3
6750,c5,c5,2
6751,c1,c1,0
6752,c5,c5,4
6753,c1,c1,2
6754,c234,c234,2
6755,c5,c5,0
6756,c1,c1,3
6757,c1,c5,3
6758,c234,c234,0
6759,c234,c234,2
6760,c1,c1,4
6761,c234,c234,2
6762,c5,c234,4
6763,c234,c234,3
6764,c5,c5,2
6765,c234,c234,1
6766,c1,c234,3
6767,c234,c1,3
6768,c1,c1,0
6769,c5,c5,4
6770,c234,c234,0
6771,c5,c234,1
6772,c5,c1,3
6773,c234,c1,0
6774,c5,c5,4
6775,c234,c5,2
6776,c234,c1,4
6777,c1,c5,4
6778,c1,c1,0
6779,c234,c5,2
6780,c5,c5,1
6781,c5,c5,3
6782,c5,c5,1
6783,c234,c234,1
6784,c5,c234,4
6785,c1,c234,0
6786,c234,c1,4
6787,c234,c5,2
6788,c234,c5,1
6789,c5,c5,3
6790,c1,c1,1
6791,c1,c5,1
6792,c234,c234,3
6793,c1,c5,3
6794,c1,c234,0
6795,c234,c5,0
6796,c234,c234,4
6797,c234,c1,1
6798,c234,c234,0
6799,c1,c5,4
6800,c5,c1,4
6801,c1,c234,2
6802,c1,c1,3
6803,c1,c1,3
6804,c5,c5,2
6805,c1,c1,4
6806,c234,c5,4
6807,c5,c5,1
6808,c5,c5,3
6809,c5,c1,3
6810,c5,c1,3
6811,c1,c1,4
6812,c234,c5,4
6813,c1,c1,0
6814,c5,c1,1
6815,c5,c5,4
6816,c234,c5,1
6817,c234,c5,3
6818,c234,c234,2
6819,c234,c5,0
6820,c5,c5,2
6821,c1,c1,3
6822,c234,c234,2
6823,c1,c5,0
6824,c1,c234,3
6825,c234,c1,3
6826,c1,c1,0
6827,c234,c5,3
6828,c1,c5,3
6829,c234,c234,3
6830,c1,c1,3
6831,c1,c1,3
6832,c5,c1,1
6833,c1,c5,2
6834,c1,c5,2
6835,c234,c5,2
6836,c234,c234,4
6837,c234,c5,0
6838,c5,c1,4
6839,c1,c5,2
6840,c1,c1,0
6841,c234,c5,1
6842,c234,c5,0
6843,c1,c1,4
6844,c234,c5,0
6845,c5,c5,3
6846,c234,c234,2
6847,c234,c234,4
6848,c234,c234,0
6849,c1,c1,4
6850,c1,c234,4
6851,c5,c5,1
6852,c1,c1,3
6853,c5,c234,0
6854,c1,c1,3
6855,c5,c5,0
6856,c5,c1,1
6857,c5,c5,2
6858,c1,c1,0
6859,c234,c1,1
6860,c1,c5,4
6861,c1,c1,1
6862,c234,c5,2
6863,c234,c5,0
6864,c5,c5,0
6865,c5,c5,0
6866,c5,c5,1
6867,c5,c1,4
6868,c234,c5,4
6869,c5,c5,2
6870,c1,c5,0
6871,c5,c5,0
6872,c234,c1,4
6873,c5,c234,4
6874,c5,c5,2
6875,c5,c5,3
6876,c5,c234,3
6877,c234,c234,1
6878,c1,c1,2
6879,c1,c1,4
6880,c5,c5,1
6881,c5,c5,1
6882,c5,c5,4
6883,c234,c5,3
6884,c5,c1,1
6885,c1,c5,1
6886,c234,c5,0
6887,c1,c1,1
6888,c5,c234,1
6889,c1,c1,0
6890,c5,c234,2
6891,c5,c5,4
6892,c1,c1,0
6893,c1,c234,1
6894,c1,c1,3
6895,c1,c1,2
6896,c234,c5,3
6897,c234,c1,0
6898,c5,c1,3
6899,c1,c1,3
6900,c234,c1,0
6901,c1,c234,0
6902,c5,c1,3
6903,c5,c234,0
6904,c234,c5,2
6905,c1,c5,2
6906,c234,c5,1
6907,c5,c234,2
6908,c5,c1,0
6909,c234,c5,2
6910,c1,c234,4
6911,c5,c234,1
6912,c1,c1,4
6913,c234,c1,4
6914,c5,c234,3
6915,c234,c234,3
6916,c1,c1,3
6917,c1,c234,4
6918,c1,c5,3
6919,c5,c1,1
6920,c234,c5,2
6921,c234,c234,2
6922,c1,c234,2
6923,c1,c1,2
6924,c5,c234,3
6925,c1,c1,4
6926,c5,c234,4
6927,c1,c1,0
6928,c1,c1,4
6929,c234,c5,0
6930,c234,c234,4
6931,c1,c234,1
6932,c5,c5,4
6933,c5,c1,0
6934,c234,c234,2
6935,c5,c5,2
6936,c234,c234,3
6937,c234,c5,1
6938,c5,c5,4
6939,c234,c1,2
6940,c5,c5,3
6941,c1,c234,0
6942,c234,c1,4
6943,c234,c5,0
6944,c1,c5,0
6945,c1,c5,3
6946,c1,c234,2
6947,c5,c5,0
6948,c5,c234,4
6949,c234,c5,3
6950,c5,c5,2
6951,c5,c5,1
6952,c5,c1,1
6953,c1,c234,2
6954,c234,c1,0
6955,c1,c1,2
6956,c234,c234,2
6957,c5,c1,3
6958,c234,c234,3
6959,c1,c234,0
6960,c5,c234,4
6961,c1,c1,4
6962,c5,c234,1
6963,c5,c1,1
6964,c1,c1,4
6965,c1,c5,0
6966,c234,c234,3
6967,c234,c5,0
6968,c5,c5,1
6969,c1,c5,2
6970,c234,c5,2
6971,c1,c1,1
6972,c5,c234,1
6973,c1,c5,2
6974,c234,c1,2
6975,c1,c1,3
6976,c1,c5,4
6977,c234,c234,4
6978,c1,c1,3
6979,c5,c5,0
6980,c5,c5,4
6981,c1,c1,2
6982,c5,c5,2
6983,c1,c234,2
6984,c234,c234,1
6985,c234,c234,1
6986,c5,c5,0
6987,c5,c234,3
6988,c1,c234,2
6989,c234,c234,2
6990,c5,c234,2
6991,c1,c1,4
6992,c1,c5,1
6993,c1,c1,2
6994,c234,c5,2
6995,c5,c5,4
6996,c234,c1,4
6997,c5,c5,3
6998,c5,c5,3
6999,c1,c5,3
7000,c5,c5,3
7001,c5,c5,0
7002,c5,c234,0
7003,c5,c1,4
7004,c1,c234,1
7005,c5,c1,1
7006,c1,c1,4
7007,c5,c234,1
7008,c234,c5,4
7009,c234,c5,1
7010,c1,c1,4
7011,c5,c1,3
7012,c5,c234,4
7013,c234,c1,3
7014,c5,c1,1
7015,c1,c1,4
7016,c234,c1,3
7017,c5,c234,2
7018,c1,c5,1
7019,c5,c5,2
7020,c5,c234,4
7021,c234,c5,3
7022,c5,c1,0
7023,c5,c5,3
7024,c5,c5,2
7025,c234,c234,3
7026,c1,c1,1
7027,c234,c5,1
7028,c1,c234,0
7029,c5,c5,3
7030,c1,c5,2
7031,c1,c234,3
7032,c234,c234,0
7033,c1,c1,3
7034,c1,c1,4
7035,c5,c5,4
7036,c1,c234,0
7037,c5,c5,2
7038,c234,c1,1
7039,c5,c5,2
7040,c1,c5,1
7041,c5,c1,2
7042,c1,c1,0
7043,c1,c234,4
7044,c5,c234,0
7045,c1,c1,1
7046,c234,c1,3
7047,c1,c5,3
7048,c1,c234,2
7049,c234,c1,0
7050,c234,c5,2
7051,c5,c5,0
7052,c5,c5,1
7053,c234,c5,2
7054,c234,c234,2
7055,c5,c5,1
7056,c234,c234,4
7057,c234,c1,3
7058,c1,c1,4
7059,c234,c5,0
7060,c234,c1,2
7061,c5,c5,3
7062,c5,c1,1
7063,c1,c5,2
7064,c234,c1,2
7065,c5,c1,2
7066,c5,c5,1
7067,c5,c5,1
7068,c234,c5,0
7069,c1,c1,2
7070,c5,c5,4
7071,c234,c1,2
7072,c234,c234,0
7073,c234,c5,2
7074,c1,c1,4
7075,c1,c1,0
7076,c1,c5,2
7077,c234,c5,0
7078,c234,c5,1
7079,c5,c5,3
7080,c234,c234,4
7081,c234,c1,1
7082,c5,c234,1
7083,c5,c5,3
7084,c1,c5,4
7085,c234,c5,2
7086,c5,c234,3
7087,c234,c5,2
7088,c1,c1,0
7089,c1,c234,3
7090,c5,c234,2
7091,c5,c5,2
7092,c234,c1,2
7093,c234,c1,0
7094,c234,c1,3
7095,c234,c1,1
7096,c1,c234,0
7097,c1,c1,1
7098,c234,c1,2
7099,c5,c5,3
7100,c1,c5,0
7101,c234,c1,1
7102,c1,c5,1
7103,c234,c234,0
7104,c5,c1,3
7105,c5,c1,0
7106,c234,c5,4
7107,c234,c1,3
7108,c5,c1,4
7109,c5,c5,1
7110,c234,c234,3
7111,c234,c5,4
7112,c234,c5,2
7113,c1,c1,0
7114,c5,c234,2
7115,c234,c5,1
7116,c5,c5,0
7117,c234,c1,4
7118,c234,c5,1
7119,c5,c5,3
7120,c1,c1,1
7121,c234,c234,2
7122,c5,c5,0
7123,c1,c234,0
7124,c5,c1,1
7125,c5,c1,2
7126,c5,c5,1
7127,c5,c5,1
7128,c234,c5,0
7129,c1,c5,2
7130,c234,c234,1
7131,c5,c5,1
7132,c5,c234,2
7133,c1,c1,2
7134,c1,c5,2
7135,c234,c234,3
7136,c234,c234,2
7137,c1,c1,3
7138,c1,c234,2
7139,c234,c1,2
7140,c5,c234,1
7141,c5,c234,1
7142,c1,c1,0
7143,c1,c234,1
7144,c234,c1,1
7145,c5,c5,3
7146,c5,c5,2
7147,c1,c5,0
7148,c1,c1,3
7149,c234,c5,0
7150,c5,c5,4
7151,c1,c1,4
7152,c1,c1,3
7153,c1,c1,0
7154,c1,c1,2
7155,c234,c5,3
7156,c1,c234,0
7157,c5,c5,2
7158,c1,c1,3
7159,c1,c1,2
7160,c1,c5,4
7161,c5,c1,3
7162,c234,c5,3
7163,c5,c1,1
7164,c234,c5,3
7165,c5,c234,1
7166,c234,c5,3
7167,c1,c1,3
7168,c234,c5,1
7169,c1,c5,3
7170,c5,c5,0
7171,c234,c1,0
7172,c234,c234,4
7173,c5,c1,2
7174,c234,c1,0
7175,c234,c1,0
7176,c234,c1,0
7177,c234,c234,2
7178,c234,c5,3
7179,c5,c1,1
7180,c234,c1,0
7181,c234,c234,4
7182,c234,c234,2
7183,c5,c234,1
7184,c234,c5,3
7185,c234,c5,0
7186,c5,c5,2
7187,c1,c5,2
7188,c1,c1,1
7189,c1,c1,0
7190,c1,c5,0
7191,c1,c234,3
7192,c234,c234,0
7193,c1,c5,0
7194,c5,c234,3
7195,c234,c5,4
7196,c5,c234,4
7197,c5,c5,4
7198,c1,c234,0
7199,c234,c5,1
7200,c5,c234,0
7201,c234,c5,3
7202,c234,c234,3
7203,c5,c5,3
7204,c5,c234,3
7205,c234,c1,1
7206,c5,c5,0
7207,c1,c234,3
7208,c1,c234,1
7209,c1,c234,4
7210,c5,c1,2
7211,c5,c1,1
7212,c5,c234,3
7213,c1,c1,0
7214,c234,c234,2
7215,c1,c1,1
7216,c5,c5,4
7217,c234,c234,2
7218,c1,c1,2
7219,c1,c5,4
7220,c234,c5,0
7221,c234,c1,1
7222,c1,c1,2
7223,c5,c234,4
7224,c234,c234,2
7225,c234,c1,0
7226,c234,c1,0
7227,c234,c5,4
7228,c5,c1,4
7229,c234,c1,4
7230,c5,c5,2
7231,c234,c234,3
7232,c234,c234,4
7233,c1,c1,3
7234,c234,c1,3
7235,c234,c5,0
7236,c234,c5,2
7237,c5,c234,2
7238,c1,c1,0
7239,c5,c1,3
7240,c1,c1,4
7241,c5,c5,1
7242,c5,c234,3
7243,c1,c234,0
7244,c5,c5,3
7245,c5,c5,2
7246,c1,c1,1
7247,c234,c234,0
7248,c1,c234,3
7249,c5,c234,4
7250,c234,c1,0
7251,c5,c5,2
7252,c234,c5,4
7253,c1,c5,3
7254,c1,c5,3
7255,c5,c5,2
7256,c1,c1,1
7257,c5,c1,2
7258,c234,c5,1
7259,c5,c1,1
7260,c234,c1,4
7261,c234,c234,3
7262,c234,c234,1
7263,c234,c234,1
7264,c234,c1,4
7265,c234,c5,3
7266,c1,c5,2
7267,c5,c234,0
7268,c234,c234,2
7269,c1,c234,0
7270,c5,c1,0
7271,c5,c5,2
7272,c234,c1,4
7273,c1,c1,3
7274,c5,c1,2
7275,c234,c234,1
7276,c1,c1,0
7277,c5,c1,2
7278,c5,c5,0
7279,c5,c234,3
7280,c5,c1,3
7281,c234,c5,3
7282,c234,c234,3
7283,c234,c1,2
7284,c234,c1,4
7285,c5,c5,1
7286,c5,c5,1
7287,c234,c1,2
7288,c234,c5,4
7289,c234,c1,4
7290,c5,c234,3
7291,c234,c234,2
7292,c1,c234,0
7293,c5,c5,1
7294,c234,c234,2
7295,c5,c234,0
7296,c5,c5,0
7297,c1,c234,1
7298,c5,c5,2
7299,c1,c1,4
7300,c234,c1,0
7301,c1,c234,2
7302,c5,c1,2
7303,c1,c234,2
7304,c234,c234,3
7305,c234,c5,3
7306,c5,c5,0
7307,c1,c1,2
7308,c5,c5,4
7309,c5,c5,0
7310,c5,c5,4
7311,c1,c1,1
7312,c5,c1,4
7313,c1,c1,0
7314,c234,c5,1
7315,c1,c1,3
7316,c234,c5,2
7317,c1,c234,3
7318,c234,c5,4
7319,c5,c5,0
7320,c1,c1,2
7321,c1,c234,2
7322,c1,c5,0
7323,c5,c1,1
7324,c234,c1,0
7325,c234,c1,4
7326,c234,c234,1
7327,c234,c234,3
7328,c234,c5,0
7329,c1,c5,2
7330,c5,c5,0
7331,c1,c5,4
7332,c234,c5,0
7333,c234,c234,0
7334,c5,c5,3
7335,c1,c1,4
7336,c234,c5,4
7337,c234,c234,1
7338,c5,c5,0
7339,c234,c5,2
7340,c5,c5,3
7341,c5,c5,1
7342,c1,c234,3
7343,c5,c1,4
7344,c234,c1,1
7345,c234,c234,0
7346,c234,c5,3
7347,c5,c5,3
7348,c5,c5,3
7349,c1,c5,2
7350,c5,c234,1
7351,c1,c5,0
7352,c234,c234,0
7353,c234,c1,2
7354,c5,c5,2
7355,c234,c234,2
7356,c5,c234,0
7357,c5,c5,1
7358,c5,c5,3
7359,c1,c1,3
7360,c1,c5,1
7361,c1,c5,3
7362,c5,c1,3
7363,c1,c234,0
7364,c5,c5,0
7365,c234,c5,1
7366,c5,c5,1
7367,c1,c5,2
7368,c5,c5,3
7369,c5,c5,4
7370,c5,c234,1
7371,c234,c1,1
7372,c5,c234,0
7373,c234,c1,2
7374,c5,c5,0
7375,c234,c234,0
7376,c1,c1,0
7377,c234,c5,0
7378,c1,c1,2
7379,c1,c1,0
7380,c1,c1,0
7381,c1,c1,3
7382,c234,c1,4
7383,c5,c234,2
7384,c234,c5,4
7385,c5,c5,0
7386,c5,c1,3
7387,c1,c234,3
7388,c234,c1,2
7389,c234,c5,4
7390,c1,c5,3
7391,c1,c234,3
7392,c1,c1,2
7393,c234,c5,1
7394,c5,c5,0
7395,c1,c1,0
7396,c234,c1,2
7397,c234,c1,4
7398,c1,c5,0
7399,c234,c1,2
7400,c1,c234,0
7401,c5,c5,0
7402,c5,c1,4
7403,c234,c234,0
7404,c1,c234,3
7405,c234,c234,2
7406,c5,c1,0
7407,c5,c234,4
7408,c1,c234,3
7409,c1,c234,2
7410,c1,c234,0
7411,c1,c1,4
7412,c1,c5,3
7413,c5,c5,4
7414,c5,c234,0
7415,c1,c5,2
7416,c234,c5,1
7417,c1,c5,3
7418,c5,c1,1
7419,c5,c1,4
7420,c1,c1,4
7421,c5,c5,1
7422,c234,c234,3
7423,c1,c1,4
7424,c1,c234,4
7425,c234,c1,4
7426,c1,c1,3
7427,c234,c5,3
7428,c5,c234,3
7429,c5,c234,2
7430,c5,c5,3
7431,c234,c234,2
7432,c5,c1,2
7433,c1,c1,3
7434,c1,c1,3
7435,c234,c1,4
7436,c1,c1,2
7437,c5,c5,3
7438,c5,c234,4
7439,c234,c234,0
7440,c1,c234,3
7441,c5,c1,4
7442,c5,c1,0
7443,c1,c5,2
7444,c234,c234,1
7445,c234,c1,4
7446,c234,c5,1
7447,c1,c5,2
7448,c5,c5,2
7449,c5,c1,1
7450,c1,c1,4
7451,c5,c5,1
7452,c1,c234,2
7453,c234,c234,3
7454,c1,c5,0
7455,c1,c1,4
7456,c5,c234,0
7457,c5,c1,3
7458,c5,c234,4
7459,c5,c234,0
7460,c1,c234,4
7461,c234,c234,0
7462,c5,c234,0
7463,c5,c1,3
7464,c234,c1,0
7465,c1,c1,2
7466,c1,c234,2
7467,c5,c5,4
7468,c1,c5,2
7469,c234,c5,0
7470,c5,c5,2
7471,c234,c234,0
7472,c1,c1,2
7473,c1,c1,2
7474,c1,c1,2
7475,c234,c1,3
7476,c1,c234,0
7477,c1,c1,3
7478,c5,c1,2
7479,c5,c5,0
7480,c234,c5,3
7481,c234,c5,3
7482,c234,c234,2
7483,c5,c1,1
7484,c1,c1,4
7485,c5,c5,4
7486,c1,c1,0
7487,c234,c5,2
7488,c1,c1,2
7489,c234,c5,1
7490,c234,c1,4
7491,c234,c5,2
7492,c234,c5,0
7493,c1,c1,2
7494,c5,c1,0
7495,c1,c5,3
7496,c1,c5,2
7497,c1,c5,0
7498,c1,c5,2
7499,c234,c5,1
7500,c1,c1,1
7501,c234,c5,4
7502,c234,c1,2
7503,c5,c234,4
7504,c1,c1,1
7505,c234,c1,1
7506,c1,c1,1
7507,c5,c5,2
7508,c5,c1,0
7509,c234,c5,3
7510,c234,c5,1
7511,c1,c1,3
7512,c5,c5,3
7513,c5,c5,3
7514,c234,c5,4
7515,c1,c234,4
7516,c1,c234,0
7517,c5,c5,2
7518,c5,c5,1
7519,c1,c1,4
7520,c1,c234,3
7521,c1,c234,4
7522,c234,c1,4
7523,c1,c5,2
7524,c5,c1,3
7525,c1,c1,3
7526,c1,c1,3
7527,c234,c1,0
7528,c5,c5,2
7529,c5,c1,1
7530,c234,c234,1
7531,c1,c234,3
7532,c5,c234,2
7533,c234,c234,4
7534,c5,c5,0
7535,c234,c234,2
7536,c1,c1,4
7537,c5,c234,0
7538,c5,c5,4
7539,c1,c5,4
7540,c234,c234,0
7541,c5,c5,3
7542,c1,c234,3
7543,c234,c1,3
7544,c5,c1,4
7545,c234,c5,1
7546,c234,c1,1
7547,c5,c1,1
7548,c1,c1,0
7549,c5,c1,2
7550,c5,c5,1
7551,c5,c1,0
7552,c1,c234,2
7553,c234,c234,1
7554,c234,c234,1
7555,c234,c1,3
7556,c5,c1,0
7557,c5,c234,2
7558,c234,c1,0
7559,c234,c234,2
7560,c234,c234,0
7561,c1,c1,0
7562,c5,c234,2
7563,c5,c5,0
7564,c5,c234,4
7565,c234,c234,2
7566,c5,c5,4
7567,c1,c1,4
7568,c234,c1,3
7569,c1,c1,3
7570,c1,c1,0
7571,c5,c5,0
7572,c234,c1,1
7573,c1,c5,0
7574,c5,c5,1
7575,c234,c234,1
7576,c1,c1,2
7577,c234,c5,0
7578,c1,c5,4
7579,c234,c5,1
7580,c234,c5,2
7581,c234,c5,1
7582,c234,c1,2
7583,c234,c5,2
7584,c234,c1,4
7585,c5,c1,3
7586,c5,c1,4
7587,c1,c5,4
7588,c5,c5,3
7589,c234,c1,1
7590,c234,c1,4
7591,c5,c5,4
7592,c5,c5,4
7593,c5,c5,2
7594,c234,c234,4
7595,c5,c5,2
7596,c5,c1,1
7597,c1,c1,3
7598,c5,c1,3
7599,c5,c1,2
7600,c5,c234,4
7601,c5,c234,2
7602,c234,c5,2
7603,c5,c5,3
7604,c1,c1,0
7605,c5,c5,1
7606,c1,c1,2
7607,c1,c1,0
7608,c1,c234,2
7609,c5,c5,4
7610,c1,c234,3
7611,c5,c5,4
7612,c1,c5,2
7613,c1,c1,2
7614,c5,c5,0
7615,c234,c5,3
7616,c234,c234,4
7617,c1,c5,2
7618,c5,c5,1
7619,c5,c234,1
7620,c5,c234,0
7621,c5,c5,4
7622,c1,c234,4
7623,c234,c1,0
7624,c5,c5,3
7625,c234,c1,0
7626,c234,c1,3
7627,c234,c1,0
7628,c5,c1,3
7629,c234,c1,4
7630,c5,c5,3
7631,c5,c5,0
7632,c234,c5,3
7633,c5,c1,0
7634,c5,c1,3
7635,c1,c1,0
7636,c1,c1,3
7637,c234,c234,4
7638,c1,c1,1
7639,c1,c5,0
7640,c5,c234,4
7641,c234,c1,4
7642,c5,c234,0
7643,c234,c234,4
7644,c1,c1,1
7645,c5,c1,1
7646,c5,c1,1
7647,c234,c234,3
7648,c234,c1,0
7649,c5,c234,4
7650,c234,c234,3
7651,c1,c1,0
7652,c234,c1,0
7653,c234,c234,0
7654,c234,c234,0
7655,c5,c5,1
7656,c1,c5,0
7657,c1,c1,4
7658,c1,c5,4
7659,c5,c5,1
7660,c1,c234,1
7661,c5,c5,0
7662,c5,c5,3
7663,c234,c5,3
7664,c234,c5,2
7665,c1,c234,4
7666,c234,c5,3
7667,c1,c1,4
7668,c5,c1,1
7669,c1,c1,1
7670,c1,c1,4
7671,c234,c5,2
7672,c1,c1,4
7673,c5,c5,4
7674,c1,c234,0
7675,c5,c5,2
7676,c234,c1,4
7677,c1,c1,0
7678,c234,c234,0
7679,c1,c1,4
7680,c5,c5,0
7681,c1,c234,4
7682,c234,c234,1
7683,c5,c234,4
7684,c234,c234,0
7685,c1,c1,4
7686,c5,c5,2
7687,c1,c234,2
7688,c5,c234,1
7689,c234,c234,3
7690,c5,c234,2
7691,c5,c5,1
7692,c234,c5,4
7693,c234,c1,2
7694,c1,c1,4
7695,c5,c5,1
7696,c5,c234,1
7697,c234,c234,1
7698,c1,c1,4
7699,c234,c234,1
7700,c1,c1,4
7701,c1,c1,3
7702,c234,c5,3
7703,c5,c1,1
7704,c234,c234,2
7705,c5,c5,0
7706,c1,c1,3
7707,c1,c5,2
7708,c234,c1,3
7709,c1,c5,2
7710,c234,c234,1
7711,c5,c5,1
7712,c1,c1,2
7713,c234,c5,4
7714,c5,c1,0
7715,c5,c5,0
7716,c5,c1,3
7717,c1,c1,3
7718,c1,c1,3
7719,c1,c1,0
7720,c5,c1,3
7721,c5,c5,4
7722,c234,c234,0
7723,c5,c1,1
7724,c1,c234,1
7725,c5,c5,2
7726,c234,c234,4
7727,c5,c1,2
7728,c5,c234,4
7729,c1,c5,1
7730,c1,c234,1
7731,c1,c1,2
7732,c1,c234,0
7733,c234,c5,2
7734,c1,c234,1
7735,c234,c234,0
7736,c1,c1,3
7737,c234,c1,1
7738,c1,c234,3
7739,c1,c5,2
7740,c234,c5,4
7741,c5,c1,2
7742,c1,c1,2
7743,c5,c5,4
7744,c234,c1,0
7745,c234,c1,1
7746,c5,c1,0
7747,c1,c1,2
7748,c5,c5,0
7749,c5,c5,0
7750,c1,c5,4
7751,c1,c234,0
7752,c234,c1,2
7753,c234,c1,2
7754,c1,c5,4
7755,c5,c5,0
7756,c234,c5,2
7757,c1,c234,0
7758,c5,c5,3
7759,c5,c5,3
7760,c5,c5,2
7761,c1,c234,0
7762,c234,c5,1
7763,c234,c5,3
7764,c234,c234,4
7765,c5,c234,2
7766,c1,c1,1
7767,c5,c5,4
7768,c1,c1,2
7769,c5,c5,2
7770,c234,c5,1
7771,c1,c5,0
7772,c234,c234,1
7773,c1,c1,2
7774,c234,c1,1
7775,c234,c5,0
7776,c5,c5,3
7777,c1,c1,4
7778,c234,c5,0
7779,c5,c5,0
7780,c234,c234,1
7781,c1,c1,4
7782,c5,c5,2
7783,c5,c1,4
7784,c1,c1,1
7785,c1,c1,0
7786,c234,c5,2
7787,c5,c1,0
7788,c234,c5,3
7789,c1,c1,3
7790,c5,c234,1
7791,c5,c5,0
7792,c5,c1,4
7793,c5,c5,4
7794,c1,c1,1
7795,c5,c5,3
7796,c234,c1,2
7797,c234,c1,2
7798,c5,c234,0
7799,c234,c234,1
7800,c234,c5,2
7801,c1,c1,2
7802,c1,c1,4
7803,c1,c1,4
7804,c5,c5,3
7805,c234,c1,4
7806,c1,c1,1
7807,c234,c5,1
7808,c1,c234,1
7809,c5,c234,1
7810,c1,c5,4
7811,c5,c5,0
7812,c234,c1,4
7813,c1,c5,4
7814,c5,c1,3
7815,c5,c5,4
7816,c5,c234,4
7817,c5,c5,4
7818,c1,c5,2
7819,c234,c5,2
7820,c1,c1,0
7821,c5,c5,0
7822,c234,c1,1
7823,c5,c234,2
7824,c234,c1,3
7825,c1,c234,0
7826,c1,c1,2
7827,c234,c234,4
7828,c234,c5,3
7829,c234,c1,1
7830,c5,c1,2
7831,c5,c234,0
7832,c1,c234,4
7833,c5,c5,3
7834,c234,c234,1
7835,c234,c1,1
7836,c234,c234,0
7837,c5,c5,2
7838,c5,c1,3
7839,c234,c1,1
7840,c5,c5,3
7841,c1,c5,0
7842,c234,c234,1
7843,c234,c1,4
7844,c1,c234,1
7845,c5,c5,1
7846,c234,c5,4
7847,c234,c5,4
7848,c234,c234,1
7849,c5,c1,4
7850,c234,c5,3
7851,c5,c1,0
7852,c1,c5,4
7853,c5,c1,1
7854,c1,c1,0
7855,c234,c234,0
7856,c1,c1,4
7857,c5,c5,3
7858,c234,c1,3
7859,c1,c1,4
7860,c5,c5,2
7861,c1,c234,2
7862,c5,c234,2
7863,c234,c1,0
7864,c5,c5,0
7865,c5,c234,4
7866,c1,c1,2
7867,c234,c1,4
7868,c1,c5,3
7869,c5,c5,1
7870,c5,c1,1
7871,c234,c5,2
7872,c1,c1,0
7873,c234,c1,1
7874,c1,c1,3
7875,c1,c1,3
7876,c234,c234,4
7877,c234,c5,1
7878,c5,c234,3
7879,c234,c5,2
7880,c5,c1,3
7881,c1,c1,3
7882,c234,c5,4
7883,c234,c1,0
7884,c5,c5,1
7885,c5,c5,4
7886,c1,c1,0
7887,c1,c1,3
7888,c5,c1,3
7889,c234,c234,2
7890,c5,c5,1
7891,c5,c1,4
7892,c5,c5,4
7893,c1,c1,1
7894,c1,c1,1
7895,c1,c1,0
7896,c234,c1,3
7897,c234,c5,0
7898,c1,c1,0
7899,c234,c5,1
7900,c1,c234,4
7901,c234,c5,2
7902,c5,c234,2
7903,c1,c5,0
7904,c5,c5,3
7905,c1,c5,4
7906,c5,c5,1
7907,c5,c5,0
7908,c1,c1,3
7909,c234,c1,3
7910,c5,c5,1
7911,c1,c1,3
7912,c5,c1,4
7913,c234,c5,1
7914,c1,c1,1
7915,c5,c5,1
7916,c5,c234,1
7917,c5,c5,0
7918,c5,c5,3
7919,c234,c1,4
7920,c1,c1,0
7921,c5,c234,1
7922,c5,c1,1
7923,c234,c1,4
7924,c1,c234,0
7925,c5,c234,2
7926,c1,c1,0
7927,c1,c234,1
7928,c5,c5,3
7929,c1,c234,3
7930,c5,c5,4
7931,c1,c5,4
7932,c5,c234,0
7933,c234,c5,0
7934,c234,c234,3
7935,c5,c234,4
7936,c234,c5,3
7937,c5,c1,2
7938,c1,c1,2
7939,c1,c1,4
7940,c1,c234,1
7941,c234,c1,1
7942,c5,c5,3
7943,c1,c5,1
7944,c234,c5,3
7945,c5,c234,1
7946,c234,c5,2
7947,c234,c1,4
7948,c5,c5,0
7949,c234,c5,1
7950,c1,c234,3
7951,c1,c234,0
7952,c234,c5,4
7953,c5,c5,0
7954,c1,c234,1
7955,c234,c5,0
7956,c234,c234,4
7957,c234,c5,2
7958,c5,c5,0
7959,c234,c5,3
7960,c234,c1,0
7961,c5,c234,4
7962,c5,c234,3
7963,c5,c234,2
7964,c234,c234,2
7965,c5,c5,0
7966,c5,c1,0
7967,c1,c1,4
7968,c5,c5,2
7969,c5,c5,3
7970,c5,c5,1
7971,c234,c5,0
7972,c5,c5,1
7973,c5,c5,1
7974,c1,c234,3
7975,c5,c234,4
7976,c234,c234,4
7977,c234,c234,3
7978,c5,c234,3
7979,c234,c1,3
7980,c1,c5,3
7981,c234,c1,2
7982,c234,c234,2
7983,c234,c234,2
7984,c234,c1,0
7985,c5,c5,2
7986,c234,c1,0
7987,c1,c5,1
7988,c5,c5,0
7989,c234,c234,1
7990,c1,c1,1
7991,c234,c1,4
7992,c1,c5,0
7993,c1,c5,4
7994,c234,c1,2
7995,c234,c5,4
7996,c234,c5,0
7997,c5,c234,0
7998,c1,c234,0
7999,c5,c234,0
8000,c1,c1,1
8001,c1,c5,1
8002,c5,c234,4
8003,c234,c1,1
8004,c1,c5,0
8005,c5,c234,3
8006,c234,c1,1
8007,c1,c1,3
8008,c234,c234,3
8009,c234,c234,2
8010,c5,c5,1
8011,c1,c5,1
8012,c5,c5,1
8013,c1,c234,1
8014,c234,c5,0
8015,c234,c234,0
8016,c5,c5,4
8017,c234,c234,4
8018,c234,c1,0
8019,c234,c1,4
8020,c1,c234,1
8021,c234,c5,2
8022,c5,c5,1
8023,c1,c5,0
8024,c1,c234,4
8025,c5,c5,2
8026,c1,c1,1
8027,c234,c234,4
8028,c1,c1,2
8029,c234,c234,0
8030,c5,c234,0
8031,c1,c234,2
8032,c1,c234,1
8033,c1,c1,4
8034,c234,c1,0
8035,c5,c1,1
8036,c5,c234,1
8037,c234,c1,4
8038,c1,c1,4
8039,c5,c5,3
8040,c5,c5,0
8041,c234,c234,0
8042,c234,c1,2
8043,c5,c234,4
8044,c234,c1,0
8045,c1,c1,4
8046,c5,c1,0
8047,c5,c1,2
8048,c1,c234,2
8049,c5,c5,1
8050,c1,c1,4
8051,c1,c5,0
8052,c1,c5,3
8053,c5,c5,4
8054,c234,c234,4
8055,c1,c1,2
8056,c5,c234,0
8057,c234,c1,4
8058,c1,c1,1
8059,c234,c5,0
8060,c5,c5,2
8061,c5,c1,0
8062,c234,c234,1
8063,c5,c5,1
8064,c5,c5,2
8065,c5,c5,3
8066,c234,c5,3
8067,c1,c1,2
8068,c5,c5,3
8069,c234,c5,4
8070,c234,c234,1
8071,c234,c5,2
8072,c234,c5,2
8073,c1,c1,0
8074,c234,c5,0
8075,c5,c5,3
8076,c234,c5,4
8077,c1,c5,3
8078,c1,c234,3
8079,c1,c234,0
8080,c5,c1,2
8081,c234,c234,3
8082,c5,c5,1
8083,c1,c1,2
8084,c5,c234,4
8085,c234,c1,1
8086,c1,c234,4
8087,c1,c5,1
8088,c5,c1,1
8089,c5,c234,1
8090,c1,c234,4
8091,c234,c1,0
8092,c1,c234,4
8093,c5,c1,4
8094,c234,c234,0
8095,c234,c5,0
8096,c5,c5,1
8097,c5,c234,1
8098,c234,c5,0
8099,c5,c1,0
8100,c1,c1,1
8101,c5,c5,3
8102,c5,c5,0
8103,c1,c1,2
8104,c1,c234,4
8105,c5,c5,1
8106,c1,c5,1
8107,c234,c234,4
8108,c1,c234,0
8109,c5,c5,1
8110,c234,c234,0
8111,c234,c234,3
8112,c1,c234,0
8113,c5,c5,1
8114,c234,c5,1
8115,c234,c5,0
8116,c5,c5,2
8117,c5,c5,0
8118,c5,c1,4
8119,c5,c5,3
8120,c1,c234,4
8121,c234,c5,4
8122,c234,c234,0
8123,c5,c234,4
8124,c234,c5,4
8125,c5,c234,0
8126,c234,c1,0
8127,c234,c1,1
8128,c234,c5,1
8129,c234,c1,1
8130,c5,c1,2
8131,c5,c1,0
8132,c234,c5,0
8133,c234,c5,2
8134,c234,c5,2
8135,c1,c1,4
8136,c1,c5,4
8137,c234,c5,0
8138,c5,c234,3
8139,c5,c5,3
8140,c5,c5,1
8141,c1,c1,4
8142,c1,c1,1
8143,c234,c1,2
8144,c5,c5,3
8145,c1,c5,4
8146,c5,c5,3
8147,c1,c1,3
8148,c5,c5,4
8149,c234,c1,3
8150,c234,c234,0
8151,c1,c1,1
8152,c1,c1,1
8153,c234,c1,3
8154,c5,c5,4
8155,c234,c1,4
8156,c5,c234,2
8157,c234,c234,2
8158,c1,c1,0
8159,c5,c5,3
8160,c5,c5,4
8161,c5,c234,0
8162,c1,c234,1
8163,c5,c5,0
8164,c5,c234,4
8165,c5,c5,3
8166,c234,c5,4
8167,c1,c1,0
8168,c234,c1,1
8169,c1,c1,1
8170,c5,c5,4
8171,c1,c1,3
8172,c5,c5,4
8173,c234,c5,3
8174,c1,c1,0
8175,c1,c1,1
8176,c1,c5,3
8177,c1,c5,2
8178,c1,c1,2
8179,c234,c5,2
8180,c5,c5,1
8181,c1,c234,3
8182,c1,c1,4
8183,c5,c234,4
8184,c1,c1,2
8185,c5,c5,3
8186,c1,c5,0
8187,c5,c1,3
8188,c1,c1,4
8189,c234,c1,0
8190,c234,c234,4
8191,c234,c5,1
8192,c234,c1,2
8193,c1,c1,1
8194,c5,c234,0
8195,c5,c5,2
8196,c234,c234,4
8197,c234,c234,0
8198,c1,c234,4
8199,c1,c1,0
8200,c5,c234,1
8201,c5,c5,0
8202,c1,c5,3
8203,c234,c234,1
8204,c5,c5,0
8205,c1,c1,4
8206,c1,c1,1
8207,c1,c234,0
8208,c1,c1,2
8209,c234,c1,4
8210,c234,c234,3
8211,c234,c5,3
8212,c1,c234,0
8213,c234,c5,4
8214,c234,c5,4
8215,c234,c5,4
8216,c1,c1,2
8217,c5,c234,2
8218,c5,c5,4
8219,c1,c1,0
8220,c5,c5,3
8221,c5,c5,4
8222,c234,c5,0
8223,c234,c234,1
8224,c234,c5,3
8225,c1,c5,3
8226,c234,c234,4
8227,c234,c5,3
8228,c1,c1,3
8229,c5,c234,0
8230,c5,c1,4
8231,c5,c234,1
8232,c5,c1,1
8233,c234,c5,4
8234,c234,c234,4
8235,c234,c234,3
8236,c1,c5,2
8237,c5,c5,0
8238,c1,c1,2
8239,c5,c5,3
8240,c1,c234,2
8241,c5,c5,3
8242,c234,c1,0
8243,c1,c234,4
8244,c234,c1,3
8245,c5,c5,2
8246,c5,c5,1
8247,c234,c1,4
8248,c234,c5,1
8249,c234,c5,2
8250,c234,c1,3
8251,c1,c1,4
8252,c234,c5,1
8253,c5,c1,4
8254,c234,c5,3
8255,c1,c5,4
8256,c234,c5,3
8257,c234,c234,0
8258,c234,c5,2
8259,c1,c5,1
8260,c1,c234,1
8261,c5,c234,4
8262,c1,c5,3
8263,c234,c234,4
8264,c234,c234,4
8265,c234,c234,3
8266,c5,c234,4
8267,c1,c5,0
8268,c1,c234,1
8269,c5,c234,2
8270,c5,c1,2
8271,c1,c5,2
8272,c1,c5,3
8273,c234,c5,0
8274,c234,c5,2
8275,c1,c234,3
8276,c1,c1,1
8277,c1,c234,3
8278,c1,c234,4
8279,c1,c5,3
8280,c234,c234,2
8281,c5,c5,0
8282,c1,c234,1
8283,c5,c5,1
8284,c5,c5,4
8285,c234,c1,0
8286,c5,c5,3
8287,c234,c234,2
8288,c234,c234,4
8289,c5,c5,4
8290,c5,c5,1
8291,c234,c1,1
8292,c234,c5,3
8293,c234,c234,4
8294,c234,c5,1
8295,c1,c5,2
8296,c5,c1,1
8297,c1,c1,2
8298,c1,c1,1
8299,c1,c1,1
8300,c234,c234,2
8301,c234,c234,4
8302,c234,c1,1
8303,c234,c5,0
8304,c234,c5,4
8305,c234,c234,2
8306,c1,c1,0
8307,c234,c1,2
8308,c5,c5,2
8309,c5,c5,1
8310,c5,c1,2
8311,c1,c1,0
8312,c5,c1,4
8313,c234,c234,0
8314,c1,c234,0
8315,c1,c1,4
8316,c234,c1,3
8317,c234,c1,1
8318,c1,c1,3
8319,c234,c234,1
8320,c5,c5,1
8321,c5,c1,1
8322,c1,c1,0
8323,c5,c234,1
8324,c5,c1,1
8325,c1,c1,2
8326,c1,c5,2
8327,c1,c5,4
8328,c234,c1,0
8329,c1,c5,4
8330,c5,c1,4
8331,c5,c5,0
8332,c1,c5,0
8333,c5,c234,1
8334,c5,c1,0
8335,c5,c234,4
8336,c234,c234,4
8337,c1,c1,2
8338,c5,c1,2
8339,c234,c234,0
8340,c1,c5,2
8341,c5,c5,4
8342,c234,c1,3
8343,c5,c234,2
8344,c1,c5,2
8345,c5,c1,4
8346,c1,c234,4
8347,c1,c1,1
8348,c234,c234,4
8349,c1,c1,2
8350,c1,c234,1
8351,c1,c1,1
8352,c1,c1,1
8353,c5,c1,1
8354,c234,c1,4
8355,c5,c234,0
8356,c5,c5,3
8357,c5,c1,0
8358,c234,c1,2
8359,c5,c5,1
8360,c1,c1,4
8361,c234,c1,4
8362,c234,c5,2
8363,c234,c234,3
8364,c5,c5,4
8365,c1,c1,4
8366,c1,c234,2
8367,c5,c5,4
8368,c5,c5,4
8369,c5,c234,0
8370,c5,c234,2
8371,c234,c234,3
8372,c1,c1,3
8373,c234,c1,4
8374,c5,c5,3
8375,c234,c1,0
8376,c5,c1,3
8377,c5,c1,3
8378,c234,c1,1
8379,c5,c5,1
8380,c234,c5,0
8381,c5,c5,2
8382,c1,c1,4
8383,c5,c5,4
8384,c1,c1,4
8385,c234,c234,4
8386,c234,c234,1
8387,c234,c1,1
8388,c1,c1,1
8389,c234,c1,0
8390,c1,c234,3
8391,c1,c1,0
8392,c5,c1,2
8393,c234,c1,0
8394,c1,c1,3
8395,c234,c234,2
8396,c5,c5,0
8397,c234,c1,2
8398,c234,c1,3
8399,c234,c5,0
8400,c1,c1,3
8401,c234,c5,3
8402,c5,c1,2
8403,c1,c1,1
8404,c234,c234,2
8405,c1,c234,0
8406,c234,c5,0
8407,c1,c234,0
8408,c5,c5,3
8409,c1,c1,2
8410,c1,c5,3
8411,c1,c5,0
8412,c5,c5,1
8413,c234,c5,4
8414,c5,c234,2
8415,c1,c234,3
8416,c1,c1,0
8417,c5,c234,1
8418,c5,c5,4
8419,c1,c5,0
8420,c234,c234,4
8421,c1,c234,4
8422,c1,c1,2
8423,c1,c1,3
8424,c234,c5,4
8425,c1,c234,2
8426,c1,c1,0
8427,c1,c1,4
8428,c234,c5,1
8429,c5,c1,4
8430,c234,c234,1
8431,c1,c1,2
8432,c5,c1,0
8433,c234,c234,2
8434,c1,c234,4
8435,c234,c1,2
8436,c234,c234,3
8437,c234,c5,0
8438,c1,c1,3
8439,c234,c234,2
8440,c5,c5,1
8441,c234,c234,2
8442,c234,c234,2
8443,c1,c234,4
8444,c5,c234,3
8445,c1,c234,2
8446,c1,c5,1
8447,c234,c5,4
8448,c5,c5,2
8449,c5,c234,1
8450,c1,c1,4
8451,c234,c5,2
8452,c5,c5,2
8453,c234,c1,4
8454,c5,c5,0
8455,c1,c1,2
8456,c5,c5,2
8457,c234,c5,3
8458,c5,c5,2
8459,c5,c5,0
8460,c234,c234,1
8461,c5,c5,0
8462,c234,c5,2
8463,c5,c234,3
8464,c234,c234,1
8465,c234,c5,3
8466,c5,c234,4
8467,c1,c234,4
8468,c234,c1,2
8469,c234,c5,3
8470,c1,c1,2
8471,c5,c5,0
8472,c5,c5,0
8473,c1,c1,2
8474,c5,c234,4
8475,c1,c1,0
8476,c234,c1,4
8477,c5,c234,4
8478,c5,c234,1
8479,c234,c5,0
8480,c234,c1,0
8481,c5,c5,4
8482,c1,c1,1
8483,c5,c234,1
8484,c234,c5,2
8485,c234,c234,2
8486,c1,c5,3
8487,c5,c5,2
8488,c5,c234,1
8489,c1,c234,3
8490,c234,c1,4
8491,c1,c5,3
8492,c5,c5,2
8493,c5,c5,4
8494,c234,c5,4
8495,c5,c5,4
8496,c234,c1,0
8497,c5,c5,2
8498,c1,c234,2
8499,c5,c5,2
8500,c234,c1,0
8501,c1,c1,0
8502,c1,c234,1
8503,c234,c5,0
8504,c1,c234,2
8505,c234,c234,0
8506,c234,c234,3
8507,c5,c1,3
8508,c5,c1,2
8509,c5,c234,0
8510,c1,c1,1
8511,c1,c234,1
8512,c5,c5,3
8513,c234,c1,0
8514,c1,c1,3
8515,c5,c5,2
8516,c1,c1,1
8517,c5,c5,0
8518,c1,c234,0
8519,c5,c1,3
8520,c234,c234,0
8521,c234,c234,4
8522,c1,c1,4
8523,c234,c5,1
8524,c1,c1,0
8525,c1,c5,4
8526,c5,c1,3
8527,c5,c5,3
8528,c234,c1,1
8529,c1,c234,1
8530,c1,c1,2
8531,c234,c234,3
8532,c1,c1,3
8533,c234,c5,4
8534,c5,c1,4
8535,c1,c5,2
8536,c5,c5,0
8537,c5,c1,0
8538,c234,c5,2
8539,c234,c234,1
8540,c5,c234,1
8541,c1,c1,1
8542,c1,c234,3
8543,c1,c234,1
8544,c1,c1,4
8545,c1,c1,0
8546,c234,c234,3
8547,c5,c234,1
8548,c5,c234,2
8549,c5,c5,2
8550,c5,c1,0
8551,c5,c234,3
8552,c5,c234,2
8553,c5,c5,4
8554,c234,c234,3
8555,c234,c5,3
8556,c5,c5,0
8557,c234,c5,3
8558,c1,c5,3
8559,c5,c234,2
8560,c234,c5,0
8561,c234,c234,3
8562,c1,c1,0
8563,c5,c5,3
8564,c5,c1,4
8565,c234,c1,4
8566,c1,c234,4
8567,c234,c5,0
8568,c5,c5,1
8569,c1,c1,1
8570,c1,c1,3
8571,c234,c1,4
8572,c1,c5,3
8573,c234,c5,0
8574,c1,c234,1
8575,c234,c234,3
8576,c234,c234,0
8577,c5,c5,0
8578,c1,c1,1
8579,c234,c1,4
8580,c1,c5,0
8581,c5,c234,3
8582,c5,c5,0
8583,c234,c1,1
8584,c5,c5,1
8585,c5,c5,3
8586,c234,c234,4
8587,c234,c5,0
8588,c234,c5,3
8589,c234,c234,1
8590,c5,c5,0
8591,c5,c234,1
8592,c1,c5,4
8593,c1,c234,1
8594,c234,c5,3
8595,c5,c234,0
8596,c5,c1,4
8597,c5,c5,4
8598,c5,c5,0
8599,c5,c5,2
8600,c1,c1,1
8601,c234,c234,4
8602,c1,c234,0
8603,c5,c234,3
8604,c234,c5,4
8605,c234,c1,1
8606,c1,c234,4
8607,c234,c234,2
8608,c5,c234,1
8609,c234,c1,4
8610,c1,c1,4
8611,c5,c234,4
8612,c5,c5,1
8613,c234,c5,4
8614,c5,c234,0
8615,c234,c1,2
8616,c1,c5,0
8617,c5,c5,2
8618,c234,c1,0
8619,c234,c5,0
8620,c1,c234,3
8621,c5,c1,3
8622,c234,c5,4
8623,c5,c5,2
8624,c234,c1,0
8625,c5,c5,4
8626,c234,c1,4
8627,c5,c1,3
8628,c5,c5,2
8629,c234,c5,3
8630,c5,c5,4
8631,c5,c234,3
8632,c5,c5,4
8633,c234,c5,1
8634,c1,c234,1
8635,c1,c234,4
8636,c1,c234,0
8637,c1,c5,2
8638,c1,c1,4
8639,c5,c1,1
8640,c1,c234,4
8641,c234,c1,4
8642,c5,c1,1
8643,c234,c1,4
8644,c1,c1,2
8645,c5,c5,4
8646,c234,c5,4
8647,c1,c1,3
8648,c5,c234,1
8649,c5,c234,1
8650,c5,c5,2
8651,c1,c234,4
8652,c1,c5,2
8653,c234,c234,1
8654,c234,c5,2
8655,c5,c5,0
8656,c234,c1,0
8657,c234,c1,1
8658,c5,c5,4
8659,c1,c1,1
8660,c234,c1,4
8661,c1,c1,1
8662,c234,c5,0
8663,c5,c5,0
8664,c5,c5,0
8665,c234,c1,0
8666,c1,c5,0
8667,c5,c5,2
8668,c5,c5,4
8669,c5,c1,1
8670,c5,c5,1
8671,c234,c1,4
8672,c1,c5,3
8673,c1,c5,3
8674,c234,c5,2
8675,c1,c5,1
8676,c234,c234,1
8677,c1,c234,1
8678,c234,c234,2
8679,c234,c234,1
8680,c234,c234,1
8681,c234,c5,1
8682,c234,c5,4
8683,c234,c234,0
8684,c234,c1,3
8685,c1,c1,1
8686,c1,c5,1
8687,c234,c234,0
8688,c234,c234,1
8689,c234,c234,3
8690,c1,c234,1
8691,c5,c1,2
8692,c1,c234,0
8693,c5,c1,2
8694,c5,c5,2
8695,c1,c234,0
8696,c1,c5,1
8697,c1,c1,2
8698,c5,c5,2
8699,c1,c5,2
8700,c5,c1,4
8701,c234,c234,4
8702,c234,c5,3
8703,c1,c1,4
8704,c234,c1,0
8705,c1,c1,3
8706,c234,c234,4
8707,c5,c5,4
8708,c1,c5,3
8709,c1,c234,4
8710,c1,c5,2
8711,c234,c1,2
8712,c5,c234,2
8713,c1,c1,2
8714,c1,c1,4
8715,c5,c1,2
8716,c234,c234,0
8717,c1,c1,4
8718,c5,c234,1
8719,c1,c1,3
8720,c5,c5,1
8721,c234,c1,1
8722,c234,c234,0
8723,c1,c1,0
8724,c5,c5,3
8725,c5,c5,3
8726,c1,c1,3
8727,c5,c234,1
8728,c1,c1,2
8729,c1,c1,4
8730,c1,c5,1
8731,c234,c234,4
8732,c234,c1,1
8733,c1,c5,0
8734,c5,c5,0
8735,c234,c5,1
8736,c234,c234,4
8737,c1,c1,2
8738,c5,c5,1
8739,c5,c5,0
8740,c234,c1,3
8741,c234,c5,0
8742,c1,c5,0
8743,c1,c5,0
8744,c5,c1,2
8745,c234,c5,3
8746,c234,c1,4
8747,c5,c5,0
8748,c234,c234,3
8749,c5,c5,3
8750,c5,c1,2
8751,c234,c1,3
8752,c234,c234,1
8753,c1,c234,3
8754,c234,c5,2
8755,c5,c234,1
8756,c1,c234,2
8757,c234,c1,2
8758,c234,c5,1
8759,c5,c234,4
8760,c234,c5,0
8761,c5,c5,0
8762,c5,c5,2
8763,c5,c5,2
8764,c5,c234,1
8765,c1,c5,3
8766,c5,c5,0
8767,c234,c234,2
8768,c234,c1,4
8769,c234,c1,4
8770,c5,c234,2
8771,c5,c1,3
8772,c5,c234,1
8773,c5,c234,2
8774,c5,c5,4
8775,c234,c234,1
8776,c1,c1,4
8777,c5,c5,3
8778,c5,c5,1
8779,c1,c1,0
8780,c1,c1,3
8781,c5,c234,4
8782,c5,c1,3
8783,c1,c234,3
8784,c5,c5,0
8785,c5,c5,4
8786,c234,c234,2
8787,c5,c5,3
8788,c1,c1,4
8789,c1,c5,2
8790,c1,c5,4
8791,c1,c1,3
8792,c1,c5,3
8793,c5,c234,1
8794,c5,c5,2
8795,c5,c234,1
8796,c5,c1,0
8797,c1,c1,1
8798,c1,c1,0
8799,c5,c5,4
8800,c234,c234,4
8801,c234,c5,4
8802,c1,c1,0
8803,c234,c234,3
8804,c1,c234,3
8805,c5,c5,3
8806,c234,c234,4
8807,c234,c5,0
8808,c234,c234,3
8809,c5,c5,1
8810,c1,c1,3
8811,c234,c234,3
8812,c1,c1,0
8813,c1,c234,0
8814,c1,c1,0
8815,c1,c234,3
8816,c234,c234,3
8817,c234,c1,1
8818,c234,c234,0
8819,c1,c1,1
8820,c1,c5,4
8821,c1,c1,0
8822,c5,c1,2
8823,c5,c1,1
8824,c5,c1,2
8825,c5,c1,0
8826,c1,c1,0
8827,c234,c234,2
8828,c5,c1,1
8829,c1,c5,4
8830,c234,c5,2
8831,c1,c1,3
8832,c1,c234,2
8833,c234,c234,0
8834,c5,c1,2
8835,c5,c1,2
8836,c5,c5,2
8837,c5,c234,3
8838,c5,c5,3
8839,c1,c234,4
8840,c234,c234,4
8841,c5,c5,2
8842,c234,c234,3
8843,c5,c234,3
8844,c234,c234,0
8845,c234,c1,2
8846,c234,c1,3
8847,c1,c1,2
8848,c1,c234,3
8849,c234,c234,2
8850,c234,c1,0
8851,c5,c5,4
8852,c5,c5,3
8853,c5,c5,1
8854,c1,c234,2
8855,c234,c5,0
8856,c1,c1,1
8857,c5,c1,2
8858,c234,c1,3
8859,c5,c5,4
8860,c234,c5,3
8861,c234,c234,2
8862,c234,c234,0
8863,c234,c1,4
8864,c5,c5,3
8865,c5,c1,2
8866,c1,c5,3
8867,c5,c5,1
8868,c5,c5,2
8869,c234,c5,0
8870,c5,c1,0
8871,c5,c234,0
8872,c234,c1,1
8873,c5,c234,2
8874,c5,c5,1
8875,c1,c5,0
8876,c5,c234,1
8877,c234,c5,2
8878,c1,c1,3
8879,c234,c5,4
8880,c234,c5,2
8881,c234,c234,4
8882,c1,c1,0
8883,c5,c5,1
8884,c1,c1,1
8885,c234,c1,4
8886,c5,c234,4
8887,c5,c234,4
8888,c5,c234,0
8889,c1,c5,0
8890,c1,c234,2
8891,c234,c1,4
8892,c234,c1,4
8893,c5,c1,0
8894,c1,c234,0
8895,c234,c5,4
8896,c234,c5,0
8897,c234,c234,4
8898,c234,c5,0
8899,c234,c234,2
8900,c1,c234,4
8901,c234,c1,4
8902,c234,c234,3
8903,c1,c1,2
8904,c234,c234,2
8905,c5,c1,2
8906,c234,c234,3
8907,c234,c5,0
8908,c1,c5,2
8909,c1,c1,3
8910,c1,c1,2
8911,c5,c1,0
8912,c234,c234,3
8913,c1,c234,4
8914,c1,c1,2
8915,c234,c234,1
8916,c1,c5,2
8917,c1,c5,3
8918,c234,c5,2
8919,c234,c5,2
8920,c1,c234,2
8921,c5,c1,0
8922,c1,c1,2
8923,c5,c234,0
8924,c234,c1,3
8925,c234,c5,3
8926,c5,c5,1
8927,c1,c1,4
8928,c5,c1,4
8929,c234,c5,2
8930,c234,c1,3
8931,c234,c234,0
8932,c5,c1,0
8933,c5,c1,2
8934,c234,c5,2
8935,c1,c1,0
8936,c5,c1,1
8937,c1,c5,4
8938,c1,c5,1
8939,c234,c5,0
8940,c1,c5,3
8941,c5,c5,4
8942,c1,c1,1
8943,c234,c234,1
8944,c234,c1,1
8945,c234,c1,4
8946,c1,c1,1
8947,c234,c5,2
8948,c1,c1,2
8949,c234,c234,2
8950,c1,c1,0
8951,c1,c5,4
8952,c5,c5,3
8953,c1,c1,1
8954,c1,c234,1
8955,c5,c234,0
8956,c5,c5,2
8957,c234,c1,4
8958,c5,c5,4
8959,c5,c1,4
8960,c234,c1,1
8961,c5,c1,3
8962,c1,c5,3
8963,c234,c1,1
8964,c5,c1,0
8965,c234,c5,4
8966,c234,c5,3
8967,c1,c234,1
8968,c5,c5,2
8969,c234,c5,2
8970,c234,c5,4
8971,c5,c234,0
8972,c1,c234,1
8973,c1,c5,3
8974,c1,c1,0
8975,c234,c1,1
8976,c5,c5,4
8977,c1,c234,0
8978,c1,c1,4
8979,c234,c1,1
8980,c234,c234,3
8981,c234,c1,0
8982,c234,c5,2
8983,c234,c5,0
8984,c1,c5,1
8985,c234,c1,0
8986,c1,c234,3
8987,c1,c5,1
8988,c5,c234,3
8989,c1,c1,0
8990,c5,c1,4
8991,c1,c234,3
8992,c1,c1,2
8993,c5,c234,0
8994,c1,c1,4
8995,c1,c1,2
8996,c5,c5,3
8997,c234,c234,0
8998,c1,c5,3
8999,c234,c5,0
9000,c234,c1,4
9001,c234,c234,3
9002,c234,c5,3
9003,c1,c1,4
9004,c5,c1,0
9005,c5,c5,3
9006,c234,c1,1
9007,c5,c5,2
9008,c234,c1,4
9009,c5,c5,2
9010,c1,c1,0
9011,c5,c1,4
9012,c5,c234,1
9013,c234,c1,1
9014,c5,c5,1
9015,c234,c1,2
9016,c1,c234,1
9017,c1,c234,4
9018,c5,c5,2
9019,c1,c5,3
9020,c1,c5,1
9021,c1,c5,0
9022,c5,c234,0
9023,c1,c1,1
9024,c234,c1,1
9025,c1,c1,1
9026,c234,c5,3
9027,c234,c5,0
9028,c1,c1,3
9029,c234,c1,3
9030,c1,c1,2
9031,c1,c1,3
9032,c234,c234,0
9033,c1,c1,1
9034,c1,c1,0
9035,c1,c5,0
9036,c5,c234,2
9037,c5,c1,0
9038,c5,c234,4
9039,c234,c234,0
9040,c234,c1,2
9041,c1,c1,0
9042,c1,c1,3
9043,c5,c1,0
9044,c5,c1,0
9045,c234,c1,3
9046,c234,c1,1
9047,c1,c5,1
9048,c1,c5,1
9049,c234,c234,4
9050,c234,c1,3
9051,c234,c5,2
9052,c1,c1,2
9053,c5,c5,1
9054,c234,c234,0
9055,c5,c1,1
9056,c234,c234,0
9057,c1,c1,2
9058,c1,c1,2
9059,c1,c1,1
9060,c234,c5,0
9061,c1,c5,4
9062,c1,c1,1
9063,c1,c1,2
9064,c234,c5,3
9065,c234,c5,4
9066,c5,c1,4
9067,c5,c5,0
9068,c5,c5,1
9069,c5,c234,2
9070,c234,c234,2
9071,c5,c234,1
9072,c234,c234,3
9073,c5,c5,3
9074,c5,c1,0
9075,c234,c1,1
9076,c234,c1,2
9077,c234,c1,4
9078,c1,c234,2
9079,c1,c1,2
9080,c234,c234,2
9081,c234,c1,1
9082,c234,c1,4
9083,c234,c234,1
9084,c1,c1,3
9085,c1,c1,1
9086,c1,c234,1
9087,c5,c234,1
9088,c234,c234,1
9089,c234,c1,1
9090,c1,c5,2
9091,c234,c234,1
9092,c234,c1,3
9093,c5,c5,2
9094,c5,c234,4
9095,c1,c1,4
9096,c1,c234,3
9097,c1,c1,3
9098,c234,c234,3
9099,c1,c1,3
9100,c1,c1,1
9101,c5,c1,0
9102,c234,c234,0
9103,c1,c1,0
9104,c234,c234,3
9105,c5,c234,2
9106,c5,c5,3
9107,c234,c234,2
9108,c234,c234,4
9109,c234,c234,3
9110,c234,c5,4
9111,c1,c1,1
9112,c1,c234,0
9113,c234,c1,3
9114,c5,c1,1
9115,c234,c5,3
9116,c5,c1,1
9117,c1,c1,0
9118,c234,c1,1
9119,c5,c5,3
9120,c234,c1,1
9121,c1,c1,0
9122,c234,c234,1
9123,c1,c5,1
9124,c1,c234,2
9125,c234,c234,1
9126,c234,c1,4
9127,c234,c1,1
9128,c5,c1,4
9129,c5,c1,3
9130,c234,c1,3
9131,c1,c234,0
9132,c234,c234,0
9133,c1,c1,0
9134,c234,c5,4
9135,c5,c5,0
9136,c5,c234,4
9137,c234,c5,0
9138,c234,c234,2
9139,c5,c234,4
9140,c234,c5,4
9141,c1,c234,2
9142,c5,c1,4
9143,c234,c1,4
9144,c1,c1,3
9145,c5,c234,4
9146,c5,c234,3
9147,c1,c234,3
9148,c234,c5,1
9149,c234,c234,1
9150,c234,c1,0
9151,c1,c1,1
9152,c1,c234,3
9153,c234,c5,3
9154,c5,c234,0
9155,c1,c234,4
9156,c234,c1,2
9157,c234,c5,3
9158,c5,c1,0
9159,c1,c1,3
9160,c234,c234,2
9161,c1,c1,4
9162,c1,c1,4
9163,c234,c5,0
9164,c5,c1,3
9165,c1,c5,2
9166,c5,c234,3
9167,c1,c1,4
9168,c1,c234,3
9169,c234,c234,1
9170,c234,c1,4
9171,c5,c234,3
9172,c5,c5,0
9173,c1,c1,1
9174,c5,c1,0
9175,c234,c5,4
9176,c234,c234,1
9177,c234,c5,2
9178,c234,c5,2
9179,c5,c1,1
9180,c5,c5,2
9181,c1,c5,2
9182,c1,c1,1
9183,c5,c5,0
9184,c1,c1,3
9185,c234,c1,4
9186,c1,c1,0
9187,c1,c5,4
9188,c234,c234,2
9189,c234,c5,0
9190,c1,c1,3
9191,c5,c5,2
9192,c5,c5,0
9193,c1,c1,1
9194,c5,c234,3
9195,c5,c1,4
9196,c234,c1,1
9197,c234,c234,1
9198,c1,c1,3
9199,c234,c234,3
9200,c1,c234,0
9201,c5,c5,4
9202,c1,c1,1
9203,c234,c5,1
9204,c234,c1,1
9205,c5,c234,1
9206,c5,c1,1
9207,c1,c1,1
9208,c1,c1,0
9209,c5,c5,4
9210,c5,c5,3
9211,c1,c1,0
9212,c1,c1,2
9213,c5,c1,4
9214,c1,c5,3
9215,c1,c1,3
9216,c5,c5,3
9217,c234,c5,1
9218,c5,c5,0
9219,c1,c234,0
9220,c5,c5,1
9221,c5,c234,0
9222,c5,c5,0
9223,c5,c5,4
9224,c5,c234,0
9225,c5,c234,2
9226,c234,c234,0
9227,c234,c5,3
9228,c5,c5,1
9229,c1,c5,2
9230,c5,c1,2
9231,c5,c5,1
9232,c234,c234,0
9233,c1,c1,1
9234,c234,c234,3
9235,c5,c5,0
9236,c5,c234,2
9237,c5,c1,4
9238,c1,c1,2
9239,c1,c1,0
9240,c5,c1,2
9241,c234,c234,1
9242,c5,c1,3
9243,c5,c1,1
9244,c1,c5,0
9245,c1,c234,1
9246,c234,c234,3
9247,c1,c1,3
9248,c1,c5,1
9249,c234,c1,4
9250,c5,c5,1
9251,c5,c5,3
9252,c234,c234,4
9253,c5,c5,1
9254,c5,c1,2
9255,c234,c5,1
9256,c1,c234,2
9257,c1,c5,2
9258,c5,c234,4
9259,c1,c234,0
9260,c5,c234,4
9261,c5,c5,3
9262,c1,c234,2
9263,c234,c1,1
9264,c1,c5,2
9265,c5,c1,2
9266,c234,c234,1
9267,c1,c1,3
9268,c234,c234,4
9269,c1,c1,3
9270,c1,c234,4
9271,c5,c234,2
9272,c5,c5,0
9273,c1,c5,4
9274,c234,c5,3
9275,c5,c234,0
9276,c1,c1,3
9277,c1,c234,4
9278,c5,c5,1
9279,c234,c234,2
9280,c5,c5,0
9281,c234,c5,0
9282,c234,c5,3
9283,c5,c234,3
9284,c234,c5,3
9285,c234,c5,1
9286,c234,c1,4
9287,c1,c1,1
9288,c234,c1,0
9289,c234,c5,0
9290,c5,c5,2
9291,c1,c1,4
9292,c234,c1,4
9293,c5,c234,3
9294,c5,c5,3
9295,c1,c5,0
9296,c234,c234,2
9297,c1,c1,0
9298,c5,c5,3
9299,c5,c1,1
9300,c1,c234,2
9301,c234,c5,0
9302,c1,c5,3
9303,c5,c5,1
9304,c234,c234,0
9305,c234,c5,0
9306,c5,c1,3
9307,c234,c234,2
9308,c5,c1,4
9309,c5,c1,3
9310,c1,c5,1
9311,c1,c1,1
9312,c5,c1,0
9313,c234,c234,1
9314,c234,c5,2
9315,c5,c5,4
9316,c5,c5,2
9317,c5,c5,4
9318,c5,c5,0
9319,c1,c5,0
9320,c234,c234,3
9321,c1,c1,1
9322,c5,c5,1
9323,c5,c234,3
9324,c234,c1,0
9325,c5,c5,0
9326,c5,c234,1
9327,c234,c5,2
9328,c1,c1,3
9329,c1,c5,1
9330,c5,c5,3
9331,c1,c1,3
9332,c5,c5,2
9333,c1,c5,2
9334,c1,c5,0
9335,c234,c1,3
9336,c5,c5,2
9337,c1,c1,1
9338,c1,c1,3
9339,c234,c234,1
9340,c234,c1,1
9341,c234,c1,3
9342,c5,c234,3
9343,c5,c1,4
9344,c5,c234,0
9345,c1,c5,3
9346,c1,c234,1
9347,c5,c1,4
9348,c1,c234,2
9349,c234,c234,1
9350,c234,c234,1
9351,c5,c234,4
9352,c234,c5,3
9353,c234,c5,2
9354,c234,c234,0
9355,c234,c5,3
9356,c1,c5,1
9357,c5,c5,0
9358,c234,c234,1
9359,c1,c5,2
9360,c234,c234,2
9361,c5,c1,1
9362,c1,c1,0
9363,c234,c5,0
9364,c1,c1,4
9365,c234,c5,1
9366,c5,c5,4
9367,c1,c1,4
9368,c1,c234,0
9369,c5,c5,3
9370,c5,c5,3
9371,c1,c234,3
9372,c234,c5,3
9373,c1,c1,2
9374,c5,c1,2
9375,c234,c5,2
9376,c1,c234,4
9377,c234,c234,2
9378,c1,c1,2
9379,c234,c5,2
9380,c234,c234,1
9381,c5,c234,2
9382,c5,c5,1
9383,c1,c1,0
9384,c1,c5,4
9385,c234,c5,3
9386,c1,c1,1
9387,c1,c1,4
9388,c234,c234,3
9389,c1,c1,0
9390,c5,c5,0
9391,c234,c1,4
9392,c1,c1,1
9393,c1,c234,1
9394,c1,c234,1
9395,c1,c1,2
9396,c1,c1,3
9397,c1,c5,0
9398,c1,c5,4
9399,c234,c1,4
9400,c5,c1,3
9401,c5,c234,1
9402,c1,c1,0
9403,c5,c5,2
9404,c1,c1,3
9405,c234,c234,4
9406,c5,c5,4
9407,c5,c5,2
9408,c234,c5,4
9409,c234,c234,0
9410,c5,c5,0
9411,c5,c1,2
9412,c234,c234,0
9413,c5,c5,2
9414,c1,c1,2
9415,c5,c5,4
9416,c234,c5,4
9417,c1,c1,2
9418,c5,c1,2
9419,c1,c1,1
9420,c5,c5,1
9421,c5,c5,0
9422,c1,c5,4
9423,c1,c234,3
9424,c234,c1,0
9425,c1,c5,4
9426,c5,c234,3
9427,c5,c5,2
9428,c5,c5,1
9429,c234,c5,4
9430,c5,c234,2
9431,c234,c5,0
9432,c1,c1,0
9433,c234,c1,3
9434,c234,c5,3
9435,c1,c1,0
9436,c234,c234,3
9437,c1,c1,1
9438,c1,c5,0
9439,c1,c1,4
9440,c5,c5,0
9441,c5,c1,0
9442,c234,c5,3
9443,c5,c234,4
9444,c234,c5,2
9445,c1,c1,2
9446,c5,c5,3
9447,c5,c1,0
9448,c234,c1,1
9449,c234,c234,0
9450,c1,c5,3
9451,c234,c234,2
9452,c5,c5,2
9453,c5,c234,3
9454,c234,c5,1
9455,c1,c1,3
9456,c1,c1,3
9457,c1,c1,0
9458,c234,c5,3
9459,c234,c1,4
9460,c1,c234,2
9461,c5,c1,1
9462,c1,c1,1
9463,c5,c5,3
9464,c234,c234,1
9465,c1,c5,3
9466,c234,c5,1
9467,c234,c234,1
9468,c1,c1,4
9469,c5,c234,3
9470,c5,c1,4
9471,c5,c5,3
9472,c234,c234,1
9473,c234,c234,0
9474,c234,c1,4
9475,c5,c1,1
9476,c5,c5,0
9477,c5,c1,3
9478,c1,c5,3
9479,c1,c1,3
9480,c5,c5,0
9481,c1,c1,4
9482,c5,c1,0
9483,c234,c5,1
9484,c234,c5,2
9485,c5,c1,3
9486,c5,c234,1
9487,c5,c5,1
9488,c1,c234,0
9489,c1,c1,0
9490,c234,c234,4
9491,c234,c1,0
9492,c5,c5,4
9493,c1,c1,3
9494,c1,c5,0
9495,c1,c1,4
9496,c5,c5,0
9497,c5,c5,4
9498,c5,c5,2
9499,c234,c5,1
9500,c5,c1,0
9501,c234,c1,0
9502,c5,c234,3
9503,c5,c5,1
9504,c1,c1,1
9505,c1,c1,1
9506,c234,c234,3
9507,c5,c234,2
9508,c1,c1,3
9509,c5,c234,1
9510,c234,c1,1
9511,c5,c234,0
9512,c5,c5,1
9513,c1,c1,2
9514,c234,c1,3
9515,c1,c1,3
9516,c5,c5,1
9517,c234,c234,2
9518,c234,c5,1
9519,c5,c5,2
9520,c1,c234,2
9521,c1,c1,3
9522,c1,c5,3
9523,c234,c5,2
9524,c1,c5,0
9525,c5,c5,4
9526,c1,c234,3
9527,c5,c234,4
9528,c1,c234,2
9529,c234,c1,0
9530,c5,c234,3
9531,c1,c234,1
9532,c1,c1,4
9533,c1,c234,4
9534,c5,c5,3
9535,c5,c5,2
9536,c234,c234,0
9537,c1,c1,3
9538,c5,c5,4
9539,c1,c234,0
9540,c234,c1,0
9541,c234,c234,3
9542,c234,c5,3
9543,c234,c1,2
9544,c234,c1,3
9545,c234,c5,2
9546,c5,c5,3
9547,c234,c234,0
9548,c1,c234,3
9549,c234,c1,2
9550,c1,c5,0
9551,c1,c1,3
9552,c1,c1,1
9553,c1,c1,0
9554,c1,c1,4
9555,c1,c1,4
9556,c1,c234,3
9557,c1,c234,4
9558,c1,c1,0
9559,c234,c1,4
9560,c234,c5,1
9561,c5,c1,1
9562,c5,c5,0
9563,c5,c234,4
9564,c234,c1,1
9565,c5,c5,2
9566,c5,c5,0
9567,c234,c5,1
9568,c5,c5,3
9569,c5,c5,0
9570,c5,c1,0
9571,c5,c234,4
9572,c5,c1,2
9573,c1,c5,0
9574,c5,c234,0
9575,c5,c5,0
9576,c5,c5,2
9577,c5,c5,1
9578,c5,c1,1
9579,c234,c234,2
9580,c1,c234,1
9581,c234,c5,4
9582,c234,c1,4
9583,c1,c234,2
9584,c234,c234,3
9585,c234,c1,1
9586,c1,c5,3
9587,c5,c234,0
9588,c1,c1,2
9589,c1,c234,2
9590,c1,c5,1
9591,c234,c5,0
9592,c1,c1,0
9593,c1,c5,2
9594,c5,c1,2
9595,c5,c234,1
9596,c234,c234,0
9597,c1,c234,3
9598,c234,c5,2
9599,c5,c5,1
9600,c5,c1,4
9601,c234,c234,2
9602,c1,c1,2
9603,c1,c5,4
9604,c234,c234,2
9605,c5,c234,3
9606,c234,c234,1
9607,c234,c234,0
9608,c5,c5,4
9609,c234,c5,0
9610,c5,c5,0
9611,c5,c5,1
9612,c5,c5,1
9613,c1,c5,3
9614,c1,c1,3
9615,c5,c234,2
9616,c1,c1,1
9617,c234,c1,0
9618,c234,c5,4
9619,c234,c234,1
9620,c5,c234,2
9621,c5,c5,0
9622,c5,c5,3
9623,c234,c5,3
9624,c5,c5,0
9625,c1,c1,4
9626,c234,c234,3
9627,c234,c1,4
9628,c5,c234,1
9629,c234,c234,1
9630,c234,c1,3
9631,c5,c234,2
9632,c5,c234,4
9633,c1,c1,2
9634,c1,c234,1
9635,c5,c5,4
9636,c234,c234,2
9637,c234,c234,2
9638,c234,c1,1
9639,c1,c1,4
9640,c1,c234,3
9641,c5,c5,1
9642,c5,c5,3
9643,c234,c1,0
9644,c1,c1,0
9645,c234,c1,0
9646,c234,c5,2
9647,c5,c5,2
9648,c1,c234,2
9649,c5,c234,2
9650,c234,c234,2
9651,c234,c234,2
9652,c5,c234,3
9653,c5,c234,1
9654,c234,c234,0
9655,c234,c5,2
9656,c1,c234,0
9657,c234,c5,2
9658,c1,c1,2
9659,c234,c5,2
9660,c5,c5,3
9661,c1,c1,3
9662,c1,c1,0
9663,c5,c5,0
9664,c5,c5,3
9665,c5,c5,3
9666,c234,c1,2
9667,c5,c5,2
9668,c1,c234,4
9669,c1,c1,1
9670,c234,c234,2
9671,c5,c5,2
9672,c5,c234,3
9673,c1,c1,4
9674,c5,c1,3
9675,c5,c5,3
9676,c5,c1,4
9677,c1,c5,0
9678,c5,c1,2
9679,c234,c5,4
9680,c1,c5,4
9681,c1,c1,4
9682,c5,c5,1
9683,c5,c234,2
9684,c5,c5,2
9685,c5,c234,4
9686,c234,c1,0
9687,c1,c234,4
9688,c1,c5,2
9689,c1,c234,1
9690,c5,c5,3
9691,c1,c1,2
9692,c1,c234,1
9693,c234,c1,3
9694,c5,c1,3
9695,c5,c5,1
9696,c234,c5,4
9697,c5,c1,0
9698,c234,c1,4
9699,c5,c5,4
9700,c234,c1,3
9701,c5,c1,3
9702,c1,c5,0
9703,c234,c5,2
9704,c234,c234,4
9705,c5,c5,3
9706,c234,c234,0
9707,c1,c234,0
9708,c1,c1,2
9709,c1,c1,0
9710,c234,c234,0
9711,c234,c1,1
9712,c1,c1,3
9713,c234,c1,3
9714,c5,c5,1
9715,c1,c1,2
9716,c234,c234,1
9717,c5,c1,0
9718,c234,c234,4
9719,c1,c5,4
9720,c234,c1,4
9721,c234,c5,1
9722,c5,c5,0
9723,c5,c234,3
9724,c1,c1,2
9725,c234,c234,2
9726,c234,c234,4
9727,c5,c5,3
9728,c1,c234,2
9729,c5,c5,0
9730,c5,c234,1
9731,c5,c234,1
9732,c234,c1,4
9733,c234,c5,3
9734,c5,c5,2
9735,c1,c5,3
9736,c1,c234,4
9737,c234,c5,1
9738,c234,c1,0
9739,c234,c1,4
9740,c5,c5,2
9741,c1,c1,2
9742,c234,c5,0
9743,c234,c1,3
9744,c1,c234,3
9745,c234,c5,3
9746,c5,c1,3
9747,c234,c5,2
9748,c5,c1,3
9749,c1,c1,1
9750,c1,c234,1
9751,c234,c234,1
9752,c1,c234,3
9753,c5,c5,0
9754,c1,c1,0
9755,c5,c1,4
9756,c234,c1,2
9757,c1,c234,0
9758,c5,c1,4
9759,c234,c1,4
9760,c234,c1,4
9761,c234,c1,0
9762,c234,c234,1
9763,c5,c5,0
9764,c234,c5,0
9765,c1,c1,4
9766,c234,c234,4
9767,c5,c1,3
9768,c234,c234,3
9769,c5,c234,2
9770,c1,c1,3
9771,c1,c1,3
9772,c5,c1,1
9773,c234,c5,0
9774,c234,c234,0
9775,c1,c1,3
9776,c5,c1,1
9777,c234,c1,2
9778,c1,c234,2
9779,c1,c234,4
9780,c1,c234,4
9781,c234,c5,1
9782,c234,c1,3
9783,c234,c1,1
9784,c234,c234,4
9785,c5,c5,4
9786,c5,c5,4
9787,c234,c5,4
9788,c234,c234,3
9789,c234,c234,1
9790,c5,c234,0
9791,c234,c5,4
9792,c5,c1,3
9793,c1,c1,1
9794,c234,c5,2
9795,c234,c1,0
9796,c234,c5,0
9797,c5,c234,1
9798,c5,c5,1
9799,c1,c1,4
9800,c5,c234,4
9801,c1,c5,3
9802,c1,c1,0
9803,c5,c234,3
9804,c5,c234,3
9805,c1,c1,4
9806,c5,c1,4
9807,c1,c234,1
9808,c234,c5,0
9809,c5,c5,4
9810,c234,c234,3
9811,c1,c234,3
9812,c5,c234,4
9813,c1,c1,3
9814,c234,c1,3
9815,c5,c234,2
9816,c1,c1,1
9817,c5,c5,4
9818,c1,c234,4
9819,c234,c234,4
9820,c234,c5,2
9821,c1,c1,0
9822,c5,c5,3
9823,c1,c5,2
9824,c5,c1,2
9825,c234,c234,1
9826,c1,c234,4
9827,c5,c234,1
9828,c5,c5,0
9829,c5,c5,0
9830,c234,c5,0
9831,c1,c5,0
9832,c234,c234,1
9833,c1,c234,2
9834,c5,c234,4
9835,c1,c5,4
9836,c5,c5,2
9837,c5,c234,3
9838,c234,c1,2
9839,c1,c234,2
9840,c234,c5,1
9841,c234,c5,0
9842,c234,c5,3
9843,c234,c5,2
9844,c5,c5,1
9845,c234,c234,0
9846,c1,c1,0
9847,c1,c234,3
9848,c5,c5,1
9849,c5,c234,4
9850,c5,c1,3
9851,c234,c5,4
9852,c234,c5,0
9853,c5,c234,3
9854,c234,c5,3
9855,c234,c234,3
9856,c234,c234,1
9857,c5,c234,2
9858,c234,c5,2
9859,c234,c1,1
9860,c1,c5,1
9861,c5,c234,0
9862,c234,c1,0
9863,c234,c5,3
9864,c5,c1,1
9865,c5,c234,2
9866,c5,c5,2
9867,c5,c5,1
9868,c1,c234,2
9869,c5,c5,1
9870,c1,c1,2
9871,c1,c234,1
9872,c5,c234,2
9873,c5,c5,3
9874,c1,c234,0
9875,c1,c1,1
9876,c234,c1,2
9877,c5,c5,3
9878,c5,c1,1
9879,c1,c1,3
9880,c234,c1,2
9881,c1,c1,4
9882,c5,c5,0
9883,c5,c5,1
9884,c234,c1,2
9885,c234,c1,3
9886,c234,c234,3
9887,c234,c234,4
9888,c234,c5,0
9889,c1,c1,0
9890,c1,c234,2
9891,c234,c234,0
9892,c5,c1,0
9893,c234,c234,1
9894,c1,c1,1
9895,c1,c234,1
9896,c1,c5,4
9897,c1,c5,2
9898,c234,c5,4
9899,c1,c1,4
9900,c1,c5,2
9901,c234,c5,0
9902,c5,c234,3
9903,c1,c1,1
9904,c234,c1,4
9905,c234,c234,0
9906,c5,c5,0
9907,c234,c1,4
9908,c234,c5,1
9909,c234,c1,3
9910,c1,c234,2
9911,c234,c1,2
9912,c234,c5,0
9913,c234,c5,1
9914,c5,c234,0
9915,c234,c234,2
9916,c1,c234,0
9917,c5,c5,4
9918,c5,c5,2
9919,c1,c234,4
9920,c234,c234,0
9921,c234,c234,1
9922,c1,c5,4
9923,c1,c234,2
9924,c1,c5,1
9925,c5,c234,1
9926,c234,c5,0
9927,c1,c1,0
9928,c1,c1,4
9929,c234,c1,4
9930,c234,c1,0
9931,c1,c1,2
9932,c5,c5,0
9933,c5,c234,4
9934,c5,c5,3
9935,c1,c1,4
9936,c234,c5,0
9937,c5,c5,2
9938,c1,c1,2
9939,c234,c234,3
9940,c234,c5,3
9941,c5,c5,4
9942,c1,c1,2
9943,c234,c1,1
9944,c234,c5,2
9945,c1,c1,0
9946,c5,c234,4
9947,c1,c1,2
9948,c234,c5,1
9949,c5,c1,4
9950,c1,c1,1
9951,c1,c234,4
9952,c1,c234,3
9953,c234,c234,1
9954,c5,c234,4
9955,c234,c5,3
9956,c1,c234,4
9957,c234,c234,1
9958,c5,c5,0
9959,c234,c1,2
9960,c1,c1,0
9961,c234,c5,0
9962,c1,c1,1
9963,c234,c234,0
9964,c234,c5,1
9965,c234,c234,2
9966,c234,c5,0
9967,c1,c5,3
9968,c5,c1,3
9969,c5,c5,2
9970,c234,c5,0
9971,c1,c5,2
9972,c234,c234,3
9973,c1,c5,1
9974,c1,c234,0
9975,c5,c5,1
9976,c1,c1,2
9977,c1,c234,2
9978,c234,c5,3
9979,c5,c234,2
9980,c5,c1,0
9981,c1,c5,3
9982,c234,c5,1
9983,c5,c1,2
9984,c1,c1,3
9985,c5,c234,3
9986,c1,c234,3
9987,c234,c234,4
9988,c234,c234,0
9989,c1,c5,0
9990,c1,c234,3
9991,c5,c5,1
9992,c1,c1,2
9993,c234,c5,0
9994,c1,c1,0
9995,c234,c5,1
9996,c1,c1,0
9997,c234,c1,3
9998,c1,c5,0
9999,c234,c234,0
10000,c1,c1,0
10001,c234,c1,3
10002,c1,c1,0
10003,c234,c234,1
10004,c1,c234,2
10005,c234,c5,1
10006,c5,c234,2
10007,c5,c5,1
10008,c234,c234,2
10009,c1,c1,0
10010,c5,c5,2
10011,c234,c5,3
10012,c234,c5,1
10013,c5,c234,1
10014,c5,c1,2
10015,c5,c5,2
10016,c234,c234,2
10017,c1,c5,0
10018,c5,c1,4
10019,c234,c234,2
10020,c5,c5,4
10021,c5,c1,1
10022,c1,c1,1
10023,c1,c5,3
10024,c234,c5,4
10025,c1,c1,0
10026,c1,c234,4
10027,c234,c5,3
10028,c234,c1,1
10029,c234,c1,3
10030,c234,c234,0
10031,c5,c234,3
10032,c1,c1,3
10033,c5,c234,2
10034,c1,c1,4
10035,c1,c5,2
10036,c5,c234,1
10037,c234,c5,0
10038,c5,c234,1
10039,c1,c5,1
10040,c5,c234,3
10041,c5,c234,3
10042,c5,c1,3
10043,c1,c234,4
10044,c5,c5,1
10045,c1,c5,0
10046,c1,c234,2
10047,c1,c1,1
10048,c5,c5,1
10049,c234,c1,4
10050,c1,c5,4
10051,c1,c234,2
10052,c5,c5,0
10053,c234,c1,1
10054,c5,c5,2
10055,c1,c1,4
10056,c5,c1,0
10057,c234,c1,1
10058,c234,c1,1
10059,c5,c234,4
10060,c5,c5,1
10061,c5,c5,0
10062,c1,c1,4
10063,c1,c1,4
10064,c1,c5,4
10065,c1,c234,2
10066,c234,c234,3
10067,c5,c5,0
10068,c1,c1,1
10069,c234,c1,0
10070,c1,c1,3
10071,c1,c1,2
10072,c5,c234,4
10073,c5,c1,4
10074,c234,c234,1
10075,c5,c5,1
10076,c234,c1,2
10077,c1,c234,2
10078,c234,c5,4
10079,c1,c1,3
10080,c5,c5,4
10081,c5,c5,1
10082,c5,c5,2
10083,c234,c1,1
10084,c234,c5,4
10085,c234,c234,0
10086,c1,c234,0
10087,c234,c1,0
10088,c234,c234,2
10089,c1,c1,2
10090,c234,c5,3
10091,c5,c5,4
10092,c1,c234,0
10093,c5,c234,4
10094,c234,c1,2
10095,c1,c5,4
10096,c5,c5,2
10097,c5,c5,4
10098,c5,c5,0
10099,c234,c5,2
10100,c1,c5,0
10101,c234,c234,4
10102,c234,c5,4
10103,c5,c5,2
10104,c5,c1,4
10105,c234,c5,2
10106,c234,c1,0
10107,c1,c5,4
10108,c5,c234,1
10109,c234,c1,3
10110,c234,c5,3
10111,c234,c234,3
10112,c5,c5,1
10113,c1,c234,0
10114,c234,c234,2
10115,c5,c5,1
10116,c5,c5,0
10117,c1,c5,2
10118,c1,c1,1
10119,c234,c1,1
10120,c1,c234,1
10121,c234,c234,3
10122,c234,c1,3
10123,c234,c5,3
10124,c5,c5,1
10125,c1,c234,1
10126,c5,c5,2
10127,c1,c5,4
10128,c1,c5,0
10129,c5,c234,1
10130,c234,c234,0
10131,c234,c5,4
10132,c1,c234,4
10133,c5,c234,0
10134,c1,c1,3
10135,c5,c234,3
10136,c1,c234,0
10137,c234,c234,4
10138,c1,c1,4
10139,c234,c5,0
10140,c1,c1,3
10141,c5,c234,3
10142,c5,c1,0
10143,c1,c5,3
10144,c234,c1,2
10145,c5,c5,4
10146,c1,c1,4
10147,c234,c5,0
10148,c5,c5,4
10149,c234,c5,2
10150,c5,c5,1
10151,c5,c234,3
10152,c5,c5,0
10153,c5,c234,2
10154,c234,c234,1
10155,c234,c1,2
10156,c1,c234,2
10157,c234,c1,1
10158,c1,c234,2
10159,c234,c5,1
10160,c234,c1,0
10161,c234,c234,1
10162,c5,c5,0
10163,c5,c5,2
10164,c5,c1,2
10165,c5,c5,4
10166,c234,c234,0
10167,c1,c1,4
10168,c1,c1,4
10169,c5,c5,3
10170,c5,c5,1
10171,c234,c234,3
10172,c1,c1,2
10173,c1,c1,4
10174,c234,c1,3
10175,c234,c1,1
10176,c234,c234,4
10177,c234,c234,2
10178,c5,c1,2
10179,c234,c234,4
10180,c1,c234,1
10181,c5,c234,2
10182,c5,c5,2
10183,c5,c5,1
10184,c1,c234,1
10185,c1,c1,2
10186,c1,c1,0
10187,c1,c1,3
10188,c1,c234,1
10189,c1,c1,1
10190,c234,c5,3
10191,c1,c1,2
10192,c1,c1,1
10193,c234,c234,3
10194,c1,c1,4
10195,c1,c5,4
10196,c1,c1,2
10197,c234,c5,1
10198,c234,c5,3
10199,c5,c1,2
10200,c234,c5,2
10201,c234,c5,2
10202,c234,c1,4
10203,c1,c1,3
10204,c1,c1,3
10205,c1,c1,0
10206,c1,c1,2
10207,c1,c1,0
10208,c234,c5,3
10209,c5,c234,0
10210,c234,c5,3
10211,c1,c1,0
10212,c234,c1,2
10213,c5,c5,4
10214,c5,c5,4
10215,c5,c234,0
10216,c1,c1,2
10217,c1,c1,0
10218,c1,c234,4
10219,c5,c1,1
10220,c1,c1,1
10221,c1,c234,0
10222,c1,c234,1
10223,c5,c5,2
10224,c1,c234,3
10225,c234,c1,1
10226,c1,c1,2
10227,c5,c5,0
10228,c5,c5,1
10229,c5,c1,3
10230,c5,c5,4
10231,c1,c234,0
10232,c1,c1,1
10233,c234,c1,4
10234,c5,c5,1
10235,c1,c1,3
10236,c1,c1,2
10237,c5,c5,0
10238,c5,c5,2
10239,c234,c234,1
10240,c5,c5,4
10241,c234,c5,3
10242,c1,c1,3
10243,c234,c5,1
10244,c1,c1,0
10245,c234,c5,4
10246,c5,c234,2
10247,c234,c234,0
10248,c1,c1,4
10249,c1,c5,2
10250,c5,c1,0
10251,c5,c1,0
10252,c5,c1,4
10253,c234,c1,0
10254,c5,c5,2
10255,c1,c5,4
10256,c1,c1,0
10257,c5,c5,0
10258,c1,c1,0
10259,c234,c5,0
10260,c5,c5,4
10261,c5,c234,0
10262,c234,c234,4
10263,c1,c1,2
10264,c234,c5,2
10265,c1,c1,0
10266,c1,c234,0
10267,c234,c1,3
10268,c234,c234,4
10269,c234,c5,1
10270,c5,c5,1
10271,c234,c5,4
10272,c234,c5,1
10273,c1,c1,2
10274,c234,c5,1
10275,c5,c5,1
10276,c1,c1,4
10277,c5,c1,2
10278,c234,c1,3
10279,c5,c5,3
10280,c5,c5,4
10281,c5,c5,0
10282,c5,c5,2
10283,c5,c1,4
10284,c1,c1,3
10285,c1,c234,2
10286,c5,c5,4
10287,c234,c234,3
10288,c5,c1,2
10289,c5,c5,0
10290,c5,c5,3
10291,c234,c234,1
10292,c1,c1,0
10293,c234,c1,0
10294,c1,c234,2
10295,c1,c1,3
10296,c1,c1,1
10297,c1,c5,4
10298,c1,c1,2
10299,c5,c1,0
10300,c1,c1,2
10301,c5,c234,0
10302,c1,c1,4
10303,c5,c1,2
10304,c234,c5,0
10305,c5,c5,0
10306,c1,c234,2
10307,c1,c1,0
10308,c234,c1,0
10309,c5,c234,4
10310,c234,c5,0
10311,c5,c5,3
10312,c5,c5,0
10313,c234,c1,1
10314,c5,c234,4
10315,c5,c5,0
10316,c234,c5,0
10317,c5,c5,2
10318,c5,c234,1
10319,c234,c5,0
10320,c1,c1,0
10321,c234,c234,1
10322,c1,c234,2
10323,c5,c5,0
10324,c5,c234,2
10325,c234,c234,4
10326,c5,c5,1
10327,c5,c5,2
10328,c234,c5,1
10329,c234,c1,0
10330,c5,c5,1
10331,c234,c5,0
10332,c234,c234,4
10333,c234,c5,3
10334,c5,c5,2
10335,c1,c5,3
10336,c234,c5,1
10337,c1,c1,4
10338,c5,c234,2
10339,c5,c234,0
10340,c234,c234,2
10341,c234,c234,0
10342,c234,c234,0
10343,c234,c1,2
10344,c234,c234,2
10345,c5,c1,0
10346,c5,c234,2
10347,c5,c234,3
10348,c5,c234,0
10349,c1,c1,0
10350,c1,c5,3
10351,c5,c1,3
10352,c1,c1,4
10353,c234,c1,2
10354,c234,c5,3
10355,c5,c1,1
10356,c5,c1,2
10357,c5,c234,2
10358,c234,c234,1
10359,c5,c5,2
10360,c5,c5,1
10361,c5,c5,1
10362,c234,c234,1
10363,c1,c1,2
10364,c234,c234,3
10365,c234,c1,1
10366,c5,c234,3
10367,c1,c5,0
10368,c5,c5,0
10369,c234,c234,1
10370,c1,c234,4
10371,c234,c1,1
10372,c5,c234,4
10373,c1,c234,3
10374,c234,c1,1
10375,c5,c5,3
10376,c234,c5,4
10377,c234,c1,0
10378,c1,c1,3
10379,c1,c234,2
10380,c5,c5,3
10381,c1,c5,4
10382,c234,c1,2
10383,c1,c1,2
10384,c234,c5,2
10385,c234,c234,4
10386,c234,c234,3
10387,c234,c5,0
10388,c234,c1,0
10389,c1,c234,2
10390,c234,c234,4
10391,c1,c1,0
10392,c1,c1,3
10393,c1,c1,2
10394,c1,c234,1
10395,c234,c234,4
10396,c234,c5,2
10397,c234,c5,3
10398,c1,c1,1
10399,c1,c1,4
10400,c1,c1,0
10401,c5,c234,1
10402,c1,c1,2
10403,c5,c1,2
10404,c1,c1,0
10405,c234,c234,2
10406,c5,c234,0
10407,c5,c5,4
10408,c5,c5,0
10409,c1,c1,2
10410,c1,c1,1
10411,c5,c234,2
10412,c234,c5,1
10413,c5,c234,0
10414,c1,c1,3
10415,c5,c234,0
10416,c234,c234,3
10417,c234,c1,4
10418,c234,c234,3
10419,c234,c234,3
10420,c1,c1,2
10421,c1,c5,0
10422,c1,c1,1
10423,c234,c234,0
10424,c1,c1,3
10425,c234,c1,1
10426,c5,c5,4
10427,c5,c5,4
10428,c1,c1,4
10429,c5,c5,2
10430,c5,c234,2
10431,c234,c5,0
10432,c234,c1,2
10433,c5,c5,2
10434,c234,c234,3
10435,c1,c5,3
10436,c234,c234,4
10437,c234,c234,0
10438,c234,c1,4
10439,c1,c1,4
10440,c5,c5,0
10441,c5,c5,1
10442,c5,c5,1
10443,c5,c5,4
10444,c1,c1,3
10445,c234,c1,3
10446,c1,c1,1
10447,c234,c1,0
10448,c5,c5,3
10449,c5,c5,4
10450,c5,c234,1
10451,c5,c1,0
10452,c234,c234,4
10453,c1,c5,2
10454,c1,c1,1
10455,c1,c1,3
10456,c1,c5,2
10457,c234,c234,0
10458,c234,c1,3
10459,c5,c5,0
10460,c5,c234,1
10461,c5,c5,0
10462,c234,c1,4
10463,c1,c1,4
10464,c5,c5,3
10465,c5,c1,2
10466,c1,c234,0
10467,c5,c5,3
10468,c1,c234,0
10469,c5,c234,2
10470,c5,c5,2
10471,c1,c1,1
10472,c234,c1,3
10473,c5,c1,1
10474,c5,c5,3
10475,c5,c1,4
10476,c234,c1,0
10477,c5,c5,2
10478,c1,c5,2
10479,c234,c1,2
10480,c5,c5,0
10481,c234,c1,3
10482,c1,c1,3
10483,c5,c5,1
10484,c1,c5,4
10485,c5,c1,0
10486,c1,c234,0
10487,c5,c234,0
10488,c234,c1,4
10489,c1,c234,1
10490,c5,c5,3
10491,c1,c1,2
10492,c234,c1,0
10493,c1,c1,4
10494,c1,c1,0
10495,c5,c5,3
10496,c5,c234,3
10497,c234,c234,4
10498,c5,c5,3
10499,c234,c1,2
10500,c5,c5,3
10501,c5,c5,1
10502,c1,c1,3
10503,c5,c5,1
10504,c234,c5,3
10505,c234,c1,2
10506,c5,c234,2
10507,c1,c5,2
10508,c5,c5,1
10509,c234,c1,2
10510,c5,c234,4
10511,c1,c1,2
10512,c1,c1,1
10513,c234,c5,3
10514,c234,c234,4
10515,c5,c5,4
10516,c1,c234,1
10517,c1,c1,1
10518,c234,c1,0
10519,c1,c5,2
10520,c5,c5,1
10521,c234,c1,3
10522,c5,c5,0
10523,c5,c1,3
10524,c5,c5,4
10525,c5,c5,4
10526,c5,c5,3
10527,c234,c5,4
10528,c234,c5,2
10529,c1,c5,2
10530,c234,c1,0
10531,c5,c1,2
10532,c1,c234,2
10533,c5,c1,2
10534,c1,c1,4
10535,c5,c1,4
10536,c5,c5,4
10537,c234,c1,2
10538,c1,c234,1
10539,c1,c1,0
10540,c5,c234,3
10541,c234,c1,3
10542,c1,c5,4
10543,c234,c234,2
10544,c5,c5,3
10545,c234,c234,2
10546,c5,c5,2
10547,c5,c5,0
10548,c1,c1,1
10549,c5,c234,0
10550,c234,c5,0
10551,c234,c1,1
10552,c1,c1,0
10553,c234,c234,0
10554,c1,c5,4
10555,c234,c5,2
10556,c5,c5,2
10557,c1,c1,2
10558,c234,c234,1
10559,c5,c5,2
10560,c5,c234,4
10561,c1,c1,3
10562,c234,c5,3
10563,c1,c234,0
10564,c1,c1,4
10565,c5,c1,3
10566,c234,c1,1
10567,c234,c1,0
10568,c5,c5,3
10569,c5,c5,2
10570,c5,c5,3
10571,c5,c5,0
10572,c234,c234,3
10573,c234,c5,3
10574,c1,c5,3
10575,c5,c234,2
10576,c234,c5,2
10577,c234,c5,2
10578,c1,c5,0
10579,c1,c5,0
10580,c234,c1,3
10581,c5,c5,3
10582,c5,c5,2
10583,c1,c234,4
10584,c1,c1,3
10585,c1,c1,1
10586,c5,c5,1
10587,c234,c234,1
10588,c1,c1,4
10589,c234,c1,3
10590,c1,c5,0
10591,c5,c5,3
10592,c234,c234,1
10593,c5,c234,4
10594,c5,c5,1
10595,c234,c1,3
10596,c1,c1,3
10597,c5,c234,3
10598,c234,c234,3
10599,c5,c5,4
10600,c5,c5,2
10601,c5,c1,4
10602,c234,c5,1
10603,c5,c5,1
10604,c234,c1,3
10605,c5,c5,0
10606,c1,c1,1
10607,c5,c5,1
10608,c5,c5,1
10609,c234,c234,3
10610,c5,c5,4
10611,c234,c234,4
10612,c5,c5,4
10613,c1,c1,4
10614,c1,c234,1
10615,c234,c234,2
10616,c5,c5,1
10617,c1,c1,1
10618,c5,c5,1
10619,c1,c1,2
10620,c1,c234,1
10621,c5,c5,2
10622,c1,c1,4
10623,c5,c234,1
10624,c1,c1,3
10625,c5,c5,4
10626,c5,c5,4
10627,c5,c5,2
10628,c234,c1,0
10629,c5,c5,1
10630,c1,c1,1
10631,c1,c234,0
10632,c5,c234,3
10633,c5,c234,4
10634,c1,c1,0
10635,c234,c1,4
10636,c234,c1,4
10637,c5,c5,4
10638,c234,c234,1
10639,c234,c5,2
10640,c234,c234,2
10641,c1,c1,0
10642,c1,c1,1
10643,c234,c234,3
10644,c234,c1,4
10645,c5,c5,0
10646,c5,c234,4
10647,c1,c234,4
10648,c1,c1,1
10649,c1,c1,1
10650,c5,c234,2
10651,c5,c1,1
10652,c1,c234,3
10653,c234,c5,4
10654,c1,c1,1
10655,c1,c5,3
10656,c1,c234,0
10657,c5,c5,3
10658,c1,c1,4
10659,c1,c234,2
10660,c1,c1,2
10661,c234,c1,2
10662,c5,c1,2
10663,c234,c1,0
10664,c5,c1,3
10665,c5,c5,0
10666,c234,c1,4
10667,c5,c5,1
10668,c1,c234,0
10669,c234,c1,3
10670,c1,c5,3
10671,c1,c234,2
10672,c5,c1,0
10673,c234,c1,1
10674,c5,c234,4
10675,c1,c1,1
10676,c1,c234,4
10677,c1,c1,2
10678,c1,c1,2
10679,c234,c1,0
10680,c5,c5,2
10681,c234,c1,4
10682,c5,c5,4
10683,c5,c234,1
10684,c234,c234,3
10685,c234,c1,1
10686,c1,c1,3
10687,c1,c1,1
10688,c1,c1,3
10689,c234,c234,0
10690,c1,c234,4
10691,c234,c5,2
10692,c234,c234,2
10693,c234,c234,3
10694,c5,c5,3
10695,c234,c234,3
10696,c234,c1,2
10697,c234,c234,3
10698,c5,c5,2
10699,c234,c5,3
10700,c234,c1,4
10701,c1,c5,2
10702,c234,c234,2
10703,c5,c1,1
10704,c234,c5,4
10705,c1,c234,1
10706,c5,c1,3
10707,c5,c5,0
10708,c5,c234,4
10709,c1,c1,1
10710,c1,c1,1
10711,c234,c5,3
10712,c1,c234,1
10713,c5,c5,4
10714,c1,c234,4
10715,c5,c5,0
10716,c234,c234,4
10717,c5,c5,3
10718,c1,c1,1
10719,c5,c5,1
10720,c1,c1,2
10721,c1,c234,3
10722,c1,c234,1
10723,c234,c5,4
10724,c5,c5,1
10725,c234,c1,2
10726,c234,c5,2
10727,c234,c1,0
10728,c1,c234,4
10729,c5,c1,2
10730,c234,c1,0
10731,c234,c1,2
10732,c1,c1,3
10733,c234,c234,0
10734,c234,c1,2
10735,c234,c234,4
10736,c5,c5,2
10737,c234,c1,3
10738,c234,c234,3
10739,c5,c5,0
10740,c1,c5,0
10741,c1,c5,4
10742,c234,c234,3
10743,c1,c1,3
10744,c234,c1,2
10745,c234,c5,1
10746,c5,c1,4
10747,c5,c234,4
10748,c234,c5,2
10749,c234,c234,0
10750,c1,c234,4
10751,c1,c234,1
10752,c5,c5,0
10753,c1,c5,4
10754,c1,c234,1
10755,c234,c234,0
10756,c1,c1,2
10757,c1,c234,1
10758,c5,c5,3
10759,c5,c5,2
10760,c1,c5,3
10761,c234,c234,0
10762,c1,c1,3
10763,c234,c1,3
10764,c5,c1,2
10765,c234,c1,0
10766,c5,c5,2
10767,c1,c5,3
10768,c1,c234,4
10769,c234,c5,4
10770,c234,c1,3
10771,c234,c5,3
10772,c1,c1,1
10773,c5,c234,1
10774,c234,c1,3
10775,c234,c234,1
10776,c234,c5,3
10777,c1,c5,3
10778,c5,c1,4
10779,c234,c1,0
10780,c234,c234,4
10781,c234,c1,2
10782,c234,c5,4
10783,c5,c5,2
10784,c234,c1,1
10785,c5,c5,1
10786,c234,c234,4
10787,c1,c1,3
10788,c5,c5,1
10789,c1,c234,0
10790,c1,c1,2
10791,c5,c234,1
10792,c5,c1,4
10793,c234,c234,0
10794,c234,c5,2
10795,c1,c1,2
10796,c5,c234,4
10797,c234,c1,2
10798,c1,c234,1
10799,c234,c234,0
10800,c234,c1,2
10801,c1,c234,3
10802,c5,c5,4
10803,c1,c1,2
10804,c1,c234,4
10805,c234,c234,4
10806,c234,c234,0
10807,c234,c5,4
10808,c1,c234,3
10809,c234,c234,1
10810,c234,c1,0
10811,c234,c5,1
10812,c234,c234,4
10813,c1,c1,3
10814,c234,c1,2
10815,c1,c1,3
10816,c234,c234,2
10817,c234,c234,2
10818,c5,c234,4
10819,c234,c234,4
10820,c1,c1,3
10821,c5,c234,1
10822,c5,c5,3
10823,c1,c234,3
10824,c1,c5,4
10825,c5,c5,2
10826,c1,c1,4
10827,c234,c234,4
10828,c5,c234,3
10829,c5,c234,2
10830,c234,c5,4
10831,c234,c234,2
10832,c234,c234,1
10833,c5,c5,2
10834,c5,c1,4
10835,c1,c5,0
10836,c5,c234,4
10837,c1,c5,1
10838,c234,c5,1
10839,c5,c5,0
10840,c5,c234,1
10841,c1,c234,3
10842,c234,c234,4
10843,c1,c5,3
10844,c234,c1,0
10845,c1,c1,3
10846,c5,c5,1
10847,c1,c5,3
10848,c5,c1,2
10849,c1,c1,3
10850,c1,c234,0
10851,c234,c5,0
10852,c234,c5,2
10853,c234,c1,0
10854,c1,c1,1
10855,c234,c234,0
10856,c1,c234,1
10857,c234,c1,1
10858,c1,c234,2
10859,c1,c234,1
10860,c234,c234,1
10861,c5,c1,0
10862,c5,c5,4
10863,c1,c5,4
10864,c234,c1,2
10865,c5,c5,2
10866,c1,c1,3
10867,c234,c234,3
10868,c5,c234,2
10869,c1,c5,2
10870,c1,c234,3
10871,c234,c5,2
10872,c5,c1,1
10873,c5,c1,1
10874,c234,c1,1
10875,c234,c5,4
10876,c5,c1,2
10877,c1,c1,1
10878,c234,c5,4
10879,c5,c5,4
10880,c234,c234,1
10881,c234,c234,2
10882,c234,c234,3
10883,c1,c234,4
10884,c5,c5,0
10885,c234,c5,2
10886,c234,c1,1
10887,c1,c1,2
10888,c1,c5,0
10889,c5,c5,0
10890,c234,c1,1
10891,c234,c5,2
10892,c1,c5,4
10893,c5,c234,1
10894,c1,c1,4
10895,c5,c234,4
10896,c5,c1,0
10897,c1,c5,0
10898,c5,c5,1
10899,c1,c234,2
10900,c234,c234,0
10901,c234,c5,4
10902,c5,c1,2
10903,c5,c5,0
10904,c234,c5,2
10905,c5,c5,1
10906,c234,c1,4
10907,c5,c234,1
10908,c5,c234,1
10909,c1,c5,1
10910,c5,c5,0
10911,c5,c1,3
10912,c5,c5,2
10913,c234,c1,4
10914,c234,c1,3
10915,c1,c234,0
10916,c234,c5,1
10917,c234,c234,1
10918,c1,c234,4
10919,c5,c5,3
10920,c1,c5,4
10921,c234,c234,4
10922,c5,c234,1
10923,c234,c1,3
10924,c1,c5,1
10925,c234,c1,4
10926,c1,c5,1
10927,c234,c234,3
10928,c234,c1,3
10929,c234,c5,3
10930,c1,c1,2
10931,c234,c234,1
10932,c5,c5,0
10933,c1,c1,0
10934,c1,c1,1
10935,c1,c5,4
10936,c234,c5,0
10937,c1,c1,4
10938,c234,c5,3
10939,c5,c234,1
10940,c234,c234,2
10941,c5,c1,3
10942,c1,c234,0
10943,c5,c1,0
10944,c5,c5,4
10945,c234,c234,0
10946,c234,c1,4
10947,c5,c1,1
10948,c234,c1,0
10949,c234,c1,0
10950,c1,c5,4
10951,c1,c234,0
10952,c5,c234,1
10953,c1,c5,0
10954,c234,c1,3
10955,c1,c234,3
10956,c234,c5,3
10957,c234,c5,1
10958,c234,c5,0
10959,c234,c1,1
10960,c234,c1,0
10961,c1,c234,4
10962,c1,c1,1
10963,c5,c1,0
10964,c234,c1,2
10965,c1,c234,0
10966,c1,c1,4
10967,c1,c234,2
10968,c234,c234,2
10969,c234,c234,1
10970,c1,c1,3
10971,c234,c234,2
10972,c234,c234,3
10973,c5,c1,0
10974,c234,c234,1
10975,c5,c5,0
10976,c1,c5,0
10977,c1,c1,3
10978,c1,c1,3
10979,c5,c5,3
10980,c234,c234,3
10981,c5,c5,4
10982,c1,c1,0
10983,c234,c234,2
10984,c1,c5,1
10985,c5,c5,0
10986,c5,c234,3
10987,c5,c5,3
10988,c5,c5,1
10989,c5,c1,3
10990,c234,c5,2
10991,c5,c5,1
10992,c1,c1,1
10993,c234,c1,4
10994,c234,c5,3
10995,c1,c234,2
10996,c1,c234,3
10997,c234,c1,1
10998,c1,c234,1
10999,c5,c5,1
11000,c1,c234,1
11001,c234,c234,0
11002,c5,c5,2
11003,c1,c1,1
11004,c234,c1,1
11005,c234,c5,0
11006,c5,c1,0
11007,c1,c5,0
11008,c5,c5,0
11009,c5,c234,4
11010,c234,c234,0
11011,c1,c1,2
11012,c5,c5,3
11013,c234,c1,3
11014,c234,c234,2
11015,c234,c5,0
11016,c1,c1,0
11017,c5,c5,1
11018,c5,c5,4
11019,c5,c5,0
11020,c5,c5,2
11021,c5,c1,3
11022,c1,c234,4
11023,c1,c1,2
11024,c1,c1,0
11025,c5,c234,4
11026,c234,c234,2
11027,c5,c234,3
11028,c5,c1,4
11029,c5,c234,2
11030,c5,c1,2
11031,c1,c1,1
11032,c5,c234,3
11033,c1,c5,1
11034,c5,c1,3
11035,c234,c1,2
11036,c234,c1,4
11037,c5,c234,1
11038,c234,c1,3
11039,c234,c1,4
11040,c5,c5,1
11041,c234,c1,4
11042,c234,c1,2
11043,c1,c5,1
11044,c1,c1,2
11045,c234,c5,0
11046,c1,c1,3
11047,c5,c234,1
11048,c234,c234,0
11049,c234,c5,1
11050,c234,c1,4
11051,c234,c1,3
11052,c5,c5,3
11053,c5,c1,0
11054,c1,c1,3
11055,c5,c1,2
11056,c1,c234,2
11057,c5,c5,4
11058,c1,c1,2
11059,c234,c234,2
11060,c1,c1,2
11061,c5,c1,1
11062,c5,c234,0
11063,c5,c234,2
11064,c234,c1,1
11065,c5,c234,0
11066,c234,c1,0
11067,c234,c5,0
11068,c5,c5,0
11069,c5,c234,2
11070,c5,c1,4
11071,c5,c5,3
11072,c234,c1,3
11073,c5,c5,1
11074,c234,c234,0
11075,c5,c1,0
11076,c1,c1,2
11077,c1,c1,0
11078,c1,c1,1
11079,c1,c5,2
11080,c5,c1,1
11081,c5,c5,1
11082,c234,c234,1
11083,c1,c1,3
11084,c5,c1,3
11085,c1,c1,2
11086,c234,c1,0
11087,c5,c234,3
11088,c234,c1,3
11089,c5,c234,1
11090,c1,c234,2
11091,c1,c1,3
11092,c5,c234,1
11093,c1,c1,2
11094,c1,c1,0
11095,c1,c1,0
11096,c1,c1,0
11097,c1,c234,3
11098,c5,c1,4
11099,c1,c1,2
11100,c234,c5,0
11101,c1,c5,4
11102,c5,c5,3
11103,c234,c1,0
11104,c5,c5,4
11105,c5,c1,0
11106,c1,c5,4
11107,c5,c1,3
11108,c5,c5,0
11109,c1,c1,2
11110,c5,c234,3
11111,c5,c234,0
11112,c234,c1,2
11113,c234,c5,0
11114,c1,c5,4
11115,c1,c5,1
11116,c234,c234,2
11117,c5,c5,1
11118,c234,c234,4
11119,c1,c5,3
11120,c5,c5,3
11121,c234,c5,2
11122,c234,c5,0
11123,c1,c5,2
11124,c1,c1,0
11125,c234,c5,2
11126,c234,c234,2
11127,c1,c1,2
11128,c234,c1,2
11129,c5,c5,4
11130,c1,c5,2
11131,c5,c1,1
11132,c1,c1,2
11133,c5,c1,1
11134,c5,c234,1
11135,c1,c1,4
11136,c1,c5,2
11137,c1,c234,3
11138,c1,c5,4
11139,c5,c5,0
11140,c234,c5,4
11141,c1,c1,1
11142,c1,c1,1
11143,c1,c1,4
11144,c234,c234,3
11145,c5,c234,2
11146,c1,c234,3
11147,c5,c234,3
11148,c234,c5,3
11149,c234,c5,0
11150,c5,c234,4
11151,c1,c234,0
11152,c5,c234,3
11153,c1,c5,2
11154,c1,c234,4
11155,c1,c234,1
11156,c5,c234,2
11157,c5,c234,3
11158,c5,c234,0
11159,c1,c234,2
11160,c234,c1,2
11161,c1,c1,4
11162,c234,c234,1
11163,c5,c5,3
11164,c5,c1,2
11165,c234,c234,0
11166,c5,c234,0
11167,c1,c1,0
11168,c1,c234,0
11169,c1,c1,1
11170,c5,c1,2
11171,c5,c234,3
11172,c234,c234,0
11173,c234,c5,2
11174,c5,c1,1
11175,c1,c1,3
11176,c1,c1,2
11177,c5,c5,1
11178,c5,c234,1
11179,c5,c5,1
11180,c234,c1,4
11181,c1,c5,0
11182,c5,c1,2
11183,c234,c234,4
11184,c1,c234,0
11185,c234,c5,3
11186,c1,c1,4
11187,c1,c5,4
11188,c5,c5,3
11189,c234,c5,4
11190,c1,c5,0
11191,c234,c1,3
11192,c5,c234,0
11193,c1,c1,4
11194,c1,c234,2
11195,c1,c1,4
11196,c234,c1,3
11197,c1,c1,2
11198,c5,c5,2
11199,c1,c1,1
11200,c234,c1,2
11201,c5,c5,1
11202,c1,c234,3
11203,c5,c234,3
11204,c234,c234,0
11205,c5,c5,3
11206,c1,c1,4
11207,c1,c1,2
11208,c5,c5,1
11209,c234,c234,3
11210,c234,c234,0
11211,c1,c234,2
11212,c1,c234,2
11213,c234,c1,4
11214,c234,c1,3
11215,c234,c234,1
11216,c234,c234,3
11217,c1,c1,1
11218,c5,c5,3
11219,c234,c1,0
11220,c234,c5,2
11221,c234,c5,4
11222,c5,c5,3
11223,c5,c1,1
11224,c1,c1,4
11225,c234,c5,0
11226,c1,c234,3
11227,c1,c234,1
11228,c234,c5,4
11229,c1,c1,3
11230,c1,c5,4
11231,c234,c234,3
11232,c5,c1,0
11233,c5,c5,1
11234,c234,c1,4
11235,c234,c234,1
11236,c1,c1,2
11237,c5,c5,0
11238,c1,c1,3
11239,c5,c234,1
11240,c1,c1,3
11241,c1,c234,4
11242,c5,c1,2
11243,c234,c5,4
11244,c234,c1,3
11245,c5,c5,1
11246,c5,c5,2
11247,c1,c1,0
11248,c5,c5,0
11249,c1,c234,2
11250,c1,c5,2
11251,c5,c5,0
11252,c234,c5,1
11253,c1,c1,1
11254,c1,c234,3
11255,c1,c1,0
11256,c1,c1,4
11257,c5,c5,0
11258,c1,c1,0
11259,c5,c5,1
11260,c5,c5,2
11261,c1,c234,3
11262,c1,c234,0
11263,c5,c5,2
11264,c234,c234,4
11265,c1,c5,4
11266,c1,c1,3
11267,c1,c234,2
11268,c1,c5,4
11269,c234,c1,4
11270,c234,c234,4
11271,c234,c234,3
11272,c234,c5,3
11273,c234,c5,3
11274,c5,c234,0
11275,c234,c1,3
11276,c234,c5,4
11277,c5,c5,0
11278,c5,c5,2
11279,c5,c5,0
11280,c1,c5,0
11281,c5,c234,4
11282,c234,c1,3
11283,c234,c234,2
11284,c5,c234,0
11285,c1,c1,2
11286,c5,c5,4
11287,c5,c5,3
11288,c5,c5,2
11289,c234,c1,2
11290,c5,c234,2
11291,c1,c1,2
11292,c5,c1,3
11293,c5,c5,4
11294,c1,c234,4
11295,c1,c1,2
11296,c1,c1,0
11297,c5,c234,4
11298,c1,c234,0
11299,c234,c234,4
11300,c234,c234,3
11301,c1,c234,0
11302,c5,c234,0
11303,c5,c1,0
11304,c1,c1,1
11305,c1,c1,0
11306,c1,c5,4
11307,c234,c234,4
11308,c234,c5,1
11309,c5,c234,2
11310,c234,c5,1
11311,c234,c1,1
11312,c234,c1,1
11313,c1,c1,3
11314,c1,c1,0
11315,c5,c234,2
11316,c234,c5,0
11317,c5,c1,3
11318,c234,c234,1
11319,c234,c234,4
11320,c234,c1,1
11321,c5,c5,0
11322,c234,c1,2
11323,c234,c5,4
11324,c5,c234,0
11325,c5,c5,0
11326,c234,c5,0
11327,c5,c5,2
11328,c234,c1,4
11329,c5,c234,1
11330,c1,c5,0
11331,c234,c5,2
11332,c234,c234,1
11333,c5,c1,2
11334,c1,c1,3
11335,c234,c234,1
11336,c234,c5,2
11337,c5,c234,2
11338,c5,c5,2
11339,c234,c1,0
11340,c1,c1,2
11341,c1,c234,2
11342,c234,c5,3
11343,c234,c1,0
11344,c5,c1,4
11345,c234,c1,2
11346,c5,c234,0
11347,c1,c1,2
11348,c5,c5,0
11349,c234,c5,2
11350,c5,c1,1
11351,c234,c5,3
11352,c5,c5,0
11353,c1,c1,4
11354,c5,c234,4
11355,c5,c5,2
11356,c5,c1,4
11357,c234,c1,1
11358,c1,c234,2
11359,c234,c5,4
11360,c234,c5,2
11361,c234,c234,2
11362,c234,c1,0
11363,c5,c234,2
11364,c1,c1,4
11365,c5,c1,4
11366,c1,c234,1
11367,c5,c234,2
11368,c1,c1,2
11369,c1,c234,3
11370,c234,c5,0
11371,c1,c234,1
11372,c5,c5,1
11373,c1,c234,3
11374,c1,c1,3
11375,c5,c234,0
11376,c1,c1,0
11377,c1,c1,3
11378,c1,c234,4
11379,c234,c1,4
11380,c1,c234,0
11381,c1,c1,2
11382,c1,c234,3
11383,c234,c234,1
11384,c1,c1,2
11385,c1,c5,1
11386,c1,c1,1
11387,c234,c234,0
11388,c1,c1,0
11389,c234,c5,2
11390,c1,c234,1
11391,c5,c5,2
11392,c1,c234,2
11393,c234,c234,1
11394,c234,c234,3
11395,c234,c234,4
11396,c5,c5,0
11397,c234,c234,1
11398,c234,c5,2
11399,c1,c1,4
11400,c1,c234,1
11401,c234,c5,3
11402,c5,c5,2
11403,c1,c1,2
11404,c1,c5,0
11405,c5,c5,0
11406,c1,c1,3
11407,c5,c5,1
11408,c234,c234,3
11409,c234,c234,2
11410,c1,c5,3
11411,c234,c1,2
11412,c234,c5,3
11413,c1,c1,1
11414,c234,c5,4
11415,c5,c234,3
11416,c1,c1,3
11417,c1,c5,1
11418,c1,c1,3
11419,c5,c1,1
11420,c1,c1,0
11421,c1,c1,0
11422,c234,c1,1
11423,c5,c234,1
11424,c1,c5,3
11425,c5,c5,0
11426,c1,c1,3
11427,c5,c5,1
11428,c234,c5,3
11429,c234,c1,3
11430,c5,c1,3
11431,c5,c234,1
11432,c234,c1,0
11433,c234,c234,2
11434,c5,c5,2
11435,c5,c234,0
11436,c234,c5,1
11437,c234,c234,3
11438,c1,c1,2
11439,c5,c234,4
11440,c234,c234,1
11441,c1,c1,4
11442,c1,c1,2
11443,c1,c234,4
11444,c5,c5,2
11445,c234,c5,1
11446,c1,c1,0
11447,c1,c234,0
11448,c5,c1,3
11449,c5,c5,1
11450,c5,c5,2
11451,c5,c234,0
11452,c5,c1,2
11453,c5,c1,3
11454,c1,c1,1
11455,c234,c5,4
11456,c5,c5,0
11457,c1,c234,1
11458,c234,c5,1
11459,c1,c234,1
11460,c1,c1,1
11461,c1,c234,1
11462,c5,c5,4
11463,c234,c234,3
11464,c234,c234,2
11465,c234,c234,0
11466,c5,c5,4
11467,c234,c234,0
11468,c1,c234,0
11469,c234,c5,4
11470,c5,c5,2
11471,c234,c5,3
11472,c234,c234,0
11473,c5,c5,3
11474,c234,c1,4
11475,c1,c1,4
11476,c1,c1,3
11477,c234,c1,2
11478,c1,c234,3
11479,c234,c1,0
11480,c1,c1,2
11481,c5,c1,1
11482,c234,c234,0
11483,c234,c5,0
11484,c5,c1,3
11485,c234,c5,1
11486,c1,c234,1
11487,c5,c5,3
11488,c5,c5,4
11489,c234,c5,2
11490,c1,c234,1
11491,c234,c234,0
11492,c234,c1,3
11493,c234,c5,2
11494,c1,c1,2
11495,c5,c5,2
11496,c234,c234,2
11497,c1,c234,0
11498,c234,c1,4
11499,c5,c5,2
11500,c234,c1,3
11501,c1,c1,3
11502,c1,c5,3
11503,c5,c5,3
11504,c234,c1,2
11505,c234,c234,2
11506,c5,c234,1
11507,c1,c5,4
11508,c234,c234,0
11509,c1,c1,1
11510,c5,c5,4
11511,c234,c5,1
11512,c1,c1,0
11513,c234,c234,2
11514,c1,c1,3
11515,c234,c234,3
11516,c5,c5,0
11517,c1,c1,1
11518,c5,c1,2
11519,c1,c1,2
11520,c234,c5,3
11521,c234,c5,2
11522,c5,c1,0
11523,c1,c5,4
11524,c5,c5,1
11525,c5,c234,4
11526,c1,c1,4
11527,c1,c234,0
11528,c234,c1,1
11529,c1,c1,2
11530,c1,c234,1
11531,c5,c1,0
11532,c234,c5,3
11533,c1,c234,2
11534,c5,c5,4
11535,c234,c234,1
11536,c5,c234,2
11537,c5,c234,3
11538,c5,c1,1
11539,c1,c234,0
11540,c234,c234,2
11541,c234,c1,4
11542,c234,c5,2
11543,c5,c5,1
11544,c234,c1,4
11545,c5,c1,3
11546,c234,c5,2
11547,c5,c234,2
11548,c1,c234,0
11549,c5,c5,1
11550,c5,c5,4
11551,c234,c234,1
11552,c1,c1,2
11553,c234,c1,0
11554,c234,c5,2
11555,c5,c5,4
11556,c1,c234,1
11557,c234,c5,4
11558,c5,c5,4
11559,c5,c1,2
11560,c1,c234,1
11561,c1,c1,3
11562,c1,c1,2
11563,c1,c1,1
11564,c234,c1,0
11565,c1,c5,2
11566,c234,c234,3
11567,c1,c1,1
11568,c234,c234,2
11569,c234,c234,4
11570,c234,c5,4
11571,c5,c5,4
11572,c5,c5,0
11573,c1,c5,2
11574,c5,c5,4
11575,c1,c1,0
11576,c1,c1,0
11577,c5,c1,0
11578,c234,c1,4
11579,c1,c1,4
11580,c5,c234,4
11581,c234,c234,1
11582,c234,c1,2
11583,c5,c1,2
11584,c5,c5,1
11585,c1,c1,4
11586,c234,c1,2
11587,c234,c5,2
11588,c1,c1,0
11589,c1,c234,1
11590,c5,c5,1
11591,c1,c1,0
11592,c1,c234,0
11593,c5,c234,4
11594,c5,c5,3
11595,c234,c1,0
11596,c1,c5,0
11597,c5,c5,0
11598,c234,c1,2
11599,c1,c234,2
11600,c1,c5,1
11601,c234,c5,2
11602,c1,c5,0
11603,c5,c1,1
11604,c1,c5,2
11605,c5,c5,4
11606,c5,c1,4
11607,c234,c1,1
11608,c1,c5,0
11609,c1,c5,4
11610,c1,c234,1
11611,c234,c234,2
11612,c1,c1,1
11613,c1,c1,2
11614,c1,c234,3
11615,c234,c5,4
11616,c5,c234,0
11617,c1,c1,2
11618,c234,c1,4
11619,c5,c1,4
11620,c5,c5,2
11621,c234,c234,2
11622,c1,c1,2
11623,c234,c1,1
11624,c234,c234,3
11625,c1,c1,2
11626,c5,c1,3
11627,c5,c5,0
11628,c5,c234,0
11629,c1,c234,3
11630,c1,c1,1
11631,c5,c5,2
11632,c5,c5,0
11633,c1,c234,1
11634,c5,c5,4
11635,c1,c234,2
11636,c5,c234,0
11637,c234,c1,3
11638,c1,c234,0
11639,c5,c234,1
11640,c234,c234,4
11641,c5,c5,1
11642,c234,c5,2
11643,c1,c1,2
11644,c1,c5,1
11645,c1,c234,2
11646,c5,c234,3
11647,c1,c5,2
11648,c5,c5,4
11649,c5,c5,3
11650,c234,c5,0
11651,c1,c234,2
11652,c5,c234,2
11653,c5,c234,0
11654,c5,c5,3
11655,c5,c1,0
11656,c5,c5,0
11657,c1,c1,4
11658,c1,c1,2
11659,c234,c234,2
11660,c234,c5,4
11661,c234,c1,3
11662,c1,c1,3
11663,c234,c234,4
11664,c234,c234,4
11665,c234,c1,3
11666,c5,c234,3
11667,c1,c234,2
11668,c1,c234,0
11669,c1,c234,1
11670,c5,c5,0
11671,c234,c234,4
11672,c1,c234,0
11673,c234,c5,0
11674,c234,c1,1
11675,c234,c1,0
11676,c5,c234,2
11677,c234,c234,2
11678,c5,c5,2
11679,c1,c5,4
11680,c1,c1,3
11681,c234,c1,3
11682,c234,c234,1
11683,c5,c1,0
11684,c5,c5,4
11685,c234,c5,1
11686,c5,c5,3
11687,c234,c1,3
11688,c234,c234,2
11689,c1,c234,3
11690,c234,c1,0
11691,c5,c5,1
11692,c1,c234,1
11693,c234,c234,2
11694,c234,c234,1
11695,c234,c234,1
11696,c234,c234,2
11697,c1,c234,0
11698,c234,c234,2
11699,c234,c234,4
11700,c234,c234,4
11701,c234,c1,0
11702,c234,c1,4
11703,c234,c5,0
11704,c5,c5,4
11705,c234,c5,4
11706,c1,c1,3
11707,c5,c5,2
11708,c1,c1,0
11709,c1,c234,0
11710,c5,c1,3
11711,c5,c5,2
11712,c5,c5,3
11713,c5,c5,0
11714,c234,c1,4
11715,c234,c5,1
11716,c5,c234,2
11717,c5,c1,2
11718,c5,c5,1
11719,c1,c1,0
11720,c1,c1,2
11721,c5,c5,0
11722,c5,c5,4
11723,c234,c5,1
11724,c5,c234,1
11725,c234,c234,3
11726,c1,c234,3
11727,c234,c5,2
11728,c234,c5,2
11729,c234,c234,0
11730,c234,c5,4
11731,c234,c234,0
11732,c5,c5,0
11733,c5,c1,4
11734,c234,c5,2
11735,c5,c5,1
11736,c234,c5,3
11737,c5,c234,0
11738,c234,c234,3
11739,c1,c1,2
11740,c5,c5,3
11741,c234,c5,1
11742,c234,c234,1
11743,c5,c1,2
11744,c234,c1,3
11745,c234,c5,3
11746,c1,c5,3
11747,c234,c1,1
11748,c5,c5,3
11749,c1,c5,2
11750,c1,c1,2
11751,c5,c5,3
11752,c1,c5,4
11753,c1,c234,3
11754,c5,c5,4
11755,c5,c234,2
11756,c5,c234,1
11757,c1,c5,2
11758,c234,c5,3
11759,c234,c5,3
11760,c234,c234,3
11761,c5,c234,2
11762,c5,c5,1
11763,c1,c5,3
11764,c5,c5,0
11765,c5,c5,0
11766,c1,c1,3
11767,c1,c1,2
11768,c1,c5,2
11769,c5,c5,1
11770,c5,c5,4
11771,c1,c5,4
11772,c234,c5,3
11773,c1,c5,2
11774,c5,c5,0
11775,c234,c5,0
11776,c1,c1,0
11777,c5,c234,4
11778,c1,c1,4
11779,c5,c1,2
11780,c1,c5,1
11781,c5,c1,3
11782,c5,c234,0
11783,c1,c5,3
11784,c5,c1,3
11785,c234,c234,2
11786,c5,c234,2
11787,c1,c1,0
11788,c234,c234,2
11789,c1,c1,4
11790,c234,c1,1
11791,c5,c5,3
11792,c1,c234,1
11793,c5,c5,1
11794,c1,c1,4
11795,c234,c234,4
11796,c5,c5,4
11797,c5,c5,1
11798,c234,c234,4
11799,c5,c5,0
11800,c234,c1,3
11801,c234,c234,0
11802,c5,c234,1
11803,c234,c5,3
11804,c234,c234,1
11805,c1,c234,2
11806,c234,c5,3
11807,c5,c234,0
11808,c5,c1,0
11809,c1,c1,4
11810,c1,c1,4
11811,c234,c234,0
11812,c234,c234,3
11813,c1,c5,2
11814,c5,c5,3
11815,c5,c1,3
11816,c5,c234,3
11817,c1,c1,1
11818,c5,c234,1
11819,c1,c5,0
11820,c5,c5,2
11821,c234,c1,1
11822,c1,c1,3
11823,c5,c5,3
11824,c5,c234,4
11825,c1,c1,2
11826,c5,c5,4
11827,c1,c234,2
11828,c234,c5,2
11829,c5,c234,3
11830,c5,c5,0
11831,c1,c1,2
11832,c1,c5,2
11833,c1,c1,0
11834,c1,c234,0
11835,c5,c5,0
11836,c5,c5,0
11837,c234,c1,2
11838,c1,c1,4
11839,c1,c5,2
11840,c1,c234,3
11841,c1,c234,4
11842,c234,c1,2
11843,c1,c234,2
11844,c234,c234,4
11845,c1,c234,1
11846,c1,c234,2
11847,c5,c1,3
11848,c234,c1,2
11849,c234,c1,1
11850,c1,c234,1
11851,c1,c1,3
11852,c1,c234,0
11853,c5,c5,0
11854,c5,c234,0
11855,c5,c5,4
11856,c1,c1,2
11857,c5,c234,0
11858,c5,c234,1
11859,c1,c1,2
11860,c234,c1,3
11861,c1,c234,3
11862,c234,c234,4
11863,c1,c1,4
11864,c234,c1,1
11865,c5,c5,2
11866,c234,c234,0
11867,c1,c1,4
11868,c5,c234,1
11869,c234,c1,3
11870,c1,c5,4
11871,c234,c1,2
11872,c1,c1,1
11873,c234,c5,1
11874,c1,c1,2
11875,c234,c1,0
11876,c5,c5,0
11877,c5,c234,4
11878,c1,c1,3
11879,c234,c5,4
11880,c5,c5,2
11881,c234,c5,3
11882,c234,c1,4
11883,c234,c5,1
11884,c5,c5,2
11885,c234,c5,3
11886,c234,c5,2
11887,c1,c1,1
11888,c234,c5,4
11889,c234,c234,2
11890,c234,c234,0
11891,c234,c5,2
11892,c234,c234,3
11893,c1,c1,2
11894,c234,c1,0
11895,c5,c1,2
11896,c1,c1,3
11897,c1,c1,3
11898,c5,c1,2
11899,c1,c1,2
11900,c234,c5,0
11901,c234,c1,1
11902,c1,c234,0
11903,c1,c1,0
11904,c1,c1,2
11905,c234,c234,2
11906,c1,c1,2
11907,c1,c234,1
11908,c234,c234,3
11909,c234,c5,3
11910,c5,c5,0
11911,c234,c234,0
11912,c5,c5,4
11913,c5,c5,1
11914,c1,c5,2
11915,c5,c5,1
11916,c5,c234,3
11917,c1,c5,4
11918,c5,c5,1
11919,c5,c234,3
11920,c1,c234,0
11921,c1,c5,0
11922,c234,c1,3
11923,c5,c5,4
11924,c234,c5,2
11925,c1,c1,3
11926,c234,c5,4
11927,c1,c1,1
11928,c234,c234,4
11929,c5,c5,0
11930,c1,c1,1
11931,c5,c1,3
11932,c5,c5,3
11933,c5,c5,0
11934,c234,c5,1
11935,c5,c234,3
11936,c1,c1,2
11937,c5,c1,3
11938,c1,c1,1
11939,c5,c234,1
11940,c234,c5,4
11941,c5,c234,3
11942,c1,c1,0
11943,c234,c234,0
11944,c5,c5,0
11945,c1,c5,4
11946,c5,c5,2
11947,c5,c5,1
11948,c1,c234,0
11949,c234,c5,0
11950,c234,c1,1
11951,c5,c234,1
11952,c234,c5,3
11953,c234,c5,2
11954,c5,c5,1
11955,c1,c1,4
11956,c1,c5,1
11957,c234,c1,2
11958,c1,c5,0
11959,c5,c5,0
11960,c1,c1,1
11961,c1,c1,1
11962,c5,c5,1
11963,c1,c5,0
11964,c1,c1,4
11965,c234,c1,2
11966,c5,c234,2
11967,c1,c234,1
11968,c5,c234,3
11969,c5,c234,2
11970,c234,c5,4
11971,c5,c5,1
11972,c1,c5,4
11973,c1,c234,2
11974,c5,c234,3
11975,c234,c234,0
11976,c1,c5,4
11977,c234,c234,0
11978,c5,c5,4
11979,c234,c5,4
11980,c234,c1,1
11981,c5,c234,4
11982,c1,c1,1
11983,c1,c234,3
11984,c234,c234,3
11985,c234,c234,4
11986,c1,c5,0
11987,c5,c1,2
11988,c5,c234,0
11989,c1,c5,1
11990,c5,c234,0
11991,c5,c5,3
11992,c234,c234,2
11993,c5,c5,0
11994,c234,c1,3
11995,c234,c234,3
11996,c234,c5,0
11997,c5,c5,1
11998,c5,c5,0
11999,c234,c234,1
12000,c1,c234,1
12001,c5,c5,2
12002,c5,c5,3
12003,c234,c5,0
12004,c234,c5,4
12005,c5,c234,0
12006,c5,c5,2
12007,c5,c234,3
12008,c5,c5,1
12009,c5,c1,2
12010,c234,c1,0
12011,c5,c5,2
12012,c1,c5,1
12013,c5,c234,4
12014,c5,c1,2
12015,c1,c234,4
12016,c234,c1,4
12017,c1,c1,4
12018,c234,c5,4
12019,c1,c1,4
12020,c1,c5,3
12021,c234,c5,0
12022,c1,c1,4
12023,c234,c234,3
12024,c1,c1,0
12025,c234,c5,1
12026,c1,c1,4
12027,c5,c5,0
12028,c234,c5,3
12029,c234,c5,3
12030,c5,c5,2
12031,c234,c5,2
12032,c5,c234,1
12033,c5,c5,1
12034,c234,c5,4
12035,c1,c5,3
12036,c234,c234,4
12037,c1,c1,4
12038,c5,c5,2
12039,c234,c5,2
12040,c234,c5,4
12041,c1,c5,1
12042,c234,c5,3
12043,c234,c1,1
12044,c5,c5,4
12045,c1,c1,2
12046,c5,c234,3
12047,c5,c234,4
12048,c234,c234,3
12049,c234,c5,3
12050,c234,c5,1
12051,c1,c1,2
12052,c5,c5,4
12053,c5,c5,4
12054,c5,c234,1
12055,c234,c5,0
12056,c1,c1,4
12057,c5,c5,0
12058,c234,c5,1
12059,c5,c1,3
12060,c1,c1,0
12061,c234,c1,4
12062,c234,c234,4
12063,c234,c1,1
12064,c5,c5,2
12065,c234,c5,3
12066,c234,c234,4
12067,c5,c5,1
12068,c234,c1,2
12069,c234,c5,3
12070,c234,c1,0
12071,c5,c234,1
12072,c234,c1,3
12073,c5,c234,1
12074,c1,c1,1
12075,c1,c234,2
12076,c234,c234,0
12077,c5,c1,3
12078,c1,c1,1
12079,c234,c1,1
12080,c5,c5,1
12081,c1,c1,3
12082,c234,c1,2
12083,c5,c1,0
12084,c234,c1,2
12085,c234,c5,4
12086,c5,c5,0
12087,c5,c1,1
12088,c234,c1,4
12089,c1,c1,4
12090,c5,c5,1
12091,c1,c1,4
12092,c234,c1,2
12093,c1,c234,4
12094,c234,c234,1
12095,c234,c5,4
12096,c5,c5,1
12097,c234,c1,2
12098,c234,c1,1
12099,c5,c5,3
12100,c5,c234,0
12101,c5,c5,4
12102,c1,c1,2
12103,c1,c1,4
12104,c1,c5,2
12105,c1,c5,0
12106,c234,c1,3
12107,c1,c1,4
12108,c5,c5,0
12109,c234,c234,3
12110,c234,c1,1
12111,c1,c234,2
12112,c234,c1,0
12113,c234,c5,4
12114,c234,c1,3
12115,c1,c5,3
12116,c5,c1,4
12117,c1,c234,0
12118,c234,c234,3
12119,c234,c5,2
12120,c5,c5,4
12121,c234,c1,2
12122,c1,c234,4
12123,c234,c5,4
12124,c1,c5,4
12125,c5,c1,1
12126,c5,c1,1
12127,c1,c234,4
12128,c234,c5,3
12129,c234,c5,3
12130,c5,c5,1
12131,c234,c1,1
12132,c234,c234,1
12133,c234,c1,0
12134,c5,c5,1
12135,c1,c1,0
12136,c5,c5,0
12137,c5,c5,0
12138,c5,c5,1
12139,c1,c1,3
12140,c234,c1,0
12141,c1,c1,0
12142,c1,c234,0
12143,c234,c234,1
12144,c234,c234,1
12145,c5,c234,2
12146,c234,c1,0
12147,c5,c5,0
12148,c1,c5,1
12149,c234,c5,4
12150,c5,c5,1
12151,c234,c1,4
12152,c234,c234,1
12153,c234,c5,2
12154,c5,c5,0
12155,c5,c1,3
12156,c1,c1,2
12157,c234,c234,3
12158,c1,c5,1
12159,c5,c234,0
12160,c5,c5,4
12161,c5,c5,3
12162,c1,c5,1
12163,c5,c5,1
12164,c5,c5,1
12165,c234,c1,1
12166,c1,c234,1
12167,c1,c1,0
12168,c5,c5,2
12169,c234,c234,2
12170,c1,c1,2
12171,c1,c1,4
12172,c5,c5,2
12173,c234,c1,2
12174,c5,c1,2
12175,c1,c1,1
12176,c1,c5,4
12177,c1,c234,1
12178,c5,c5,3
12179,c1,c1,1
12180,c234,c234,1
12181,c5,c1,4
12182,c234,c1,2
12183,c5,c5,4
12184,c1,c1,4
12185,c234,c234,3
12186,c234,c1,4
12187,c5,c5,4
12188,c5,c234,1
12189,c234,c5,1
12190,c5,c1,4
12191,c234,c1,2
12192,c5,c234,3
12193,c234,c1,2
12194,c5,c5,3
12195,c1,c5,1
12196,c234,c234,4
12197,c1,c234,1
12198,c1,c234,4
12199,c1,c5,3
12200,c234,c5,3
12201,c234,c5,2
12202,c5,c5,0
12203,c5,c5,4
12204,c5,c5,2
12205,c234,c234,3
12206,c1,c1,0
12207,c5,c1,0
12208,c234,c5,4
12209,c5,c5,0
12210,c234,c234,4
12211,c1,c5,0
12212,c234,c234,0
12213,c234,c5,1
12214,c1,c1,0
12215,c1,c1,4
12216,c234,c234,4
12217,c5,c5,3
12218,c234,c5,4
12219,c1,c5,0
12220,c234,c1,0
12221,c5,c5,3
12222,c234,c5,0
12223,c5,c1,3
12224,c5,c1,3
12225,c5,c1,4
12226,c5,c1,3
12227,c5,c5,0
12228,c234,c1,1
12229,c5,c1,0
12230,c1,c5,3
12231,c1,c234,1
12232,c5,c5,2
12233,c5,c5,0
12234,c234,c1,1
12235,c234,c234,1
12236,c1,c1,2
12237,c5,c234,1
12238,c5,c234,0
12239,c5,c234,4
12240,c234,c234,4
12241,c5,c5,0
12242,c5,c5,3
12243,c5,c1,1
12244,c1,c234,3
12245,c5,c1,0
12246,c5,c5,4
12247,c5,c5,0
12248,c1,c234,4
12249,c234,c5,3
12250,c1,c234,4
12251,c1,c234,2
12252,c1,c234,1
12253,c234,c1,2
12254,c1,c1,1
12255,c234,c1,0
12256,c1,c5,1
12257,c234,c1,2
12258,c1,c5,3
12259,c1,c234,3
12260,c5,c5,1
12261,c234,c5,3
12262,c1,c1,2
12263,c234,c234,3
12264,c5,c1,0
12265,c1,c1,1
12266,c234,c5,1
12267,c1,c1,0
12268,c234,c1,2
12269,c234,c234,2
12270,c1,c5,1
12271,c1,c5,0
12272,c5,c1,2
12273,c5,c5,4
12274,c234,c1,3
12275,c234,c234,3
12276,c234,c5,0
12277,c1,c1,0
12278,c5,c1,0
12279,c5,c1,0
12280,c1,c1,1
12281,c1,c1,1
12282,c234,c234,3
12283,c1,c1,4
12284,c5,c234,4
12285,c1,c5,2
12286,c1,c5,0
12287,c234,c234,1
12288,c1,c1,4
12289,c5,c234,3
12290,c1,c234,1
12291,c234,c1,1
12292,c234,c5,0
12293,c1,c1,4
12294,c234,c5,2
12295,c1,c1,0
12296,c234,c1,2
12297,c1,c1,1
12298,c5,c5,2
12299,c5,c5,1
12300,c5,c234,1
12301,c5,c5,4
12302,c234,c234,1
12303,c1,c1,2
12304,c5,c5,3
12305,c234,c5,2
12306,c1,c5,0
12307,c1,c1,4
12308,c5,c1,4
12309,c234,c234,3
12310,c1,c1,3
12311,c1,c5,3
12312,c234,c1,4
12313,c1,c1,2
12314,c234,c1,1
12315,c234,c5,1
12316,c234,c234,1
12317,c1,c1,0
12318,c5,c1,0
12319,c1,c1,2
12320,c5,c5,1
12321,c1,c1,1
12322,c234,c5,2
12323,c234,c1,0
12324,c234,c1,0
12325,c5,c5,1
12326,c1,c1,0
12327,c234,c5,1
12328,c1,c1,4
12329,c234,c234,3
12330,c5,c1,3
12331,c1,c5,0
12332,c1,c1,4
12333,c5,c234,0
12334,c5,c5,3
12335,c5,c5,1
12336,c5,c234,0
12337,c234,c234,3
12338,c1,c234,4
12339,c5,c5,0
12340,c5,c234,1
12341,c5,c5,3
12342,c1,c1,2
12343,c1,c1,1
12344,c5,c1,0
12345,c5,c5,2
12346,c234,c5,2
12347,c5,c1,0
12348,c5,c1,0
12349,c1,c5,2
12350,c5,c234,3
12351,c5,c5,3
12352,c234,c234,0
12353,c5,c234,0
12354,c5,c1,1
12355,c5,c234,0
12356,c234,c5,1
12357,c5,c5,4
12358,c1,c5,3
12359,c5,c234,0
12360,c1,c1,4
12361,c234,c234,4
12362,c234,c1,4
12363,c1,c1,3
12364,c1,c234,0
12365,c5,c1,4
12366,c1,c234,0
12367,c1,c5,2
12368,c5,c5,0
12369,c234,c5,2
12370,c5,c1,0
12371,c234,c5,0
12372,c234,c5,0
12373,c234,c5,2
12374,c234,c5,2
12375,c5,c234,3
12376,c1,c1,1
12377,c5,c5,0
12378,c5,c5,2
12379,c1,c234,3
12380,c5,c1,2
12381,c234,c5,1
12382,c234,c234,0
12383,c1,c1,1
12384,c5,c5,3
12385,c234,c1,1
12386,c234,c234,3
12387,c1,c1,3
12388,c1,c234,3
12389,c5,c1,1
12390,c5,c234,3
12391,c1,c5,2
12392,c5,c5,0
12393,c234,c5,4
12394,c1,c1,1
12395,c5,c1,1
12396,c5,c1,2
12397,c5,c5,0
12398,c234,c234,3
12399,c5,c1,4
12400,c5,c5,4
12401,c234,c5,4
12402,c5,c5,4
12403,c1,c234,2
12404,c5,c1,2
12405,c5,c5,2
12406,c234,c234,1
12407,c234,c5,2
12408,c234,c234,1
12409,c5,c5,2
12410,c234,c5,4
12411,c234,c1,3
12412,c1,c5,4
12413,c234,c1,3
12414,c5,c5,3
12415,c5,c5,1
12416,c1,c1,4
12417,c5,c5,0
12418,c234,c1,3
12419,c5,c5,2
12420,c5,c234,2
12421,c1,c1,1
12422,c234,c234,3
12423,c1,c1,3
12424,c1,c234,4
12425,c1,c1,2
12426,c234,c1,0
12427,c1,c1,2
12428,c1,c5,0
12429,c5,c234,4
12430,c1,c234,1
12431,c5,c5,2
12432,c1,c5,1
12433,c234,c234,3
12434,c234,c5,4
12435,c5,c1,4
12436,c5,c234,2
12437,c1,c234,3
12438,c5,c5,0
12439,c5,c234,1
12440,c5,c234,3
12441,c234,c1,1
12442,c5,c234,0
12443,c234,c234,1
12444,c5,c234,2
12445,c234,c1,3
12446,c5,c5,1
12447,c1,c1,3
12448,c1,c1,4
12449,c5,c234,3
12450,c234,c5,1
12451,c234,c234,2
12452,c1,c1,2
12453,c5,c5,3
12454,c5,c5,1
12455,c1,c1,3
12456,c234,c234,4
12457,c234,c1,2
12458,c5,c5,2
12459,c1,c1,0
12460,c1,c234,3
12461,c5,c1,2
12462,c5,c1,2
12463,c234,c234,2
12464,c234,c1,4
12465,c5,c234,0
12466,c5,c5,1
12467,c1,c1,0
12468,c1,c1,4
12469,c5,c5,4
12470,c234,c1,4
12471,c1,c5,0
12472,c234,c1,3
12473,c1,c234,2
12474,c1,c5,3
12475,c1,c234,1
12476,c5,c5,2
12477,c5,c234,4
12478,c1,c1,2
12479,c1,c234,1
12480,c5,c5,1
12481,c5,c1,1
12482,c234,c5,4
12483,c5,c5,0
12484,c1,c234,1
12485,c1,c234,4
12486,c234,c1,3
12487,c5,c1,4
12488,c1,c1,0
12489,c234,c1,1
12490,c1,c1,1
12491,c5,c5,1
12492,c234,c234,4
12493,c5,c234,3
12494,c5,c1,3
12495,c234,c234,2
12496,c5,c5,1
12497,c5,c5,3
12498,c1,c1,0
12499,c5,c5,0
12500,c1,c1,1
12501,c234,c234,3
12502,c1,c5,0
12503,c234,c234,0
12504,c234,c234,2
12505,c1,c1,3
12506,c1,c1,4
12507,c234,c5,3
12508,c5,c5,2
12509,c234,c5,0
12510,c5,c234,1
12511,c234,c1,0
12512,c1,c5,3
12513,c1,c1,0
12514,c234,c5,3
12515,c234,c234,0
12516,c5,c234,3
12517,c1,c234,1
12518,c1,c234,4
12519,c5,c5,0
12520,c1,c1,2
12521,c234,c234,3
12522,c1,c1,1
12523,c5,c5,3
12524,c234,c5,4
12525,c5,c5,0
12526,c5,c5,4
12527,c5,c1,2
12528,c234,c5,0
12529,c1,c1,0
12530,c234,c1,2
12531,c234,c1,1
12532,c5,c5,4
12533,c1,c5,2
12534,c5,c5,0
12535,c234,c234,1
12536,c1,c234,1
12537,c5,c1,1
12538,c1,c1,0
12539,c234,c1,0
12540,c234,c5,4
12541,c234,c1,2
12542,c1,c1,1
12543,c1,c234,1
12544,c234,c234,1
12545,c234,c1,4
12546,c5,c234,2
12547,c1,c1,1
12548,c1,c5,0
12549,c234,c1,3
12550,c5,c234,1
12551,c234,c5,0
12552,c234,c234,2
12553,c1,c1,3
12554,c234,c234,1
12555,c234,c234,2
12556,c1,c234,4
12557,c5,c234,3
12558,c1,c1,0
12559,c234,c1,1
12560,c234,c1,2
12561,c1,c234,3
12562,c234,c1,2
12563,c1,c1,4
12564,c234,c234,3
12565,c234,c5,2
12566,c1,c5,1
12567,c234,c1,2
12568,c1,c1,4
12569,c234,c234,4
12570,c1,c234,2
12571,c234,c1,3
12572,c5,c5,0
12573,c234,c234,0
12574,c5,c5,2
12575,c234,c5,1
12576,c5,c234,1
12577,c1,c1,1
12578,c1,c1,2
12579,c234,c234,4
12580,c5,c234,2
12581,c234,c234,4
12582,c5,c5,3
12583,c234,c5,0
12584,c234,c5,4
12585,c5,c5,4
12586,c1,c234,4
12587,c5,c5,1
12588,c234,c1,3
12589,c1,c5,4
12590,c5,c234,0
12591,c5,c5,4
12592,c1,c5,1
12593,c5,c5,1
12594,c234,c5,2
12595,c234,c234,1
12596,c234,c5,4
12597,c1,c1,0
12598,c234,c5,0
12599,c234,c234,3
12600,c5,c1,0
12601,c5,c234,2
12602,c1,c1,0
12603,c234,c234,4
12604,c1,c234,3
12605,c5,c1,2
12606,c234,c1,2
12607,c234,c234,2
12608,c1,c5,1
12609,c1,c1,2
12610,c234,c234,0
12611,c5,c5,1
12612,c5,c234,4
12613,c5,c5,1
12614,c5,c5,3
12615,c234,c5,2
12616,c5,c234,1
12617,c5,c234,0
12618,c5,c5,2
12619,c5,c5,4
12620,c234,c5,2
12621,c5,c5,1
12622,c234,c1,1
12623,c5,c1,1
12624,c5,c5,1
12625,c1,c234,0
12626,c1,c1,1
12627,c5,c234,4
12628,c5,c234,1
12629,c1,c234,2
12630,c1,c1,1
12631,c234,c1,2
12632,c1,c1,4
12633,c5,c5,1
12634,c5,c1,3
12635,c234,c5,4
12636,c5,c5,2
12637,c1,c5,1
12638,c5,c5,4
12639,c234,c5,3
12640,c1,c1,3
12641,c234,c234,4
12642,c1,c234,2
12643,c5,c234,3
12644,c5,c5,3
12645,c5,c1,2
12646,c1,c234,3
12647,c5,c5,4
12648,c5,c234,2
12649,c5,c1,4
12650,c234,c5,0
12651,c5,c5,4
12652,c1,c234,2
12653,c5,c234,2
12654,c234,c5,4
12655,c1,c234,1
12656,c1,c234,4
12657,c5,c5,3
12658,c1,c1,0
12659,c234,c1,3
12660,c234,c1,4
12661,c5,c1,0
12662,c1,c234,0
12663,c1,c5,2
12664,c5,c1,2
12665,c1,c1,0
12666,c234,c5,1
12667,c5,c1,2
12668,c234,c234,3
12669,c5,c5,3
12670,c5,c5,0
12671,c234,c1,0
12672,c5,c1,1
12673,c5,c234,2
12674,c5,c5,0
12675,c5,c1,2
12676,c234,c5,4
12677,c5,c5,1
12678,c5,c1,2
12679,c5,c5,3
12680,c5,c5,3
12681,c5,c1,3
12682,c5,c1,2
12683,c5,c234,0
12684,c5,c5,2
12685,c234,c1,3
12686,c5,c5,2
12687,c5,c5,2
12688,c5,c234,4
12689,c5,c5,4
12690,c234,c5,0
12691,c1,c1,3
12692,c1,c5,4
12693,c234,c1,2
12694,c234,c5,2
12695,c1,c5,2
12696,c1,c234,2
12697,c5,c1,4
12698,c234,c1,0
12699,c5,c234,4
12700,c5,c5,2
12701,c1,c234,0
12702,c5,c1,3
12703,c5,c234,4
12704,c1,c1,0
12705,c5,c5,0
12706,c234,c1,1
12707,c1,c1,3
12708,c234,c5,2
12709,c1,c5,1
12710,c234,c1,3
12711,c5,c5,3
12712,c1,c5,0
12713,c5,c234,1
12714,c5,c234,2
12715,c5,c1,1
12716,c1,c5,0
12717,c5,c1,3
12718,c1,c1,3
12719,c234,c234,3
12720,c234,c1,2
12721,c5,c234,0
12722,c5,c5,1
12723,c234,c5,4
12724,c234,c1,4
12725,c5,c1,0
12726,c234,c234,4
12727,c5,c1,3
12728,c234,c1,3
12729,c5,c5,3
12730,c1,c1,2
12731,c1,c5,2
12732,c5,c234,4
12733,c5,c234,4
12734,c234,c1,4
12735,c1,c234,2
12736,c234,c234,1
12737,c234,c234,4
12738,c234,c1,1
12739,c234,c1,2
12740,c234,c234,2
12741,c234,c1,0
12742,c234,c5,0
12743,c5,c234,4
12744,c5,c234,1
12745,c5,c1,0
12746,c234,c5,4
12747,c5,c234,0
12748,c1,c1,1
12749,c5,c1,3
12750,c5,c5,2
12751,c5,c5,1
12752,c5,c234,1
12753,c5,c5,2
12754,c5,c5,2
12755,c234,c1,0
12756,c1,c234,1
12757,c234,c5,2
12758,c234,c1,4
12759,c1,c1,2
12760,c1,c234,0
12761,c234,c234,0
12762,c234,c1,1
12763,c1,c1,3
12764,c234,c1,2
12765,c1,c1,3
12766,c5,c1,3
12767,c5,c234,3
12768,c1,c234,1
12769,c1,c234,1
12770,c234,c234,1
12771,c1,c1,3
12772,c234,c1,2
12773,c1,c1,2
12774,c1,c234,0
12775,c1,c5,4
12776,c5,c234,1
12777,c1,c5,1
12778,c5,c1,3
12779,c5,c5,4
12780,c234,c234,2
12781,c5,c234,2
12782,c5,c5,2
12783,c1,c1,0
12784,c5,c234,3
12785,c1,c1,4
12786,c234,c1,0
12787,c1,c1,3
12788,c1,c1,4
12789,c234,c5,2
12790,c1,c1,4
12791,c1,c1,2
12792,c1,c5,3
12793,c1,c5,0
12794,c5,c5,4
12795,c234,c1,2
12796,c5,c234,1
12797,c234,c1,1
12798,c1,c1,2
12799,c234,c5,1
12800,c5,c1,2
12801,c1,c5,1
12802,c1,c234,3
12803,c5,c5,3
12804,c1,c234,0
12805,c5,c5,0
12806,c5,c234,1
12807,c5,c234,4
12808,c1,c5,2
12809,c1,c5,1
12810,c5,c5,4
12811,c1,c5,0
12812,c5,c5,4
12813,c5,c234,1
12814,c1,c1,0
12815,c234,c234,2
12816,c234,c1,0
12817,c1,c5,3
12818,c1,c1,1
12819,c5,c234,3
12820,c1,c1,1
12821,c234,c234,3
12822,c1,c234,1
12823,c234,c234,2
12824,c1,c234,2
12825,c5,c5,4
12826,c1,c234,3
12827,c5,c5,3
12828,c5,c234,2
12829,c234,c1,3
12830,c1,c1,4
12831,c234,c234,0
12832,c234,c1,2
12833,c234,c5,2
12834,c234,c1,2
12835,c1,c234,4
12836,c234,c1,2
12837,c5,c1,1
12838,c5,c5,3
12839,c5,c1,3
12840,c5,c5,4
12841,c5,c5,2
12842,c234,c234,1
12843,c1,c5,2
12844,c5,c5,0
12845,c1,c5,4
12846,c5,c234,0
12847,c234,c1,2
12848,c1,c234,1
12849,c5,c1,0
12850,c5,c5,4
12851,c234,c5,2
12852,c1,c1,0
12853,c1,c1,3
12854,c5,c1,4
12855,c234,c234,1
12856,c5,c1,0
12857,c234,c1,0
12858,c5,c5,3
12859,c1,c1,3
12860,c234,c5,3
12861,c234,c1,4
12862,c234,c5,2
12863,c234,c234,3
12864,c5,c234,1
12865,c5,c234,0
12866,c1,c5,4
12867,c5,c5,0
12868,c234,c5,0
12869,c1,c5,1
12870,c5,c234,1
12871,c5,c5,2
12872,c1,c5,2
12873,c5,c5,0
12874,c234,c234,3
12875,c1,c1,4
12876,c5,c1,1
12877,c234,c5,2
12878,c234,c1,2
12879,c1,c234,2
12880,c234,c5,1
12881,c1,c1,4
12882,c1,c5,1
12883,c234,c234,1
12884,c5,c5,0
12885,c234,c1,2
12886,c5,c5,1
12887,c5,c5,1
12888,c5,c234,4
12889,c1,c1,2
12890,c234,c1,4
12891,c234,c234,2
12892,c234,c5,0
12893,c234,c234,0
12894,c5,c5,3
12895,c234,c1,1
12896,c1,c234,0
12897,c5,c5,1
12898,c1,c1,1
12899,c5,c234,2
12900,c1,c234,2
12901,c5,c234,4
12902,c234,c234,4
12903,c1,c5,1
12904,c5,c5,3
12905,c5,c1,4
12906,c5,c5,0
12907,c234,c1,2
12908,c234,c1,1
12909,c1,c1,4
12910,c5,c234,2
12911,c234,c234,1
12912,c1,c1,4
12913,c1,c5,2
12914,c5,c1,4
12915,c1,c234,3
12916,c5,c234,0
12917,c5,c1,4
12918,c5,c234,2
12919,c1,c1,3
12920,c5,c234,3
12921,c5,c5,4
12922,c1,c5,0
12923,c1,c234,3
12924,c234,c5,0
12925,c234,c5,3
12926,c1,c5,0
12927,c5,c5,1
12928,c234,c234,4
12929,c1,c1,0
12930,c1,c234,1
12931,c1,c1,3
12932,c1,c5,3
12933,c234,c234,1
12934,c1,c5,3
12935,c5,c1,4
12936,c234,c5,2
12937,c5,c5,2
12938,c234,c1,0
12939,c1,c1,3
12940,c234,c5,4
12941,c234,c5,2
12942,c234,c5,0
12943,c5,c1,2
12944,c1,c234,0
12945,c234,c5,2
12946,c234,c5,1
12947,c234,c234,1
12948,c5,c5,3
12949,c5,c5,1
12950,c1,c1,3
12951,c234,c234,4
12952,c234,c1,1
12953,c5,c5,1
12954,c1,c1,4
12955,c1,c5,2
12956,c234,c5,4
12957,c5,c5,0
12958,c1,c1,0
12959,c5,c5,2
12960,c1,c5,1
12961,c5,c1,3
12962,c1,c234,1
12963,c5,c5,1
12964,c1,c5,0
12965,c1,c5,1
12966,c234,c1,1
12967,c5,c5,1
12968,c1,c1,1
12969,c234,c5,4
12970,c5,c234,1
12971,c1,c234,2
12972,c1,c1,1
12973,c234,c5,2
12974,c1,c5,3
12975,c1,c1,4
12976,c5,c5,4
12977,c5,c234,2
12978,c234,c5,4
12979,c1,c1,4
12980,c5,c5,2
12981,c234,c234,2
12982,c1,c1,1
12983,c234,c234,1
12984,c5,c5,0
12985,c1,c234,4
12986,c234,c1,0
12987,c5,c234,4
12988,c234,c5,1
12989,c5,c5,4
12990,c1,c5,2
12991,c234,c234,1
12992,c1,c234,1
12993,c1,c234,2
12994,c1,c234,2
12995,c1,c1,1
12996,c5,c234,2
12997,c1,c1,2
12998,c5,c1,4
12999,c5,c5,4
13000,c1,c234,2
13001,c234,c1,2
13002,c1,c1,4
13003,c1,c1,0
13004,c5,c234,3
13005,c1,c1,0
13006,c5,c1,4
13007,c234,c1,4
13008,c5,c1,4
13009,c5,c5,0
13010,c1,c1,2
13011,c234,c234,3
13012,c234,c5,2
13013,c5,c5,0
13014,c234,c234,3
13015,c234,c234,0
13016,c1,c1,1
13017,c234,c1,2
13018,c5,c1,3
13019,c5,c234,3
13020,c1,c5,2
13021,c234,c1,1
13022,c1,c1,3
13023,c5,c234,4
13024,c1,c1,3
13025,c1,c234,2
13026,c5,c5,4
13027,c234,c5,1
13028,c1,c1,1
13029,c1,c234,3
13030,c5,c234,4
13031,c5,c234,3
13032,c234,c1,1
13033,c234,c1,2
13034,c234,c1,0
13035,c5,c5,3
13036,c234,c234,1
13037,c5,c234,1
13038,c5,c1,0
13039,c5,c1,2
13040,c5,c5,2
13041,c5,c234,2
13042,c234,c234,2
13043,c1,c1,3
13044,c234,c1,2
13045,c234,c1,2
13046,c5,c234,3
13047,c5,c5,1
13048,c234,c1,4
13049,c5,c1,3
13050,c1,c234,4
13051,c5,c234,1
13052,c234,c5,1
13053,c5,c234,1
13054,c5,c1,4
13055,c234,c5,3
13056,c234,c1,2
13057,c5,c1,4
13058,c1,c5,0
13059,c234,c1,0
13060,c234,c234,2
13061,c5,c1,0
13062,c5,c234,4
13063,c234,c5,2
13064,c1,c234,2
13065,c1,c1,2
13066,c1,c5,1
13067,c234,c5,1
13068,c234,c1,3
13069,c1,c234,1
13070,c1,c1,0
13071,c234,c234,4
13072,c234,c5,4
13073,c234,c1,0
13074,c1,c1,2
13075,c234,c1,0
13076,c1,c234,1
13077,c5,c5,1
13078,c5,c5,0
13079,c5,c5,4
13080,c234,c5,1
13081,c5,c1,4
13082,c5,c1,1
13083,c234,c5,3
13084,c1,c234,1
13085,c5,c5,0
13086,c1,c1,1
13087,c234,c5,1
13088,c234,c1,0
13089,c1,c1,2
13090,c1,c234,3
13091,c234,c5,4
13092,c5,c5,3
13093,c1,c5,1
13094,c234,c1,3
13095,c234,c5,0
13096,c234,c234,3
13097,c234,c234,2
13098,c234,c234,3
13099,c1,c1,4
13100,c1,c1,1
13101,c1,c1,4
13102,c5,c1,4
13103,c1,c1,0
13104,c5,c5,0
13105,c1,c5,0
13106,c234,c234,0
13107,c1,c1,2
13108,c5,c5,3
13109,c234,c5,1
13110,c1,c1,0
13111,c5,c234,3
13112,c234,c1,3
13113,c234,c5,1
13114,c234,c5,0
13115,c5,c5,2
13116,c5,c1,3
13117,c234,c234,4
13118,c5,c5,1
13119,c5,c234,3
13120,c5,c5,0
13121,c234,c1,3
13122,c5,c234,1
13123,c234,c5,0
13124,c5,c5,0
13125,c234,c1,4
13126,c5,c234,3
13127,c234,c234,1
13128,c5,c5,1
13129,c5,c5,4
13130,c5,c5,3
13131,c5,c5,1
13132,c5,c5,1
13133,c5,c234,2
13134,c234,c1,1
13135,c1,c5,3
13136,c5,c5,3
13137,c5,c234,4
13138,c5,c234,3
13139,c234,c234,0
13140,c234,c5,1
13141,c1,c234,0
13142,c234,c5,2
13143,c5,c234,2
13144,c1,c234,3
13145,c5,c234,2
13146,c5,c234,0
13147,c234,c1,1
13148,c5,c234,0
13149,c234,c5,4
13150,c1,c1,3
13151,c234,c234,2
13152,c1,c1,1
13153,c1,c234,3
13154,c234,c5,3
13155,c1,c5,3
13156,c1,c1,2
13157,c5,c234,3
13158,c234,c5,3
13159,c1,c1,2
13160,c1,c234,1
13161,c5,c1,4
13162,c1,c5,2
13163,c1,c5,0
13164,c5,c1,1
13165,c234,c1,0
13166,c5,c234,3
13167,c1,c1,2
13168,c5,c234,3
13169,c1,c234,2
13170,c1,c5,3
13171,c1,c1,1
13172,c1,c1,0
13173,c1,c1,2
13174,c5,c5,0
13175,c234,c5,3
13176,c1,c5,3
13177,c5,c5,0
13178,c234,c5,4
13179,c5,c1,0
13180,c1,c1,4
13181,c234,c1,3
13182,c234,c234,1
13183,c1,c1,4
13184,c5,c5,0
13185,c1,c1,3
13186,c1,c1,2
13187,c234,c234,0
13188,c5,c5,4
13189,c5,c5,0
13190,c5,c5,3
13191,c234,c1,4
13192,c234,c234,4
13193,c234,c5,1
13194,c5,c234,4
13195,c234,c1,2
13196,c234,c234,3
13197,c5,c5,0
13198,c5,c1,4
13199,c5,c5,4
13200,c234,c5,0
13201,c1,c1,2
13202,c234,c234,1
13203,c1,c5,0
13204,c5,c5,0
13205,c5,c5,1
13206,c234,c1,1
13207,c1,c1,2
13208,c5,c1,4
13209,c1,c5,3
13210,c1,c1,3
13211,c1,c1,1
13212,c5,c1,3
13213,c234,c5,1
13214,c5,c234,4
13215,c234,c1,3
13216,c5,c5,4
13217,c234,c234,4
13218,c5,c5,0
13219,c5,c5,4
13220,c1,c1,0
13221,c234,c5,2
13222,c1,c1,1
13223,c234,c5,4
13224,c234,c234,3
13225,c5,c5,3
13226,c234,c234,3
13227,c1,c5,2
13228,c234,c5,3
13229,c1,c5,2
13230,c1,c5,1
13231,c5,c234,4
13232,c5,c5,3
13233,c5,c5,3
13234,c234,c234,2
13235,c5,c234,3
13236,c234,c1,2
13237,c1,c1,3
13238,c1,c234,3
13239,c1,c1,1
13240,c5,c5,4
13241,c5,c1,1
13242,c234,c5,1
13243,c1,c1,0
13244,c1,c1,0
13245,c1,c1,0
13246,c234,c5,4
13247,c5,c234,1
13248,c234,c234,1
13249,c1,c1,2
13250,c1,c234,3
13251,c1,c1,1
13252,c5,c1,1
13253,c5,c5,0
13254,c5,c5,3
13255,c1,c1,2
13256,c234,c5,2
13257,c5,c5,4
13258,c234,c5,2
13259,c1,c234,0
13260,c5,c234,3
13261,c1,c1,2
13262,c1,c1,3
13263,c1,c1,0
13264,c1,c1,1
13265,c1,c5,0
13266,c5,c1,1
13267,c5,c5,2
13268,c5,c234,3
13269,c1,c1,1
13270,c234,c234,2
13271,c5,c5,4
13272,c5,c234,0
13273,c5,c5,4
13274,c234,c5,0
13275,c5,c5,2
13276,c5,c234,3
13277,c5,c1,4
13278,c1,c234,3
13279,c5,c5,3
13280,c1,c5,0
13281,c234,c1,2
13282,c5,c5,2
13283,c1,c5,4
13284,c5,c5,4
13285,c234,c5,3
13286,c5,c234,2
13287,c234,c234,3
13288,c1,c234,3
13289,c234,c5,2
13290,c5,c234,3
13291,c5,c5,0
13292,c234,c1,0
13293,c5,c1,2
13294,c234,c5,2
13295,c5,c234,2
13296,c5,c5,0
13297,c234,c1,2
13298,c5,c1,2
13299,c234,c1,1
13300,c5,c234,1
13301,c5,c5,1
13302,c234,c5,2
13303,c234,c1,1
13304,c5,c5,0
13305,c5,c1,0
13306,c234,c1,1
13307,c1,c1,1
13308,c5,c234,3
13309,c5,c5,4
13310,c5,c5,3
13311,c1,c1,4
13312,c1,c234,2
13313,c5,c234,3
13314,c1,c1,2
13315,c234,c234,3
13316,c5,c234,3
13317,c234,c1,4
13318,c1,c234,4
13319,c5,c5,1
13320,c1,c1,4
13321,c1,c1,4
13322,c5,c1,1
13323,c1,c1,1
13324,c5,c5,1
13325,c5,c5,4
13326,c234,c5,2
13327,c1,c1,2
13328,c234,c1,4
13329,c1,c234,0
13330,c1,c1,4
13331,c234,c5,0
13332,c234,c234,3
13333,c5,c5,1
13334,c5,c5,0
13335,c234,c1,2
13336,c1,c1,0
13337,c1,c1,3
13338,c5,c5,2
13339,c1,c5,3
13340,c5,c234,1
13341,c1,c234,3
13342,c5,c5,2
13343,c5,c234,4
13344,c5,c5,4
13345,c234,c1,2
13346,c5,c5,1
13347,c5,c234,0
13348,c234,c1,4
13349,c234,c234,2
13350,c1,c1,2
13351,c234,c234,1
13352,c234,c5,1
13353,c234,c1,2
13354,c1,c1,3
13355,c5,c5,2
13356,c5,c5,3
13357,c5,c5,2
13358,c1,c5,4
13359,c5,c5,4
13360,c234,c1,0
13361,c234,c1,4
13362,c234,c1,3
13363,c234,c5,0
13364,c1,c234,2
13365,c5,c5,0
13366,c1,c234,4
13367,c234,c5,1
13368,c5,c5,1
13369,c5,c5,0
13370,c1,c234,3
13371,c1,c234,0
13372,c234,c234,1
13373,c234,c5,1
13374,c5,c1,4
13375,c234,c5,4
13376,c5,c1,4
13377,c5,c5,0
13378,c234,c1,0
13379,c1,c5,2
13380,c234,c1,1
13381,c234,c234,1
13382,c234,c1,1
13383,c5,c5,0
13384,c234,c1,0
13385,c5,c1,4
13386,c5,c5,2
13387,c234,c1,4
13388,c234,c5,4
13389,c5,c5,3
13390,c234,c234,0
13391,c1,c1,2
13392,c5,c1,3
13393,c5,c1,0
13394,c234,c1,3
13395,c1,c234,2
13396,c5,c234,3
13397,c1,c5,2
13398,c1,c1,0
13399,c5,c1,1
13400,c234,c234,3
13401,c5,c5,2
13402,c234,c234,0
13403,c234,c234,1
13404,c5,c5,3
13405,c5,c234,4
13406,c5,c5,1
13407,c1,c5,2
13408,c5,c234,4
13409,c234,c234,0
13410,c234,c5,3
13411,c1,c5,0
13412,c234,c5,3
13413,c5,c5,3
13414,c5,c1,4
13415,c234,c234,0
13416,c5,c1,1
13417,c1,c5,0
13418,c1,c1,1
13419,c234,c234,3
13420,c234,c234,3
13421,c234,c5,3
13422,c1,c1,1
13423,c5,c5,1
13424,c234,c1,0
13425,c5,c1,0
13426,c1,c5,3
13427,c5,c5,3
13428,c1,c234,2
13429,c1,c234,4
13430,c1,c5,0
13431,c234,c1,2
13432,c234,c1,3
13433,c1,c234,3
13434,c234,c234,2
13435,c1,c1,3
13436,c5,c1,0
13437,c234,c5,0
13438,c234,c5,4
13439,c5,c5,4
13440,c234,c234,0
13441,c5,c5,4
13442,c234,c5,1
13443,c234,c5,3
13444,c5,c1,0
13445,c234,c5,1
13446,c5,c5,3
13447,c5,c5,0
13448,c1,c1,4
13449,c1,c5,0
13450,c5,c1,4
13451,c234,c1,3
13452,c5,c5,0
13453,c234,c234,1
13454,c234,c234,1
13455,c234,c234,1
13456,c234,c5,2
13457,c5,c234,1
13458,c5,c1,1
13459,c5,c5,3
13460,c234,c234,3
13461,c5,c234,0
13462,c234,c5,2
13463,c234,c234,2
13464,c234,c1,1
13465,c5,c5,3
13466,c5,c5,1
13467,c5,c5,3
13468,c234,c1,0
13469,c234,c234,4
13470,c1,c5,2
13471,c5,c1,3
13472,c5,c5,4
13473,c5,c5,1
13474,c1,c1,2
13475,c5,c234,4
13476,c234,c5,3
13477,c234,c5,3
13478,c5,c5,2
13479,c5,c234,0
13480,c5,c5,0
13481,c5,c1,3
13482,c234,c1,1
13483,c5,c5,0
13484,c5,c5,1
13485,c5,c5,4
13486,c5,c234,3
13487,c1,c1,3
13488,c1,c1,1
13489,c234,c1,1
13490,c5,c1,3
13491,c1,c5,1
13492,c1,c234,2
13493,c234,c1,3
13494,c1,c1,3
13495,c5,c234,0
13496,c234,c234,4
13497,c234,c234,0
13498,c234,c234,3
13499,c234,c1,0
13500,c234,c1,4
13501,c5,c5,2
13502,c234,c5,4
13503,c5,c5,0
13504,c1,c1,3
13505,c234,c5,0
13506,c5,c5,3
13507,c5,c5,1
13508,c1,c5,1
13509,c5,c5,0
13510,c234,c234,4
13511,c234,c5,3
13512,c234,c234,4
13513,c1,c1,0
13514,c1,c5,1
13515,c1,c1,1
13516,c1,c234,3
13517,c234,c5,0
13518,c234,c234,3
13519,c234,c234,3
13520,c234,c1,1
13521,c5,c1,2
13522,c1,c234,2
13523,c1,c5,0
13524,c1,c1,0
13525,c234,c5,1
13526,c234,c234,4
13527,c5,c5,4
13528,c5,c234,3
13529,c5,c5,2
13530,c5,c5,2
13531,c234,c1,0
13532,c5,c1,3
13533,c234,c1,2
13534,c5,c5,3
13535,c5,c234,3
13536,c5,c5,4
13537,c1,c234,2
13538,c5,c5,0
13539,c5,c234,2
13540,c5,c234,4
13541,c5,c234,3
13542,c5,c5,1
13543,c1,c5,3
13544,c234,c1,2
13545,c234,c1,1
13546,c234,c234,1
13547,c5,c5,0
13548,c1,c5,3
13549,c5,c234,3
13550,c5,c1,1
13551,c5,c5,0
13552,c234,c5,1
13553,c5,c234,0
13554,c5,c5,1
13555,c5,c234,4
13556,c234,c1,3
13557,c234,c234,3
13558,c5,c5,4
13559,c234,c234,4
13560,c234,c5,3
13561,c234,c234,3
13562,c234,c5,2
13563,c234,c5,1
13564,c1,c1,3
13565,c1,c1,2
13566,c1,c5,1
13567,c5,c5,4
13568,c234,c234,1
13569,c234,c1,2
13570,c234,c1,3
13571,c1,c1,4
13572,c1,c1,0
13573,c234,c5,2
13574,c5,c1,2
13575,c1,c1,1
13576,c234,c5,4
13577,c234,c234,3
13578,c234,c5,3
13579,c1,c5,4
13580,c234,c1,0
13581,c1,c234,2
13582,c234,c5,4
13583,c5,c234,2
13584,c1,c234,2
13585,c234,c234,2
13586,c5,c5,0
13587,c5,c5,3
13588,c234,c5,0
13589,c234,c5,0
13590,c5,c5,4
13591,c234,c1,2
13592,c5,c5,3
13593,c234,c1,1
13594,c5,c1,3
13595,c5,c234,3
13596,c5,c5,2
13597,c5,c5,1
13598,c1,c5,2
13599,c234,c1,4
13600,c1,c1,2
13601,c5,c5,0
13602,c5,c5,2
13603,c1,c1,1
13604,c1,c1,2
13605,c234,c5,2
13606,c234,c5,0
13607,c1,c234,4
13608,c5,c5,1
13609,c1,c1,2
13610,c234,c5,1
13611,c234,c5,0
13612,c5,c5,4
13613,c5,c5,4
13614,c1,c1,0
13615,c234,c234,2
13616,c234,c1,2
13617,c5,c5,3
13618,c234,c1,3
13619,c5,c234,2
13620,c234,c1,0
13621,c1,c234,1
13622,c5,c5,4
13623,c234,c1,1
13624,c1,c234,2
13625,c234,c234,0
13626,c5,c5,1
13627,c5,c234,4
13628,c5,c5,2
13629,c234,c1,0
13630,c5,c5,3
13631,c5,c1,2
13632,c234,c1,3
13633,c1,c5,0
13634,c1,c1,4
13635,c1,c5,4
13636,c234,c5,1
13637,c5,c234,1
13638,c234,c5,2
13639,c5,c5,4
13640,c5,c234,4
13641,c234,c234,0
13642,c1,c1,3
13643,c5,c234,3
13644,c1,c1,3
13645,c1,c1,4
13646,c1,c5,0
13647,c234,c234,3
13648,c234,c234,1
13649,c1,c1,4
13650,c5,c1,0
13651,c5,c5,4
13652,c1,c234,0
13653,c1,c1,4
13654,c5,c5,0
13655,c234,c5,0
13656,c1,c1,2
13657,c234,c234,4
13658,c5,c5,0
13659,c5,c5,4
13660,c5,c234,4
13661,c1,c1,3
13662,c234,c234,2
13663,c5,c234,0
13664,c5,c1,4
13665,c234,c234,4
13666,c1,c234,2
13667,c5,c5,4
13668,c5,c5,2
13669,c234,c5,2
13670,c1,c1,4
13671,c234,c1,1
13672,c1,c5,4
13673,c5,c1,2
13674,c234,c5,1
13675,c5,c5,4
13676,c5,c1,1
13677,c1,c234,1
13678,c5,c234,3
13679,c234,c5,0
13680,c234,c1,2
13681,c5,c234,0
13682,c1,c5,1
13683,c234,c234,0
13684,c1,c1,2
13685,c1,c5,0
13686,c1,c1,4
13687,c234,c234,1
13688,c1,c5,1
13689,c234,c5,4
13690,c5,c5,3
13691,c234,c1,4
13692,c234,c5,2
13693,c5,c5,2
13694,c234,c5,1
13695,c234,c5,3
13696,c5,c1,2
13697,c5,c5,1
13698,c1,c5,3
13699,c1,c1,0
13700,c5,c1,4
13701,c5,c234,1
13702,c1,c1,3
13703,c1,c5,0
13704,c234,c234,3
13705,c5,c1,2
13706,c234,c5,4
13707,c5,c234,3
13708,c1,c1,4
13709,c5,c5,3
13710,c1,c1,3
13711,c5,c5,1
13712,c5,c5,3
13713,c234,c5,0
13714,c234,c234,0
13715,c1,c234,4
13716,c5,c234,2
13717,c5,c1,0
13718,c1,c5,4
13719,c1,c1,4
13720,c5,c5,0
13721,c1,c234,3
13722,c5,c234,0
13723,c5,c1,4
13724,c1,c234,0
13725,c1,c1,2
13726,c5,c5,0
13727,c5,c5,1
13728,c234,c5,3
13729,c5,c1,3
13730,c1,c5,0
13731,c5,c234,0
13732,c5,c5,3
13733,c1,c1,4
13734,c234,c234,1
13735,c5,c5,2
13736,c1,c234,0
13737,c5,c234,0
13738,c234,c5,0
13739,c234,c5,4
13740,c5,c1,2
13741,c234,c234,1
13742,c1,c5,3
13743,c5,c5,1
13744,c234,c5,2
13745,c1,c1,0
13746,c1,c5,3
13747,c5,c234,4
13748,c234,c5,4
13749,c5,c1,0
13750,c234,c1,3
13751,c1,c1,1
13752,c234,c234,1
13753,c5,c5,1
13754,c1,c1,0
13755,c5,c234,2
13756,c1,c1,2
13757,c234,c5,1
13758,c234,c5,1
13759,c234,c1,4
13760,c5,c5,0
13761,c234,c5,2
13762,c234,c234,1
13763,c1,c1,0
13764,c1,c1,1
13765,c1,c1,3
13766,c1,c1,4
13767,c5,c1,0
13768,c5,c1,2
13769,c234,c5,0
13770,c234,c234,2
13771,c234,c1,0
13772,c234,c234,2
13773,c234,c234,3
13774,c5,c234,0
13775,c1,c234,0
13776,c234,c5,4
13777,c234,c5,3
13778,c1,c234,0
13779,c5,c5,4
13780,c1,c5,1
13781,c234,c1,0
13782,c5,c1,3
13783,c234,c234,1
13784,c1,c1,1
13785,c234,c5,1
13786,c1,c1,3
13787,c234,c234,4
13788,c1,c5,1
13789,c5,c1,1
13790,c234,c5,4
13791,c5,c5,0
13792,c234,c1,0
13793,c234,c234,2
13794,c5,c5,4
13795,c1,c234,0
13796,c1,c1,1
13797,c5,c234,4
13798,c1,c1,0
13799,c5,c5,2
13800,c5,c5,1
13801,c234,c234,2
13802,c234,c1,2
13803,c1,c1,0
13804,c1,c5,4
13805,c234,c234,1
13806,c1,c1,4
13807,c5,c5,1
13808,c1,c1,3
13809,c1,c1,3
13810,c5,c234,4
13811,c234,c234,3
13812,c234,c1,0
13813,c1,c1,4
13814,c5,c234,0
13815,c5,c1,0
13816,c5,c1,3
13817,c5,c1,4
13818,c1,c1,2
13819,c234,c234,4
13820,c5,c5,4
13821,c1,c5,1
13822,c234,c1,3
13823,c5,c234,3
13824,c234,c5,3
13825,c234,c234,3
13826,c234,c1,2
13827,c1,c234,3
13828,c5,c5,1
13829,c1,c234,2
13830,c1,c1,4
13831,c1,c1,2
13832,c234,c1,4
13833,c5,c5,0
13834,c1,c5,2
13835,c5,c234,0
13836,c5,c1,4
13837,c5,c5,0
13838,c5,c1,1
13839,c1,c1,1
13840,c5,c5,1
13841,c1,c234,0
13842,c1,c1,3
13843,c5,c234,2
13844,c5,c5,4
13845,c234,c234,3
13846,c1,c1,4
13847,c234,c5,1
13848,c5,c5,0
13849,c234,c1,2
13850,c5,c234,3
13851,c234,c1,2
13852,c5,c1,1
13853,c1,c234,4
13854,c234,c234,2
13855,c234,c5,1
13856,c1,c1,0
13857,c1,c1,2
13858,c1,c1,2
13859,c234,c1,3
13860,c5,c234,4
13861,c234,c5,4
13862,c5,c234,2
13863,c5,c234,3
13864,c1,c1,3
13865,c5,c5,3
13866,c5,c234,4
13867,c5,c5,3
13868,c5,c1,1
13869,c5,c5,4
13870,c5,c1,0
13871,c234,c1,3
13872,c1,c5,4
13873,c234,c5,0
13874,c1,c1,4
13875,c5,c234,3
13876,c1,c1,1
13877,c5,c5,1
13878,c234,c5,2
13879,c1,c1,2
13880,c5,c1,0
13881,c5,c1,1
13882,c5,c5,1
13883,c5,c5,4
13884,c234,c1,3
13885,c234,c5,0
13886,c1,c1,4
13887,c5,c234,2
13888,c5,c5,2
13889,c5,c5,1
13890,c5,c234,1
13891,c234,c234,0
13892,c234,c234,1
13893,c5,c234,2
13894,c1,c5,3
13895,c1,c234,2
13896,c1,c5,3
13897,c5,c234,0
13898,c5,c1,1
13899,c234,c234,3
13900,c234,c5,0
13901,c234,c5,1
13902,c234,c5,2
13903,c1,c234,3
13904,c234,c5,1
13905,c234,c5,3
13906,c1,c5,1
13907,c1,c1,1
13908,c5,c234,2
13909,c234,c234,2
13910,c5,c234,3
13911,c234,c1,4
13912,c234,c234,0
13913,c5,c5,0
13914,c5,c5,0
13915,c1,c1,2
13916,c5,c5,3
13917,c234,c1,4
13918,c1,c1,1
13919,c234,c234,0
13920,c5,c234,0
13921,c1,c1,4
13922,c5,c5,0
13923,c5,c5,2
13924,c1,c5,3
13925,c5,c234,1
13926,c5,c5,1
13927,c5,c5,0
13928,c1,c5,2
13929,c5,c5,3
13930,c234,c234,0
13931,c1,c1,4
13932,c1,c1,4
13933,c234,c5,2
13934,c234,c234,1
13935,c234,c234,2
13936,c5,c5,1
13937,c5,c1,2
13938,c234,c1,2
13939,c5,c5,3
13940,c1,c5,1
13941,c234,c1,1
13942,c1,c234,4
13943,c234,c234,2
13944,c5,c234,2
13945,c5,c5,4
13946,c1,c1,0
13947,c1,c1,2
13948,c5,c1,4
13949,c1,c1,1
13950,c5,c234,2
13951,c1,c1,1
13952,c5,c234,3
13953,c5,c234,3
13954,c234,c5,0
13955,c5,c5,2
13956,c1,c5,1
13957,c1,c5,4
13958,c1,c5,3
13959,c1,c1,4
13960,c1,c1,4
13961,c5,c234,3
13962,c1,c1,2
13963,c1,c5,3
13964,c5,c1,4
13965,c1,c234,0
13966,c5,c5,0
13967,c5,c5,0
13968,c234,c234,0
13969,c234,c1,2
13970,c234,c234,2
13971,c5,c5,0
13972,c5,c5,1
13973,c1,c1,1
13974,c234,c234,2
13975,c234,c1,2
13976,c234,c5,4
13977,c1,c1,1
13978,c1,c234,3
13979,c1,c1,4
13980,c234,c5,4
13981,c234,c5,3
13982,c1,c234,4
13983,c234,c1,1
13984,c5,c1,4
13985,c234,c1,1
13986,c234,c5,0
13987,c234,c234,0
13988,c5,c1,4
13989,c5,c234,3
13990,c1,c5,3
13991,c234,c5,2
13992,c5,c5,0
13993,c1,c5,4
13994,c234,c1,1
13995,c5,c5,3
13996,c234,c5,2
13997,c234,c1,3
13998,c1,c234,2
13999,c5,c5,1
14000,c5,c5,2
14001,c5,c234,0
14002,c1,c1,1
14003,c234,c1,2
14004,c234,c234,2
14005,c234,c234,0
14006,c5,c1,4
14007,c234,c1,4
14008,c234,c1,4
14009,c1,c1,2
14010,c234,c234,1
14011,c1,c234,1
14012,c5,c1,2
14013,c5,c5,4
14014,c234,c234,0
14015,c234,c5,4
14016,c1,c1,4
14017,c234,c5,3
14018,c234,c234,4
14019,c1,c1,1
14020,c234,c234,2
14021,c1,c1,2
14022,c5,c5,1
14023,c5,c1,4
14024,c1,c5,1
14025,c5,c5,0
14026,c234,c1,3
14027,c5,c5,4
14028,c5,c1,4
14029,c234,c234,4
14030,c234,c5,1
14031,c1,c1,4
14032,c234,c1,1
14033,c234,c5,1
14034,c1,c5,3
14035,c1,c234,1
14036,c1,c5,3
14037,c5,c1,4
14038,c234,c1,1
14039,c5,c1,1
14040,c5,c5,3
14041,c1,c1,3
14042,c1,c234,0
14043,c5,c5,2
14044,c234,c1,3
14045,c1,c5,2
14046,c5,c234,3
14047,c234,c234,3
14048,c1,c234,0
14049,c234,c1,4
14050,c5,c234,1
14051,c234,c1,3
14052,c1,c234,2
14053,c1,c1,3
14054,c5,c1,1
14055,c1,c1,1
14056,c5,c234,0
14057,c234,c234,3
14058,c1,c1,4
14059,c234,c234,2
14060,c1,c1,2
14061,c234,c5,0
14062,c5,c1,2
14063,c1,c1,0
14064,c5,c5,1
14065,c234,c5,0
14066,c1,c1,1
14067,c1,c1,4
14068,c234,c1,1
14069,c1,c1,4
14070,c1,c5,3
14071,c5,c5,0
14072,c234,c5,1
14073,c234,c234,2
14074,c234,c1,1
14075,c1,c234,1
14076,c1,c234,4
14077,c1,c234,1
14078,c5,c5,3
14079,c1,c234,2
14080,c5,c234,2
14081,c1,c5,0
14082,c5,c1,0
14083,c5,c234,3
14084,c5,c5,1
14085,c234,c5,0
14086,c1,c1,4
14087,c1,c234,4
14088,c5,c5,2
14089,c1,c5,1
14090,c5,c5,0
14091,c1,c1,3
14092,c5,c5,4
14093,c5,c234,1
14094,c234,c1,1
14095,c234,c234,2
14096,c1,c1,4
14097,c1,c1,1
14098,c5,c5,1
14099,c5,c5,1
14100,c5,c234,3
14101,c234,c1,4
14102,c234,c1,0
14103,c1,c1,1
14104,c234,c5,2
14105,c1,c5,2
14106,c1,c234,1
14107,c234,c5,3
14108,c1,c1,1
14109,c1,c1,2
14110,c234,c234,4
14111,c5,c5,0
14112,c5,c5,1
14113,c234,c1,4
14114,c5,c5,1
14115,c234,c1,1
14116,c5,c5,2
14117,c5,c234,1
14118,c5,c234,2
14119,c234,c5,3
14120,c5,c234,4
14121,c234,c5,1
14122,c234,c234,1
14123,c5,c234,3
14124,c5,c234,1
14125,c1,c234,1
14126,c1,c5,4
14127,c234,c5,0
14128,c234,c5,1
14129,c1,c1,2
14130,c234,c234,1
14131,c5,c5,2
14132,c5,c5,0
14133,c5,c1,1
14134,c234,c1,1
14135,c5,c5,1
14136,c5,c1,0
14137,c5,c5,1
14138,c1,c1,3
14139,c1,c5,2
14140,c234,c5,3
14141,c1,c1,3
14142,c234,c5,1
14143,c234,c234,0
14144,c234,c5,4
14145,c234,c234,3
14146,c234,c5,0
14147,c234,c234,2
14148,c5,c5,0
14149,c1,c5,2
14150,c234,c1,3
14151,c5,c1,1
14152,c1,c1,3
14153,c1,c1,0
14154,c1,c1,1
14155,c1,c234,4
14156,c1,c5,2
14157,c234,c1,2
14158,c234,c5,4
14159,c1,c5,4
14160,c234,c5,1
14161,c234,c1,4
14162,c1,c1,1
14163,c1,c1,4
14164,c5,c234,1
14165,c5,c234,2
14166,c234,c234,3
14167,c234,c5,4
14168,c1,c5,3
14169,c234,c5,1
14170,c1,c234,4
14171,c1,c234,0
14172,c234,c1,4
14173,c5,c5,1
14174,c1,c5,1
14175,c1,c234,4
14176,c1,c5,2
14177,c5,c234,1
14178,c234,c234,2
14179,c5,c5,0
14180,c1,c1,0
14181,c5,c5,0
14182,c5,c5,3
14183,c1,c1,2
14184,c5,c5,2
14185,c234,c1,3
14186,c234,c234,3
14187,c234,c5,4
14188,c1,c1,4
14189,c5,c5,0
14190,c1,c1,0
14191,c234,c234,2
14192,c234,c5,2
14193,c1,c234,3
14194,c5,c1,3
14195,c1,c1,4
14196,c234,c1,1
14197,c1,c1,4
14198,c1,c1,3
14199,c1,c1,0
14200,c1,c234,3
14201,c234,c5,2
14202,c1,c234,0
14203,c5,c1,3
14204,c5,c5,2
14205,c1,c5,0
14206,c5,c1,4
14207,c1,c5,3
14208,c5,c234,1
14209,c234,c5,2
14210,c1,c1,1
14211,c1,c234,4
14212,c1,c1,0
14213,c1,c1,0
14214,c5,c234,3
14215,c5,c234,2
14216,c234,c5,0
14217,c5,c5,2
14218,c5,c5,3
14219,c1,c1,0
14220,c234,c1,0
14221,c1,c1,4
14222,c234,c1,1
14223,c1,c234,2
14224,c234,c1,0
14225,c1,c1,1
14226,c234,c1,1
14227,c5,c234,1
14228,c1,c234,3
14229,c5,c234,4
14230,c234,c5,3
14231,c234,c234,3
14232,c1,c5,3
14233,c5,c1,2
14234,c1,c5,4
14235,c234,c1,1
14236,c234,c1,3
14237,c5,c5,4
14238,c1,c234,2
14239,c5,c5,4
14240,c5,c5,1
14241,c234,c5,2
14242,c234,c234,4
14243,c1,c1,0
14244,c5,c234,0
14245,c5,c5,0
14246,c5,c5,0
14247,c1,c5,0
14248,c5,c234,3
14249,c5,c1,4
14250,c234,c234,0
14251,c234,c1,1
14252,c1,c1,3
14253,c1,c234,0
14254,c5,c5,2
14255,c1,c1,2
14256,c234,c5,1
14257,c234,c234,4
14258,c1,c1,1
14259,c1,c5,3
14260,c1,c5,2
14261,c1,c5,4
14262,c234,c1,2
14263,c1,c1,0
14264,c234,c234,1
14265,c1,c234,3
14266,c1,c1,1
14267,c5,c1,0
14268,c5,c234,0
14269,c1,c1,4
14270,c5,c5,1
14271,c1,c5,4
14272,c1,c1,1
14273,c234,c234,1
14274,c5,c5,3
14275,c5,c5,4
14276,c1,c5,4
14277,c5,c5,1
14278,c1,c5,1
14279,c234,c5,3
14280,c5,c5,0
14281,c5,c234,3
14282,c234,c5,1
14283,c234,c1,2
14284,c5,c5,4
14285,c5,c5,1
14286,c5,c5,1
14287,c5,c234,1
14288,c234,c234,2
14289,c5,c5,4
14290,c5,c5,0
14291,c5,c234,3
14292,c1,c1,3
14293,c1,c1,0
14294,c5,c5,4
14295,c234,c234,0
14296,c234,c234,3
14297,c1,c234,3
14298,c234,c1,2
14299,c234,c1,4
14300,c234,c1,2
14301,c234,c234,1
14302,c5,c234,1
14303,c1,c234,4
14304,c234,c5,2
14305,c234,c234,0
14306,c1,c234,4
14307,c234,c234,2
14308,c1,c1,0
14309,c234,c234,2
14310,c234,c234,3
14311,c5,c5,4
14312,c5,c234,0
14313,c234,c5,0
14314,c1,c1,0
14315,c234,c5,2
14316,c1,c234,4
14317,c5,c5,3
14318,c234,c5,2
14319,c5,c5,1
14320,c234,c5,3
14321,c5,c1,0
14322,c234,c234,3
14323,c234,c234,4
14324,c234,c234,4
14325,c1,c234,2
14326,c5,c5,0
14327,c5,c234,2
14328,c1,c1,4
14329,c1,c1,3
14330,c234,c1,1
14331,c5,c5,4
14332,c234,c1,1
14333,c1,c1,2
14334,c1,c234,2
14335,c5,c1,0
14336,c1,c234,0
14337,c5,c234,0
14338,c234,c234,1
14339,c5,c234,1
14340,c1,c1,1
14341,c5,c5,3
14342,c234,c234,0
14343,c1,c234,3
14344,c234,c1,2
14345,c1,c234,4
14346,c234,c5,4
14347,c234,c1,0
14348,c1,c1,2
14349,c234,c234,0
14350,c1,c5,4
14351,c5,c234,3
14352,c5,c234,4
14353,c5,c234,2
14354,c5,c5,0
14355,c234,c234,0
14356,c1,c1,2
14357,c234,c1,2
14358,c234,c5,0
14359,c234,c5,2
14360,c5,c5,2
14361,c5,c5,4
14362,c1,c5,2
14363,c234,c5,4
14364,c1,c234,1
14365,c5,c234,3
14366,c5,c234,1
14367,c234,c5,0
14368,c5,c234,1
14369,c5,c5,4
14370,c1,c234,0
14371,c234,c5,2
14372,c1,c1,4
14373,c1,c1,4
14374,c234,c1,2
14375,c234,c5,0
14376,c1,c1,3
14377,c5,c5,0
14378,c5,c1,1
14379,c5,c1,2
14380,c5,c5,2
14381,c5,c5,3
14382,c5,c5,2
14383,c5,c5,3
14384,c234,c234,4
14385,c5,c5,0
14386,c1,c1,1
14387,c234,c5,4
14388,c234,c5,1
14389,c5,c5,0
14390,c1,c234,1
14391,c1,c1,4
14392,c234,c234,3
14393,c5,c5,4
14394,c1,c5,4
14395,c234,c5,4
14396,c1,c1,0
14397,c5,c1,1
14398,c5,c5,4
14399,c1,c1,0
14400,c234,c1,3
14401,c5,c5,2
14402,c234,c5,1
14403,c5,c5,4
14404,c234,c234,2
14405,c1,c1,2
14406,c5,c5,0
14407,c1,c234,1
14408,c5,c1,2
14409,c1,c1,0
14410,c234,c1,1
14411,c234,c234,1
14412,c234,c1,2
14413,c1,c5,0
14414,c1,c234,0
14415,c5,c234,1
14416,c5,c234,2
14417,c5,c234,0
14418,c1,c1,3
14419,c5,c1,0
14420,c5,c234,4
14421,c5,c5,2
14422,c234,c234,4
14423,c1,c234,1
14424,c1,c1,0
14425,c234,c234,4
14426,c1,c5,1
14427,c234,c5,1
14428,c5,c1,4
14429,c1,c234,0
14430,c5,c5,4
14431,c1,c234,0
14432,c1,c1,1
14433,c5,c5,3
14434,c5,c234,4
14435,c234,c1,0
14436,c1,c5,2
14437,c5,c5,3
14438,c5,c234,3
14439,c234,c234,4
14440,c1,c234,3
14441,c5,c234,0
14442,c234,c234,2
14443,c5,c5,1
14444,c234,c234,1
14445,c5,c1,4
14446,c1,c1,3
14447,c1,c1,4
14448,c1,c234,4
14449,c234,c234,4
14450,c1,c234,2
14451,c1,c1,1
14452,c5,c5,1
14453,c234,c5,2
14454,c1,c234,3
14455,c234,c5,3
14456,c5,c234,4
14457,c1,c234,1
14458,c234,c5,3
14459,c234,c1,0
14460,c1,c5,1
14461,c5,c1,2
14462,c234,c1,4
14463,c234,c1,1
14464,c1,c234,4
14465,c1,c234,0
14466,c5,c5,2
14467,c5,c234,3
14468,c234,c5,1
14469,c234,c1,3
14470,c234,c5,0
14471,c1,c5,0
14472,c5,c234,0
14473,c5,c234,4
14474,c234,c5,3
14475,c234,c5,1
14476,c234,c1,4
14477,c234,c1,1
14478,c1,c1,4
14479,c5,c5,3
14480,c5,c5,4
14481,c1,c234,0
14482,c1,c1,4
14483,c1,c5,1
14484,c5,c234,0
14485,c1,c1,1
14486,c1,c234,0
14487,c5,c5,0
14488,c1,c234,4
14489,c1,c234,3
14490,c234,c5,1
14491,c234,c234,0
14492,c1,c5,4
14493,c234,c5,4
14494,c234,c5,2
14495,c234,c5,3
14496,c234,c1,2
14497,c1,c234,2
14498,c234,c5,1
14499,c1,c5,2
14500,c1,c234,3
14501,c234,c234,0
14502,c5,c234,3
14503,c1,c234,4
14504,c5,c1,4
14505,c234,c1,2
14506,c5,c1,3
14507,c5,c1,2
14508,c234,c5,0
14509,c234,c5,3
14510,c1,c234,0
14511,c234,c234,0
14512,c1,c1,0
14513,c234,c234,2
14514,c234,c5,1
14515,c5,c5,1
14516,c5,c5,3
14517,c1,c1,0
14518,c5,c5,0
14519,c5,c5,2
14520,c1,c1,4
14521,c234,c234,2
14522,c1,c5,4
14523,c234,c1,4
14524,c234,c234,0
14525,c1,c1,1
14526,c234,c5,3
14527,c5,c5,4
14528,c5,c234,1
14529,c1,c234,1
14530,c234,c1,2
14531,c1,c5,2
14532,c5,c5,2
14533,c1,c234,3
14534,c1,c234,0
14535,c5,c234,4
14536,c234,c5,1
14537,c234,c234,4
14538,c234,c5,1
14539,c234,c234,1
14540,c1,c1,0
14541,c234,c234,0
14542,c234,c5,2
14543,c234,c1,4
14544,c234,c5,3
14545,c234,c1,3
14546,c234,c234,0
14547,c234,c234,3
14548,c1,c1,0
14549,c5,c1,2
14550,c5,c5,4
14551,c234,c5,2
14552,c5,c234,0
14553,c1,c1,0
14554,c5,c234,2
14555,c234,c1,2
14556,c234,c234,1
14557,c1,c1,0
14558,c234,c1,2
14559,c234,c1,0
14560,c1,c5,4
14561,c5,c5,1
14562,c1,c1,2
14563,c5,c1,3
14564,c1,c1,4
14565,c1,c1,3
14566,c1,c234,3
14567,c1,c5,1
14568,c5,c234,0
14569,c234,c1,1
14570,c1,c5,2
14571,c234,c1,3
14572,c5,c234,1
14573,c5,c5,0
14574,c234,c1,3
14575,c234,c5,2
14576,c1,c234,1
14577,c234,c5,1
14578,c1,c234,3
14579,c5,c5,0
14580,c5,c5,2
14581,c5,c5,4
14582,c5,c234,4
14583,c5,c1,3
14584,c5,c234,4
14585,c1,c5,4
14586,c5,c234,4
14587,c1,c5,3
14588,c234,c5,4
14589,c1,c1,0
14590,c1,c1,2
14591,c1,c5,1
14592,c1,c1,0
14593,c234,c1,3
14594,c5,c5,2
14595,c5,c234,0
14596,c5,c5,0
14597,c234,c234,2
14598,c1,c1,3
14599,c234,c1,1
14600,c1,c1,0
14601,c5,c5,2
14602,c5,c5,4
14603,c1,c1,1
14604,c234,c1,1
14605,c5,c234,1
14606,c1,c1,2
14607,c234,c234,0
14608,c5,c5,0
14609,c234,c5,0
14610,c234,c5,1
14611,c234,c5,0
14612,c234,c1,4
14613,c234,c234,4
14614,c1,c1,0
14615,c1,c234,3
14616,c5,c5,0
14617,c234,c234,4
14618,c5,c5,4
14619,c1,c1,3
14620,c1,c234,3
14621,c234,c5,4
14622,c234,c5,2
14623,c234,c1,1
14624,c1,c234,2
14625,c1,c1,3
14626,c5,c5,3
14627,c5,c5,2
14628,c234,c5,4
14629,c5,c5,1
14630,c234,c1,1
14631,c1,c1,3
14632,c5,c1,2
14633,c1,c1,2
14634,c234,c1,4
14635,c234,c234,4
14636,c5,c1,3
14637,c234,c1,0
14638,c1,c234,0
14639,c234,c1,0
14640,c1,c234,4
14641,c234,c1,3
14642,c1,c5,2
14643,c5,c234,1
14644,c1,c1,1
14645,c5,c5,4
14646,c1,c5,4
14647,c234,c234,4
14648,c5,c1,2
14649,c1,c234,2
14650,c234,c5,2
14651,c1,c5,4
14652,c234,c234,0
14653,c234,c1,3
14654,c234,c234,0
14655,c1,c234,0
14656,c1,c1,4
14657,c5,c1,4
14658,c1,c1,4
14659,c5,c234,3
14660,c234,c5,2
14661,c5,c234,3
14662,c1,c1,2
14663,c5,c1,0
14664,c234,c1,0
14665,c234,c1,3
14666,c234,c5,1
14667,c1,c234,0
14668,c234,c234,3
14669,c234,c1,3
14670,c5,c5,2
14671,c234,c234,3
14672,c234,c234,0
14673,c1,c234,3
14674,c5,c5,2
14675,c1,c1,1
14676,c1,c1,0
14677,c5,c5,3
14678,c1,c234,0
14679,c5,c234,3
14680,c234,c5,1
14681,c5,c1,2
14682,c234,c5,0
14683,c1,c1,0
14684,c5,c5,0
14685,c1,c1,2
14686,c1,c1,4
14687,c5,c5,3
14688,c1,c234,2
14689,c5,c5,0
14690,c5,c234,3
14691,c5,c5,1
14692,c5,c234,4
14693,c1,c1,0
14694,c234,c5,2
14695,c5,c5,3
14696,c234,c234,4
14697,c5,c5,2
14698,c1,c234,2
14699,c1,c5,4
14700,c234,c5,2
14701,c1,c1,1
14702,c234,c1,0
14703,c5,c234,4
14704,c1,c234,4
14705,c234,c1,4
14706,c5,c5,0
14707,c1,c1,1
14708,c5,c234,1
14709,c1,c5,4
14710,c1,c234,4
14711,c234,c1,2
14712,c5,c234,3
14713,c234,c5,1
14714,c234,c234,4
14715,c234,c5,0
14716,c234,c1,1
14717,c5,c234,4
14718,c234,c5,3
14719,c1,c1,0
14720,c5,c5,4
14721,c5,c5,3
14722,c234,c234,3
14723,c234,c234,0
14724,c5,c5,3
14725,c234,c1,3
14726,c5,c1,3
14727,c1,c1,1
14728,c5,c5,0
14729,c5,c234,3
14730,c234,c5,4
14731,c5,c234,3
14732,c1,c234,1
14733,c234,c1,3
14734,c234,c5,1
14735,c1,c1,0
14736,c234,c1,4
14737,c234,c5,1
14738,c234,c234,3
14739,c234,c234,2
14740,c1,c234,0
14741,c5,c234,0
14742,c1,c234,3
14743,c234,c1,3
14744,c5,c5,0
14745,c234,c1,2
14746,c5,c1,2
14747,c5,c5,1
14748,c234,c1,3
14749,c5,c234,3
14750,c1,c5,1
14751,c5,c1,1
14752,c1,c5,2
14753,c5,c234,4
14754,c1,c1,0
14755,c1,c234,1
14756,c1,c1,3
14757,c1,c1,4
14758,c234,c234,3
14759,c5,c5,3
14760,c1,c234,0
14761,c5,c1,3
14762,c234,c5,3
14763,c234,c5,4
14764,c1,c1,2
14765,c1,c1,0
14766,c5,c5,2
14767,c234,c1,0
14768,c1,c1,3
14769,c1,c5,4
14770,c5,c5,4
14771,c234,c1,4
14772,c5,c1,2
14773,c1,c1,0
14774,c234,c234,1
14775,c1,c1,2
14776,c1,c234,3
14777,c234,c1,1
14778,c1,c234,4
14779,c234,c1,3
14780,c1,c1,2
14781,c1,c1,1
14782,c5,c5,4
14783,c1,c1,3
14784,c1,c234,3
14785,c1,c1,0
14786,c234,c1,3
14787,c5,c1,1
14788,c234,c234,1
14789,c5,c234,3
14790,c1,c1,0
14791,c5,c5,0
14792,c5,c5,4
14793,c1,c1,1
14794,c1,c234,3
14795,c1,c5,0
14796,c5,c5,3
14797,c1,c234,4
14798,c1,c5,2
14799,c1,c1,3
14800,c1,c1,1
14801,c5,c5,1
14802,c1,c1,0
14803,c1,c1,3
14804,c5,c1,2
14805,c5,c5,2
14806,c5,c5,0
14807,c5,c5,2
14808,c1,c1,3
14809,c1,c5,2
14810,c234,c1,4
14811,c5,c5,4
14812,c5,c5,1
14813,c234,c1,4
14814,c5,c5,2
14815,c1,c1,4
14816,c1,c1,0
14817,c1,c234,2
14818,c5,c5,1
14819,c234,c234,0
14820,c5,c234,3
14821,c234,c5,3
14822,c5,c5,0
14823,c1,c1,4
14824,c1,c5,1
14825,c1,c234,0
14826,c234,c234,2
14827,c234,c234,2
14828,c234,c1,4
14829,c234,c234,0
14830,c234,c234,0
14831,c1,c1,2
14832,c1,c5,4
14833,c5,c234,3
14834,c5,c5,2
14835,c234,c5,1
14836,c5,c5,0
14837,c234,c1,1
14838,c1,c5,1
14839,c1,c1,3
14840,c234,c234,0
14841,c234,c5,0
14842,c234,c234,0
14843,c1,c1,0
14844,c1,c5,4
14845,c5,c1,2
14846,c234,c1,0
14847,c1,c1,0
14848,c1,c5,3
14849,c5,c5,2
14850,c234,c5,2
14851,c234,c1,0
14852,c234,c5,2
14853,c5,c5,4
14854,c5,c5,2
14855,c5,c5,1
14856,c234,c234,1
14857,c5,c1,0
14858,c1,c1,2
14859,c234,c1,0
14860,c1,c5,1
14861,c5,c234,0
14862,c1,c1,0
14863,c5,c5,1
14864,c1,c5,2
14865,c1,c1,1
14866,c234,c234,1
14867,c5,c5,4
14868,c1,c5,0
14869,c234,c1,0
14870,c1,c5,0
14871,c5,c234,3
14872,c1,c234,3
14873,c5,c234,4
14874,c5,c5,3
14875,c1,c1,4
14876,c5,c5,2
14877,c1,c1,3
14878,c1,c234,2
14879,c5,c5,1
14880,c1,c1,3
14881,c1,c1,3
14882,c5,c234,2
14883,c1,c1,3
14884,c234,c234,1
14885,c1,c234,4
14886,c1,c1,0
14887,c5,c1,0
14888,c5,c1,4
14889,c234,c234,2
14890,c234,c1,1
14891,c234,c1,4
14892,c5,c5,4
14893,c234,c1,0
14894,c234,c1,2
14895,c234,c1,2
14896,c1,c1,1
14897,c234,c5,4
14898,c234,c1,1
14899,c234,c1,3
14900,c1,c234,2
14901,c5,c5,1
14902,c5,c234,1
14903,c5,c5,4
14904,c5,c5,0
14905,c5,c5,2
14906,c5,c234,3
14907,c1,c1,4
14908,c5,c5,2
14909,c1,c1,3
14910,c1,c5,0
14911,c1,c1,2
14912,c234,c5,0
14913,c234,c234,3
14914,c5,c1,4
14915,c1,c1,4
14916,c1,c5,1
14917,c5,c5,4
14918,c234,c1,0
14919,c1,c234,2
14920,c5,c1,0
14921,c5,c5,1
14922,c234,c1,2
14923,c234,c234,3
14924,c234,c234,1
14925,c1,c1,2
14926,c5,c1,2
14927,c5,c5,1
14928,c5,c1,4
14929,c234,c5,1
14930,c234,c234,0
14931,c5,c5,2
14932,c234,c234,1
14933,c5,c5,1
14934,c234,c234,0
14935,c5,c5,4
14936,c234,c5,4
14937,c234,c1,2
14938,c234,c5,1
14939,c1,c234,2
14940,c234,c5,4
14941,c5,c5,2
14942,c1,c1,2
14943,c5,c234,0
14944,c234,c5,0
14945,c1,c234,3
14946,c234,c1,0
14947,c5,c5,0
14948,c1,c5,0
14949,c1,c1,4
14950,c5,c234,1
14951,c5,c5,0
14952,c1,c1,3
14953,c1,c1,1
14954,c234,c5,3
14955,c1,c234,4
14956,c234,c5,0
14957,c234,c234,2
14958,c1,c234,3
14959,c234,c1,4
14960,c234,c234,3
14961,c1,c234,2
14962,c234,c1,0
14963,c234,c234,3
14964,c5,c5,1
14965,c5,c5,0
14966,c5,c234,3
14967,c234,c234,3
14968,c234,c5,2
14969,c1,c234,2
14970,c1,c1,3
14971,c1,c1,0
14972,c234,c5,1
14973,c1,c1,2
14974,c5,c1,0
14975,c1,c1,0
14976,c1,c1,1
14977,c5,c1,1
14978,c234,c5,0
14979,c5,c234,2
14980,c234,c234,2
14981,c234,c234,1
14982,c5,c5,2
14983,c5,c1,0
14984,c5,c234,0
14985,c5,c5,2
14986,c1,c1,3
14987,c1,c5,3
14988,c5,c5,2
14989,c5,c5,1
14990,c5,c1,3
14991,c234,c1,2
14992,c234,c5,4
14993,c234,c5,0
14994,c234,c1,3
14995,c5,c5,4
14996,c234,c234,1
14997,c5,c234,2
14998,c5,c1,1
14999,c1,c1,3
15000,c1,c1,0
15001,c1,c1,1
15002,c234,c234,2
15003,c234,c234,1
15004,c1,c1,4
15005,c1,c5,1
15006,c1,c234,4
15007,c5,c5,1
15008,c234,c1,3
15009,c1,c1,3
15010,c5,c234,3
15011,c5,c1,0
15012,c234,c234,0
15013,c5,c5,2
15014,c5,c234,4
15015,c234,c1,4
15016,c234,c234,3
15017,c234,c234,2
15018,c5,c5,1
15019,c234,c234,1
15020,c234,c1,2
15021,c5,c1,1
15022,c234,c5,3
15023,c234,c5,0
15024,c1,c234,4
15025,c234,c5,3
15026,c5,c5,2
15027,c5,c1,1
15028,c1,c1,3
15029,c234,c1,0
15030,c5,c5,1
15031,c5,c1,2
15032,c1,c234,0
15033,c5,c234,2
15034,c5,c234,0
15035,c5,c5,1
15036,c1,c1,1
15037,c5,c5,2
15038,c5,c234,0
15039,c5,c5,0
15040,c234,c1,0
15041,c234,c234,4
15042,c1,c5,0
15043,c5,c234,0
15044,c234,c5,2
15045,c5,c234,0
15046,c234,c1,2
15047,c5,c5,2
15048,c234,c1,4
15049,c234,c5,0
15050,c1,c1,3
15051,c5,c1,1
15052,c5,c1,1
15053,c234,c5,1
15054,c234,c5,4
15055,c234,c1,1
15056,c1,c1,2
15057,c5,c234,3
15058,c234,c234,4
15059,c234,c1,2
15060,c1,c1,3
15061,c1,c234,4
15062,c234,c234,4
15063,c234,c5,4
15064,c234,c5,4
15065,c5,c5,4
15066,c1,c1,2
15067,c5,c5,4
15068,c234,c1,2
15069,c5,c1,1
15070,c5,c5,0
15071,c1,c5,2
15072,c234,c1,3
15073,c1,c5,4
15074,c234,c234,0
15075,c5,c5,2
15076,c1,c234,1
15077,c1,c5,1
15078,c234,c1,0
15079,c5,c234,1
15080,c234,c5,1
15081,c1,c234,1
15082,c1,c1,2
15083,c5,c5,3
15084,c234,c1,2
15085,c1,c1,1
15086,c5,c5,4
15087,c5,c5,1
15088,c5,c234,2
15089,c5,c5,3
15090,c1,c1,4
15091,c234,c234,0
15092,c5,c5,0
15093,c234,c234,2
15094,c234,c1,0
15095,c5,c5,2
15096,c1,c5,1
15097,c1,c234,0
15098,c234,c234,4
15099,c5,c1,0
15100,c234,c5,4
15101,c1,c234,3
15102,c5,c5,3
15103,c234,c1,2
15104,c1,c1,4
15105,c234,c1,0
15106,c5,c5,4
15107,c234,c234,0
15108,c5,c234,0
15109,c1,c234,0
15110,c5,c234,0
15111,c1,c1,2
15112,c234,c234,1
15113,c234,c234,2
15114,c5,c1,3
15115,c1,c1,0
15116,c1,c1,0
15117,c1,c234,1
15118,c234,c5,0
15119,c5,c234,4
15120,c5,c5,4
15121,c5,c5,0
15122,c1,c1,1
15123,c5,c1,4
15124,c1,c1,2
15125,c234,c5,3
15126,c234,c234,3
15127,c234,c234,0
15128,c234,c234,1
15129,c234,c234,4
15130,c234,c5,2
15131,c5,c1,2
15132,c5,c5,0
15133,c234,c1,1
15134,c234,c1,4
15135,c5,c5,0
15136,c5,c1,0
15137,c5,c1,3
15138,c5,c5,1
15139,c5,c234,4
15140,c1,c5,3
15141,c1,c234,0
15142,c234,c1,2
15143,c234,c5,3
15144,c5,c234,1
15145,c5,c1,2
15146,c5,c5,0
15147,c5,c1,2
15148,c5,c5,2
15149,c1,c234,3
15150,c234,c5,0
15151,c5,c5,4
15152,c234,c5,0
15153,c234,c234,4
15154,c5,c5,2
15155,c1,c234,4
15156,c234,c1,0
15157,c5,c234,0
15158,c5,c1,1
15159,c234,c5,4
15160,c234,c5,0
15161,c5,c5,4
15162,c1,c1,0
15163,c1,c234,3
15164,c5,c1,1
15165,c234,c234,4
15166,c234,c1,1
15167,c1,c5,2
15168,c1,c1,4
15169,c1,c5,0
15170,c234,c234,0
15171,c234,c234,1
15172,c234,c234,1
15173,c5,c5,4
15174,c5,c5,3
15175,c234,c234,4
15176,c1,c1,4
15177,c1,c1,4
15178,c1,c1,2
15179,c5,c5,3
15180,c1,c234,4
15181,c1,c234,3
15182,c234,c234,1
15183,c5,c1,2
15184,c234,c234,1
15185,c1,c5,1
15186,c1,c5,3
15187,c1,c1,0
15188,c234,c5,1
15189,c1,c1,3
15190,c1,c5,3
15191,c5,c5,3
15192,c1,c1,1
15193,c234,c5,0
15194,c234,c1,1
15195,c234,c234,3
15196,c234,c234,2
15197,c5,c5,2
15198,c234,c5,1
15199,c234,c234,1
15200,c5,c234,2
15201,c234,c234,1
15202,c234,c1,1
15203,c1,c1,0
15204,c1,c5,3
15205,c5,c1,0
15206,c234,c234,2
15207,c234,c234,1
15208,c1,c5,1
15209,c5,c1,2
15210,c1,c1,0
15211,c5,c5,1
15212,c5,c234,3
15213,c234,c1,2
15214,c1,c1,3
15215,c5,c234,1
15216,c5,c1,3
15217,c234,c1,1
15218,c5,c1,0
15219,c234,c5,3
15220,c1,c5,3
15221,c5,c234,0
15222,c234,c1,2
15223,c234,c1,1
15224,c1,c1,2
15225,c1,c234,2
15226,c234,c5,1
15227,c5,c5,4
15228,c234,c234,1
15229,c5,c234,1
15230,c234,c5,2
15231,c234,c234,1
15232,c234,c5,3
15233,c234,c1,4
15234,c1,c1,0
15235,c234,c5,0
15236,c5,c5,2
15237,c5,c234,0
15238,c1,c1,1
15239,c5,c1,3
15240,c5,c5,0
15241,c1,c5,1
15242,c234,c1,4
15243,c234,c5,3
15244,c1,c5,0
15245,c5,c1,0
15246,c234,c1,2
15247,c234,c234,2
15248,c234,c5,3
15249,c1,c1,3
15250,c1,c1,4
15251,c5,c234,3
15252,c1,c234,0
15253,c234,c1,4
15254,c234,c5,0
15255,c1,c234,4
15256,c5,c5,1
15257,c234,c1,2
15258,c5,c5,2
15259,c1,c5,4
15260,c5,c5,3
15261,c1,c234,4
15262,c1,c1,2
15263,c234,c234,4
15264,c1,c5,1
15265,c1,c234,2
15266,c234,c234,0
15267,c1,c234,0
15268,c1,c1,3
15269,c1,c1,2
15270,c1,c1,4
15271,c234,c234,3
15272,c1,c1,1
15273,c234,c234,2
15274,c5,c1,2
15275,c5,c234,2
15276,c5,c234,3
15277,c5,c1,4
15278,c5,c5,0
15279,c234,c234,3
15280,c234,c5,2
15281,c234,c1,4
15282,c5,c234,4
15283,c234,c234,3
15284,c5,c1,2
15285,c1,c1,4
15286,c234,c234,2
15287,c234,c234,4
15288,c5,c234,0
15289,c1,c234,1
15290,c1,c5,3
15291,c234,c234,1
15292,c234,c1,1
15293,c5,c1,4
15294,c234,c234,4
15295,c234,c1,3
15296,c1,c5,1
15297,c234,c1,4
15298,c1,c234,4
15299,c234,c5,4
15300,c234,c234,0
15301,c234,c234,3
15302,c234,c1,1
15303,c5,c5,3
15304,c5,c5,2
15305,c5,c1,0
15306,c1,c1,3
15307,c234,c5,4
15308,c1,c1,0
15309,c5,c234,3
15310,c1,c1,0
15311,c1,c1,3
15312,c1,c234,1
15313,c5,c1,0
15314,c5,c5,2
15315,c1,c5,0
15316,c234,c1,2
15317,c234,c5,0
15318,c1,c5,2
15319,c5,c5,1
15320,c5,c234,3
15321,c1,c5,4
15322,c5,c234,0
15323,c234,c5,0
15324,c1,c1,1
15325,c234,c1,4
15326,c5,c234,3
15327,c1,c1,0
15328,c1,c1,2
15329,c234,c1,0
15330,c234,c234,3
15331,c1,c5,1
15332,c234,c1,1
15333,c1,c1,0
15334,c234,c5,2
15335,c5,c234,4
15336,c5,c5,3
15337,c1,c234,0
15338,c1,c234,4
15339,c234,c1,4
15340,c234,c234,3
15341,c234,c1,4
15342,c1,c1,3
15343,c5,c5,2
15344,c5,c234,2
15345,c234,c5,3
15346,c5,c5,1
15347,c5,c5,4
15348,c234,c5,3
15349,c5,c5,1
15350,c234,c234,4
15351,c5,c5,1
15352,c1,c1,1
15353,c5,c5,3
15354,c5,c234,0
15355,c1,c234,3
15356,c1,c1,0
15357,c234,c1,4
15358,c1,c1,0
15359,c234,c234,3
15360,c1,c234,2
15361,c234,c234,4
15362,c234,c5,2
15363,c1,c234,2
15364,c1,c5,1
15365,c5,c234,0
15366,c5,c234,4
15367,c234,c5,0
15368,c1,c1,0
15369,c1,c5,2
15370,c1,c1,2
15371,c234,c234,3
15372,c234,c5,1
15373,c5,c5,2
15374,c234,c234,1
15375,c5,c234,2
15376,c234,c5,0
15377,c5,c5,4
15378,c234,c234,3
15379,c5,c5,2
15380,c234,c1,3
15381,c234,c234,4
15382,c1,c1,0
15383,c1,c234,1
15384,c1,c1,2
15385,c1,c234,4
15386,c234,c5,4
15387,c1,c1,4
15388,c1,c1,3
15389,c5,c5,3
15390,c5,c5,0
15391,c5,c5,2
15392,c234,c1,3
15393,c1,c1,1
15394,c5,c5,3
15395,c1,c5,0
15396,c1,c1,4
15397,c1,c234,1
15398,c5,c5,0
15399,c5,c234,1
15400,c5,c234,3
15401,c5,c5,3
15402,c5,c1,4
15403,c5,c1,0
15404,c234,c234,4
15405,c234,c234,4
15406,c1,c1,1
15407,c5,c1,1
15408,c5,c5,1
15409,c5,c5,0
15410,c5,c1,3
15411,c1,c5,2
15412,c5,c1,4
15413,c234,c5,4
15414,c5,c234,2
15415,c1,c1,4
15416,c234,c234,0
15417,c5,c234,3
15418,c1,c5,0
15419,c234,c1,4
15420,c5,c5,2
15421,c234,c1,2
15422,c5,c5,1
15423,c5,c5,4
15424,c1,c234,4
15425,c5,c5,2
15426,c1,c1,2
15427,c1,c5,1
15428,c5,c234,2
15429,c234,c5,2
15430,c5,c234,1
15431,c234,c5,3
15432,c5,c5,3
15433,c5,c234,2
15434,c234,c1,1
15435,c5,c234,0
15436,c5,c234,0
15437,c5,c1,4
15438,c1,c1,0
15439,c234,c5,3
15440,c5,c5,4
15441,c1,c1,0
15442,c5,c234,1
15443,c1,c1,2
15444,c1,c5,0
15445,c5,c234,3
15446,c5,c5,0
15447,c5,c234,3
15448,c5,c1,0
15449,c5,c234,0
15450,c1,c234,3
15451,c5,c5,0
15452,c5,c234,0
15453,c234,c234,2
15454,c234,c5,0
15455,c5,c1,4
15456,c5,c234,2
15457,c234,c234,0
15458,c1,c5,4
15459,c1,c5,1
15460,c1,c1,3
15461,c234,c5,3
15462,c1,c234,3
15463,c5,c1,0
15464,c234,c5,2
15465,c1,c1,0
15466,c1,c5,3
15467,c1,c234,0
15468,c5,c5,4
15469,c234,c1,0
15470,c234,c234,1
15471,c1,c5,3
15472,c5,c5,1
15473,c234,c1,4
15474,c234,c5,0
15475,c1,c234,2
15476,c5,c5,4
15477,c1,c234,3
15478,c1,c234,2
15479,c1,c5,0
15480,c234,c1,1
15481,c234,c1,3
15482,c5,c5,1
15483,c234,c234,3
15484,c234,c5,4
15485,c1,c5,3
15486,c1,c1,1
15487,c5,c234,3
15488,c1,c1,1
15489,c1,c5,1
15490,c5,c234,0
15491,c5,c5,1
15492,c5,c5,1
15493,c1,c5,4
15494,c1,c5,3
15495,c1,c1,3
15496,c1,c1,0
15497,c1,c1,4
15498,c234,c234,2
15499,c5,c5,1
15500,c5,c234,4
15501,c1,c234,3
15502,c1,c5,3
15503,c1,c5,2
15504,c1,c5,3
15505,c234,c1,1
15506,c5,c5,4
15507,c1,c1,0
15508,c1,c1,1
15509,c1,c5,0
15510,c234,c5,1
15511,c1,c1,2
15512,c1,c5,2
15513,c234,c5,1
15514,c5,c234,2
15515,c1,c1,4
15516,c5,c5,3
15517,c234,c5,3
15518,c5,c1,4
15519,c234,c5,1
15520,c5,c5,3
15521,c5,c5,0
15522,c234,c1,1
15523,c234,c1,4
15524,c234,c234,4
15525,c5,c234,3
15526,c234,c234,2
15527,c234,c234,4
15528,c234,c5,0
15529,c5,c5,1
15530,c234,c5,2
15531,c1,c234,1
15532,c1,c1,3
15533,c234,c1,2
15534,c1,c1,4
15535,c5,c5,1
15536,c5,c234,3
15537,c1,c1,3
15538,c1,c5,2
15539,c234,c5,0
15540,c5,c5,3
15541,c1,c1,1
15542,c5,c5,2
15543,c5,c5,1
15544,c5,c5,0
15545,c234,c5,1
15546,c5,c1,0
15547,c1,c234,2
15548,c1,c1,1
15549,c5,c1,0
15550,c234,c1,0
15551,c234,c1,2
15552,c234,c5,1
15553,c5,c234,0
15554,c5,c5,4
15555,c5,c234,4
15556,c5,c5,1
15557,c1,c1,3
15558,c1,c1,1
15559,c1,c1,2
15560,c1,c5,0
15561,c234,c234,3
15562,c234,c1,4
15563,c234,c234,3
15564,c1,c1,0
15565,c5,c5,0
15566,c234,c1,4
15567,c5,c5,1
15568,c234,c1,0
15569,c234,c1,2
15570,c5,c1,4
15571,c5,c1,1
15572,c5,c234,1
15573,c1,c234,4
15574,c1,c1,2
15575,c1,c1,4
15576,c234,c234,1
15577,c234,c1,3
15578,c5,c5,1
15579,c1,c234,2
15580,c1,c234,2
15581,c1,c5,2
15582,c234,c5,4
15583,c234,c234,2
15584,c1,c1,4
15585,c1,c234,1
15586,c1,c5,3
15587,c1,c1,3
15588,c5,c5,1
15589,c5,c234,0
15590,c1,c234,3
15591,c234,c234,2
15592,c234,c234,4
15593,c234,c5,3
15594,c234,c234,3
15595,c5,c1,2
15596,c234,c234,0
15597,c5,c5,3
15598,c5,c5,0
15599,c5,c1,3
15600,c234,c234,4
15601,c5,c5,3
15602,c234,c1,1
15603,c5,c5,4
15604,c5,c5,4
15605,c1,c1,3
15606,c234,c1,1
15607,c234,c234,4
15608,c5,c5,1
15609,c234,c1,4
15610,c234,c234,1
15611,c1,c1,4
15612,c5,c234,3
15613,c1,c1,4
15614,c5,c5,1
15615,c5,c1,2
15616,c1,c234,3
15617,c1,c1,0
15618,c234,c234,2
15619,c234,c234,0
15620,c5,c5,2
15621,c5,c5,3
15622,c1,c234,0
15623,c5,c5,1
15624,c5,c5,0
15625,c5,c5,1
15626,c1,c5,4
15627,c1,c1,1
15628,c1,c1,0
15629,c234,c1,1
15630,c1,c1,3
15631,c234,c234,3
15632,c5,c1,1
15633,c5,c1,4
15634,c234,c234,4
15635,c5,c1,2
15636,c1,c5,2
15637,c1,c5,4
15638,c5,c5,3
15639,c1,c234,4
15640,c5,c5,1
15641,c5,c1,4
15642,c1,c234,0
15643,c5,c5,4
15644,c1,c234,1
15645,c5,c5,4
15646,c5,c1,0
15647,c1,c1,1
15648,c1,c1,3
15649,c1,c1,3
15650,c1,c1,4
15651,c1,c5,4
15652,c5,c1,1
15653,c1,c234,2
15654,c234,c234,3
15655,c5,c1,3
15656,c234,c1,2
15657,c234,c5,4
15658,c1,c1,4
15659,c1,c234,1
15660,c1,c1,3
15661,c234,c234,2
15662,c234,c234,2
15663,c234,c234,4
15664,c1,c1,3
15665,c5,c234,3
15666,c1,c1,1
15667,c234,c1,0
15668,c5,c5,4
15669,c1,c1,3
15670,c1,c5,1
15671,c1,c1,1
15672,c5,c234,4
15673,c1,c1,0
15674,c234,c234,0
15675,c1,c234,2
15676,c1,c1,2
15677,c5,c5,0
15678,c1,c1,3
15679,c234,c234,1
15680,c1,c1,1
15681,c1,c5,2
15682,c1,c1,0
15683,c1,c5,0
15684,c5,c5,3
15685,c5,c234,1
15686,c234,c234,1
15687,c234,c1,3
15688,c1,c234,3
15689,c1,c1,3
15690,c1,c1,2
15691,c5,c1,2
15692,c1,c1,2
15693,c5,c234,2
15694,c1,c5,2
15695,c234,c1,0
15696,c5,c5,3
15697,c5,c5,4
15698,c1,c1,4
15699,c234,c5,0
15700,c234,c234,2
15701,c5,c1,0
15702,c5,c5,1
15703,c234,c234,2
15704,c234,c1,4
15705,c5,c5,0
15706,c1,c5,2
15707,c234,c5,0
15708,c5,c5,3
15709,c234,c1,3
15710,c5,c1,1
15711,c1,c1,0
15712,c5,c1,4
15713,c5,c5,2
15714,c5,c5,1
15715,c234,c234,3
15716,c5,c5,3
15717,c5,c1,4
15718,c1,c234,4
15719,c234,c234,0
15720,c5,c234,2
15721,c5,c5,4
15722,c5,c5,0
15723,c5,c5,0
15724,c1,c234,1
15725,c5,c5,3
15726,c234,c5,3
15727,c234,c1,1
15728,c5,c5,4
15729,c234,c5,2
15730,c5,c5,4
15731,c1,c5,0
15732,c5,c5,0
15733,c5,c1,2
15734,c234,c1,4
15735,c1,c1,2
15736,c234,c1,3
15737,c1,c234,4
15738,c5,c5,0
15739,c1,c1,0
15740,c1,c234,3
15741,c5,c234,2
15742,c1,c234,4
15743,c5,c234,2
15744,c1,c1,0
15745,c5,c5,2
15746,c1,c1,4
15747,c1,c234,4
15748,c1,c234,2
15749,c5,c5,3
15750,c5,c5,2
15751,c5,c5,2
15752,c1,c1,1
15753,c234,c5,0
15754,c234,c234,0
15755,c234,c234,3
15756,c5,c5,3
15757,c234,c1,4
15758,c5,c5,1
15759,c234,c1,3
15760,c1,c1,2
15761,c5,c5,1
15762,c5,c1,3
15763,c5,c1,4
15764,c5,c5,4
15765,c5,c5,4
15766,c1,c1,3
15767,c234,c234,3
15768,c1,c1,3
15769,c234,c234,3
15770,c234,c1,1
15771,c1,c1,1
15772,c5,c5,2
15773,c5,c1,3
15774,c1,c1,4
15775,c234,c234,4
15776,c234,c234,0
15777,c5,c234,1
15778,c1,c5,0
15779,c234,c1,0
15780,c234,c1,4
15781,c1,c1,3
15782,c1,c1,2
15783,c234,c5,1
15784,c5,c1,0
15785,c1,c5,2
15786,c1,c1,3
15787,c234,c5,2
15788,c5,c1,3
15789,c234,c1,4
15790,c1,c5,4
15791,c1,c1,3
15792,c234,c234,1
15793,c234,c5,3
15794,c5,c234,1
15795,c5,c234,1
15796,c234,c234,0
15797,c234,c1,1
15798,c5,c5,4
15799,c234,c5,2
15800,c5,c234,1
15801,c1,c1,1
15802,c1,c1,0
15803,c5,c5,4
15804,c5,c234,3
15805,c5,c5,3
15806,c1,c1,1
15807,c5,c234,3
15808,c5,c234,2
15809,c5,c5,3
15810,c1,c1,0
15811,c1,c234,2
15812,c5,c5,1
15813,c1,c1,1
15814,c5,c5,3
15815,c1,c1,4
15816,c234,c5,2
15817,c1,c5,0
15818,c5,c5,4
15819,c1,c1,3
15820,c234,c234,4
15821,c1,c1,3
15822,c5,c234,3
15823,c234,c5,4
15824,c1,c5,3
15825,c5,c5,1
15826,c234,c234,1
15827,c5,c234,0
15828,c5,c234,1
15829,c234,c1,4
15830,c234,c1,4
15831,c5,c5,3
15832,c5,c5,3
15833,c234,c234,0
15834,c234,c234,4
15835,c5,c234,4
15836,c234,c5,0
15837,c234,c234,4
15838,c5,c5,0
15839,c5,c234,4
15840,c234,c234,4
15841,c1,c5,0
15842,c5,c5,2
15843,c234,c234,4
15844,c234,c234,1
15845,c1,c5,4
15846,c5,c5,2
15847,c1,c1,0
15848,c5,c234,4
15849,c5,c5,0
15850,c1,c1,4
15851,c1,c234,3
15852,c1,c5,2
15853,c5,c5,2
15854,c1,c234,3
15855,c1,c234,0
15856,c234,c234,2
15857,c1,c234,1
15858,c5,c1,0
15859,c234,c1,0
15860,c5,c1,1
15861,c5,c5,0
15862,c1,c234,1
15863,c1,c5,3
15864,c234,c5,4
15865,c1,c1,3
15866,c234,c1,2
15867,c5,c234,3
15868,c234,c5,0
15869,c234,c1,4
15870,c1,c5,4
15871,c1,c234,4
15872,c5,c234,1
15873,c234,c234,0
15874,c1,c234,2
15875,c234,c1,0
15876,c234,c234,1
15877,c1,c1,3
15878,c234,c1,4
15879,c234,c1,4
15880,c234,c5,3
15881,c5,c234,2
15882,c234,c5,3
15883,c234,c1,0
15884,c5,c234,0
15885,c1,c1,3
15886,c234,c5,4
15887,c234,c5,1
15888,c1,c1,4
15889,c5,c5,3
15890,c5,c5,0
15891,c5,c234,2
15892,c1,c234,2
15893,c1,c1,0
15894,c5,c5,2
15895,c234,c234,1
15896,c1,c1,4
15897,c5,c5,4
15898,c5,c5,3
15899,c1,c234,3
15900,c234,c1,2
15901,c234,c1,4
15902,c234,c5,1
15903,c1,c1,3
15904,c234,c1,4
15905,c234,c1,2
15906,c5,c1,1
15907,c5,c1,4
15908,c234,c234,0
15909,c234,c5,2
15910,c5,c234,2
15911,c1,c234,1
15912,c234,c234,1
15913,c234,c234,2
15914,c234,c5,4
15915,c1,c1,2
15916,c5,c5,1
15917,c5,c234,3
15918,c234,c5,1
15919,c234,c1,2
15920,c234,c5,4
15921,c234,c1,2
15922,c1,c1,0
15923,c1,c5,1
15924,c5,c5,2
15925,c5,c5,0
15926,c234,c1,2
15927,c5,c5,1
15928,c5,c1,2
15929,c1,c5,0
15930,c5,c5,1
15931,c5,c5,0
15932,c234,c1,0
15933,c1,c1,2
15934,c234,c5,0
15935,c1,c1,3
15936,c1,c234,3
15937,c234,c5,4
15938,c234,c5,2
15939,c1,c1,2
15940,c234,c234,1
15941,c1,c5,2
15942,c5,c1,0
15943,c234,c5,3
15944,c234,c1,3
15945,c1,c5,3
15946,c234,c234,2
15947,c234,c5,3
15948,c5,c5,3
15949,c234,c234,4
15950,c5,c5,3
15951,c5,c1,2
15952,c234,c5,3
15953,c234,c1,4
15954,c234,c1,0
15955,c1,c234,3
15956,c234,c234,2
15957,c234,c234,1
15958,c5,c1,3
15959,c234,c234,2
15960,c234,c234,4
15961,c5,c5,4
15962,c234,c1,3
15963,c1,c234,3
15964,c5,c234,1
15965,c5,c1,4
15966,c5,c5,2
15967,c1,c1,4
15968,c234,c5,4
15969,c1,c234,4
15970,c5,c234,1
15971,c5,c5,0
15972,c1,c1,0
15973,c1,c1,1
15974,c234,c5,3
15975,c5,c234,3
15976,c5,c234,0
15977,c1,c5,1
15978,c234,c234,2
15979,c234,c1,4
15980,c1,c1,2
15981,c1,c5,2
15982,c234,c1,2
15983,c5,c1,0
15984,c1,c1,2
15985,c1,c1,2
15986,c234,c1,1
15987,c5,c5,1
15988,c1,c234,1
15989,c234,c234,3
15990,c234,c1,4
15991,c234,c5,4
15992,c5,c1,1
15993,c5,c5,3
15994,c1,c1,1
15995,c1,c1,3
15996,c5,c5,4
15997,c234,c1,2
15998,c234,c5,1
15999,c5,c1,4
16000,c1,c5,0
16001,c1,c1,0
16002,c5,c1,2
16003,c234,c1,4
16004,c5,c5,4
16005,c1,c1,3
16006,c234,c234,4
16007,c5,c5,2
16008,c234,c234,2
16009,c1,c1,2
16010,c5,c5,0
16011,c1,c234,3
16012,c1,c1,0
16013,c234,c234,1
16014,c5,c5,4
16015,c234,c1,0
16016,c1,c234,3
16017,c1,c1,0
16018,c1,c234,0
16019,c234,c234,3
16020,c234,c234,2
16021,c1,c1,4
16022,c1,c5,1
16023,c5,c234,0
16024,c1,c1,4
16025,c234,c234,2
16026,c234,c234,4
16027,c234,c1,2
16028,c234,c5,3
16029,c5,c234,3
16030,c5,c5,0
16031,c5,c234,2
16032,c5,c5,2
16033,c5,c5,1
16034,c1,c1,2
16035,c1,c234,3
16036,c5,c5,4
16037,c5,c234,3
16038,c5,c5,1
16039,c5,c5,0
16040,c1,c1,3
16041,c1,c234,1
16042,c1,c1,0
16043,c234,c1,0
16044,c5,c5,1
16045,c234,c1,4
16046,c5,c5,1
16047,c1,c1,3
16048,c234,c234,2
16049,c1,c234,0
16050,c234,c1,2
16051,c5,c5,0
16052,c234,c5,2
16053,c234,c234,4
16054,c234,c1,4
16055,c234,c234,0
16056,c234,c1,2
16057,c5,c234,3
16058,c5,c5,2
16059,c5,c5,2
16060,c5,c1,2
16061,c234,c1,2
16062,c5,c1,3
16063,c234,c5,4
16064,c234,c1,1
16065,c1,c1,2
16066,c1,c5,4
16067,c1,c1,4
16068,c5,c5,3
16069,c1,c5,0
16070,c5,c234,1
16071,c5,c234,4
16072,c5,c234,3
16073,c234,c234,3
16074,c234,c5,0
16075,c1,c1,2
16076,c1,c5,4
16077,c234,c1,4
16078,c234,c234,2
16079,c5,c5,2
16080,c1,c234,3
16081,c5,c5,2
16082,c234,c1,0
16083,c1,c234,0
16084,c1,c234,4
16085,c1,c5,2
16086,c1,c1,4
16087,c234,c1,2
16088,c1,c1,0
16089,c1,c1,0
16090,c234,c1,2
16091,c234,c234,3
16092,c5,c5,2
16093,c1,c1,2
16094,c1,c234,4
16095,c234,c234,3
16096,c234,c5,4
16097,c5,c5,3
16098,c234,c234,4
16099,c5,c5,2
16100,c5,c5,3
16101,c5,c5,4
16102,c1,c1,1
16103,c1,c1,3
16104,c1,c1,1
16105,c5,c5,3
16106,c1,c1,2
16107,c234,c5,1
16108,c1,c5,0
16109,c5,c5,3
16110,c234,c5,1
16111,c234,c5,0
16112,c234,c5,2
16113,c5,c5,1
16114,c5,c5,4
16115,c5,c234,0
16116,c1,c234,2
16117,c234,c1,2
16118,c1,c1,4
16119,c5,c1,2
16120,c1,c1,4
16121,c5,c5,1
16122,c234,c1,1
16123,c234,c234,3
16124,c1,c1,0
16125,c1,c234,1
16126,c5,c5,4
16127,c1,c1,4
16128,c234,c234,0
16129,c5,c234,3
16130,c234,c234,4
16131,c5,c234,3
16132,c5,c234,0
16133,c234,c234,3
16134,c1,c234,3
16135,c1,c5,4
16136,c5,c1,3
16137,c1,c234,2
16138,c234,c234,2
16139,c5,c5,2
16140,c234,c5,0
16141,c1,c234,0
16142,c234,c5,0
16143,c5,c1,3
16144,c234,c1,4
16145,c5,c5,3
16146,c5,c5,4
16147,c234,c234,0
16148,c5,c1,4
16149,c5,c234,3
16150,c234,c1,1
16151,c234,c1,0
16152,c1,c1,0
16153,c234,c5,0
16154,c1,c5,0
16155,c234,c5,0
16156,c5,c5,0
16157,c234,c5,0
16158,c5,c5,3
16159,c5,c1,0
16160,c234,c234,2
16161,c5,c234,0
16162,c234,c234,3
16163,c234,c5,1
16164,c5,c5,4
16165,c234,c1,3
16166,c234,c5,4
16167,c1,c1,1
16168,c5,c234,2
16169,c5,c5,3
16170,c234,c234,2
16171,c234,c1,2
16172,c5,c234,0
16173,c1,c1,2
16174,c5,c234,1
16175,c1,c1,4
16176,c234,c1,0
16177,c1,c1,3
16178,c234,c1,4
16179,c1,c234,0
16180,c5,c5,0
16181,c5,c5,1
16182,c234,c5,2
16183,c234,c1,4
16184,c5,c5,0
16185,c234,c1,0
16186,c5,c234,3
16187,c5,c1,0
16188,c234,c1,4
16189,c1,c234,3
16190,c5,c5,4
16191,c1,c5,4
16192,c1,c1,0
16193,c5,c1,1
16194,c234,c5,0
16195,c1,c5,0
16196,c234,c5,2
16197,c5,c234,0
16198,c1,c1,4
16199,c1,c1,1
16200,c5,c1,2
16201,c234,c1,0
16202,c1,c234,1
16203,c234,c1,4
16204,c5,c1,2
16205,c1,c234,3
16206,c1,c5,0
16207,c1,c1,0
16208,c5,c5,3
16209,c234,c234,1
16210,c5,c5,3
16211,c5,c1,4
16212,c234,c1,4
16213,c5,c5,3
16214,c234,c1,0
16215,c1,c1,3
16216,c1,c5,0
16217,c5,c1,3
16218,c234,c234,2
16219,c1,c5,0
16220,c234,c1,3
16221,c5,c234,4
16222,c5,c5,4
16223,c234,c5,3
16224,c234,c5,2
16225,c1,c1,2
16226,c1,c1,2
16227,c234,c234,3
16228,c5,c5,4
16229,c234,c234,4
16230,c1,c1,1
16231,c1,c234,4
16232,c5,c234,1
16233,c5,c5,0
16234,c234,c234,2
16235,c5,c234,1
16236,c5,c5,3
16237,c5,c5,3
16238,c1,c234,1
16239,c234,c234,1
16240,c1,c1,1
16241,c1,c1,2
16242,c234,c1,1
16243,c234,c234,0
16244,c1,c1,4
16245,c5,c5,4
16246,c234,c234,0
16247,c234,c1,0
16248,c5,c234,4
16249,c1,c5,4
16250,c234,c234,1
16251,c234,c5,1
16252,c5,c5,4
16253,c234,c5,0
16254,c1,c234,1
16255,c5,c1,3
16256,c234,c5,1
16257,c234,c234,4
16258,c1,c1,2
16259,c234,c234,0
16260,c234,c234,1
16261,c234,c234,0
16262,c234,c1,0
16263,c5,c5,0
16264,c5,c234,2
16265,c1,c1,3
16266,c234,c1,2
16267,c1,c234,1
16268,c1,c1,2
16269,c234,c1,2
16270,c234,c5,1
16271,c5,c234,3
16272,c1,c234,3
16273,c234,c1,2
16274,c5,c1,0
16275,c234,c5,0
16276,c1,c1,2
16277,c1,c234,1
16278,c5,c5,0
16279,c234,c1,0
16280,c1,c5,1
16281,c1,c5,2
16282,c234,c1,1
16283,c5,c234,0
16284,c5,c5,3
16285,c5,c5,2
16286,c5,c1,0
16287,c1,c1,2
16288,c1,c1,0
16289,c234,c5,4
16290,c234,c5,3
16291,c1,c234,1
16292,c5,c5,1
16293,c5,c5,2
16294,c5,c5,1
16295,c1,c1,3
16296,c5,c234,1
16297,c1,c5,3
16298,c234,c234,0
16299,c1,c1,1
16300,c1,c5,1
16301,c1,c1,1
16302,c234,c5,0
16303,c234,c1,4
16304,c234,c5,0
16305,c234,c1,3
16306,c5,c5,4
16307,c234,c1,1
16308,c5,c234,1
16309,c234,c1,4
16310,c5,c5,4
16311,c5,c234,1
16312,c1,c1,4
16313,c1,c5,3
16314,c1,c5,4
16315,c1,c5,4
16316,c234,c234,3
16317,c5,c5,3
16318,c5,c234,0
16319,c1,c1,3
16320,c234,c1,0
16321,c5,c5,1
16322,c234,c5,0
16323,c5,c234,0
16324,c234,c234,2
16325,c234,c234,4
16326,c234,c5,3
16327,c5,c5,1
16328,c234,c234,0
16329,c234,c234,4
16330,c5,c5,0
16331,c5,c1,4
16332,c1,c1,0
16333,c234,c5,3
16334,c234,c234,0
16335,c1,c1,3
16336,c1,c234,4
16337,c5,c5,4
16338,c1,c234,4
16339,c234,c234,0
16340,c234,c5,1
16341,c1,c234,2
16342,c5,c5,3
16343,c234,c234,3
16344,c234,c1,3
16345,c5,c5,2
16346,c234,c234,1
16347,c1,c1,0
16348,c1,c1,1
16349,c234,c5,1
16350,c1,c1,4
16351,c234,c1,3
16352,c5,c234,2
16353,c1,c1,2
16354,c234,c234,1
16355,c234,c1,2
16356,c234,c5,4
16357,c1,c234,2
16358,c5,c5,0
16359,c1,c1,1
16360,c234,c234,0
16361,c1,c1,4
16362,c1,c1,4
16363,c1,c1,1
16364,c234,c1,2
16365,c234,c1,2
16366,c234,c1,1
16367,c1,c234,0
16368,c5,c234,1
16369,c5,c5,1
16370,c234,c5,4
16371,c234,c1,0
16372,c1,c5,3
16373,c234,c5,4
16374,c1,c5,2
16375,c5,c5,1
16376,c5,c5,0
16377,c5,c1,4
16378,c234,c5,1
16379,c5,c5,3
16380,c234,c5,3
16381,c5,c5,2
16382,c1,c1,3
16383,c234,c234,4
16384,c5,c234,1
16385,c1,c5,4
16386,c1,c1,2
16387,c234,c234,1
16388,c1,c1,0
16389,c234,c1,1
16390,c1,c1,1
16391,c5,c5,0
16392,c234,c1,1
16393,c234,c5,4
16394,c1,c1,2
16395,c5,c1,1
16396,c5,c234,1
16397,c234,c234,4
16398,c5,c234,3
16399,c5,c5,2
16400,c234,c5,1
16401,c5,c234,2
16402,c234,c234,2
16403,c5,c5,4
16404,c5,c5,4
16405,c234,c5,3
16406,c5,c5,3
16407,c5,c5,0
16408,c1,c1,3
16409,c5,c1,0
16410,c234,c1,3
16411,c234,c234,1
16412,c5,c5,3
16413,c234,c5,1
16414,c234,c5,1
16415,c5,c5,2
16416,c5,c1,1
16417,c234,c234,4
16418,c5,c5,1
16419,c1,c234,3
16420,c1,c1,0
16421,c1,c234,3
16422,c5,c5,3
16423,c5,c234,2
16424,c5,c5,1
16425,c5,c5,1
16426,c234,c1,0
16427,c234,c234,1
16428,c234,c5,4
16429,c234,c5,1
16430,c234,c1,4
16431,c234,c1,2
16432,c1,c1,3
16433,c234,c5,0
16434,c5,c234,1
16435,c234,c1,0
16436,c5,c234,0
16437,c1,c5,2
16438,c234,c234,2
16439,c234,c234,2
16440,c1,c1,1
16441,c1,c1,3
16442,c5,c5,1
16443,c234,c234,4
16444,c234,c1,3
16445,c5,c1,4
16446,c5,c1,0
16447,c234,c5,1
16448,c1,c1,1
16449,c234,c1,4
16450,c1,c1,4
16451,c1,c5,4
16452,c234,c1,2
16453,c1,c1,2
16454,c5,c1,4
16455,c234,c234,2
16456,c234,c5,2
16457,c234,c1,1
16458,c5,c5,4
16459,c5,c234,1
16460,c1,c1,1
16461,c5,c1,1
16462,c234,c1,3
16463,c5,c5,4
16464,c1,c1,2
16465,c5,c234,2
16466,c5,c5,2
16467,c234,c234,3
16468,c234,c1,1
16469,c1,c1,2
16470,c1,c234,4
16471,c5,c5,0
16472,c1,c234,4
16473,c234,c5,3
16474,c1,c1,0
16475,c234,c5,3
16476,c1,c1,3
16477,c234,c1,3
16478,c1,c1,0
16479,c1,c1,4
16480,c5,c1,2
16481,c5,c1,0
16482,c5,c1,2
16483,c1,c1,4
16484,c1,c1,0
16485,c5,c5,4
16486,c5,c5,4
16487,c5,c234,1
16488,c1,c1,1
16489,c234,c234,1
16490,c234,c1,4
16491,c1,c1,2
16492,c234,c5,1
16493,c234,c1,3
16494,c1,c234,0
16495,c234,c234,2
16496,c5,c234,0
16497,c1,c1,2
16498,c1,c1,1
16499,c5,c5,4
16500,c5,c5,4
16501,c5,c5,4
16502,c234,c1,4
16503,c234,c5,1
16504,c1,c1,3
16505,c1,c1,1
16506,c234,c1,1
16507,c234,c234,4
16508,c5,c234,1
16509,c234,c234,4
16510,c234,c234,3
16511,c1,c5,0
16512,c5,c234,2
16513,c1,c5,1
16514,c5,c234,0
16515,c1,c234,3
16516,c1,c5,3
16517,c234,c234,1
16518,c234,c1,4
16519,c5,c1,1
16520,c234,c234,0
16521,c5,c5,0
16522,c5,c234,3
16523,c1,c234,1
16524,c234,c1,4
16525,c1,c234,0
16526,c234,c234,2
16527,c234,c234,1
16528,c1,c1,4
16529,c1,c5,4
16530,c1,c234,3
16531,c1,c1,1
16532,c234,c1,2
16533,c234,c5,1
16534,c1,c234,1
16535,c1,c234,1
16536,c234,c234,4
16537,c1,c1,0
16538,c1,c234,4
16539,c234,c1,3
16540,c234,c234,0
16541,c1,c5,3
16542,c234,c234,4
16543,c1,c234,0
16544,c234,c1,1
16545,c1,c5,4
16546,c5,c1,1
16547,c1,c1,3
16548,c234,c1,3
16549,c5,c234,2
16550,c5,c5,1
16551,c234,c5,4
16552,c1,c5,1
16553,c5,c1,3
16554,c1,c1,0
16555,c1,c1,4
16556,c234,c234,0
16557,c1,c234,3
16558,c1,c1,3
16559,c1,c5,4
16560,c5,c1,1
16561,c234,c5,3
16562,c1,c1,1
16563,c5,c234,2
16564,c1,c5,2
16565,c1,c234,0
16566,c234,c1,0
16567,c234,c234,1
16568,c1,c5,0
16569,c5,c5,3
16570,c1,c234,1
16571,c234,c234,2
16572,c234,c234,2
16573,c1,c234,1
16574,c5,c234,2
16575,c1,c1,2
16576,c5,c5,4
16577,c5,c1,4
16578,c234,c234,4
16579,c1,c1,4
16580,c234,c5,2
16581,c5,c5,4
16582,c1,c1,0
16583,c1,c1,4
16584,c234,c5,4
16585,c234,c1,0
16586,c5,c234,4
16587,c234,c5,3
16588,c234,c1,4
16589,c5,c5,1
16590,c234,c1,3
16591,c234,c1,0
16592,c5,c5,3
16593,c5,c234,2
16594,c234,c1,2
16595,c1,c5,2
16596,c5,c1,1
16597,c234,c234,3
16598,c234,c5,3
16599,c234,c234,1
16600,c234,c5,2
16601,c5,c1,2
16602,c1,c1,2
16603,c234,c5,1
16604,c5,c1,0
16605,c1,c1,4
16606,c5,c5,3
16607,c1,c1,4
16608,c1,c5,4
16609,c5,c1,3
16610,c5,c1,3
16611,c5,c1,2
16612,c1,c5,4
16613,c5,c5,1
16614,c5,c1,4
16615,c5,c234,1
16616,c5,c234,2
16617,c234,c5,4
16618,c234,c1,3
16619,c1,c1,4
16620,c234,c1,2
16621,c234,c1,4
16622,c1,c5,2
16623,c234,c234,3
16624,c234,c1,2
16625,c1,c234,0
16626,c1,c1,0
16627,c1,c1,1
16628,c1,c1,0
16629,c5,c234,1
16630,c234,c5,4
16631,c234,c234,1
16632,c234,c234,4
16633,c5,c5,1
16634,c234,c1,2
16635,c1,c1,1
16636,c234,c234,4
16637,c234,c234,1
16638,c234,c5,1
16639,c5,c5,2
16640,c234,c234,4
16641,c1,c5,0
16642,c1,c1,1
16643,c5,c5,3
16644,c1,c1,1
16645,c1,c1,4
16646,c5,c234,0
16647,c234,c5,2
16648,c234,c1,4
16649,c234,c1,1
16650,c234,c5,1
16651,c234,c1,2
16652,c234,c234,3
16653,c5,c234,4
16654,c5,c5,0
16655,c234,c5,1
16656,c1,c234,0
16657,c5,c5,2
16658,c1,c1,2
16659,c5,c5,4
16660,c5,c5,0
16661,c1,c1,4
16662,c234,c5,2
16663,c5,c1,1
16664,c234,c5,0
16665,c5,c1,1
16666,c5,c234,0
16667,c234,c5,0
16668,c1,c1,0
16669,c5,c5,4
16670,c5,c5,1
16671,c1,c1,1
16672,c1,c1,2
16673,c234,c234,3
16674,c1,c5,1
16675,c5,c5,0
16676,c234,c5,2
16677,c1,c5,0
16678,c1,c1,3
16679,c1,c1,0
16680,c5,c1,2
16681,c1,c234,2
16682,c5,c1,0
16683,c1,c1,2
16684,c234,c5,0
16685,c234,c5,2
16686,c234,c1,4
16687,c1,c5,4
16688,c5,c234,1
16689,c5,c234,2
16690,c1,c5,2
16691,c1,c1,3
16692,c5,c1,2
16693,c1,c5,3
16694,c234,c1,1
16695,c234,c234,1
16696,c234,c234,2
16697,c5,c5,0
16698,c5,c1,1
16699,c234,c1,1
16700,c5,c234,2
16701,c1,c234,1
16702,c234,c5,0
16703,c5,c5,1
16704,c5,c234,2
16705,c234,c234,3
16706,c5,c234,2
16707,c5,c5,2
16708,c234,c1,3
16709,c5,c1,3
16710,c234,c5,4
16711,c1,c1,0
16712,c5,c5,0
16713,c5,c234,2
16714,c1,c1,1
16715,c234,c234,0
16716,c234,c234,1
16717,c234,c1,4
16718,c234,c5,3
16719,c1,c1,0
16720,c234,c5,3
16721,c1,c1,1
16722,c234,c1,0
16723,c234,c5,1
16724,c234,c5,0
16725,c234,c1,2
16726,c5,c234,3
16727,c1,c1,4
16728,c5,c1,1
16729,c234,c234,1
16730,c5,c5,4
16731,c5,c1,0
16732,c234,c5,0
16733,c1,c234,2
16734,c1,c5,0
16735,c5,c5,3
16736,c234,c234,4
16737,c1,c234,4
16738,c5,c1,0
16739,c5,c1,3
16740,c1,c1,1
16741,c234,c234,1
16742,c5,c1,0
16743,c5,c234,0
16744,c1,c1,0
16745,c234,c5,2
16746,c1,c1,2
16747,c5,c5,3
16748,c234,c1,3
16749,c5,c234,1
16750,c1,c5,0
16751,c234,c5,3
16752,c5,c5,3
16753,c5,c1,0
16754,c234,c1,0
16755,c1,c1,1
16756,c234,c1,0
16757,c1,c1,2
16758,c5,c1,2
16759,c234,c234,2
16760,c234,c1,4
16761,c1,c234,1
16762,c1,c1,1
16763,c1,c1,4
16764,c1,c5,4
16765,c5,c5,4
16766,c234,c234,1
16767,c5,c5,0
16768,c1,c1,1
16769,c234,c1,3
16770,c234,c1,0
16771,c5,c234,2
16772,c1,c1,3
16773,c1,c1,0
16774,c234,c234,2
16775,c5,c5,3
16776,c234,c234,3
16777,c5,c5,3
16778,c1,c1,2
16779,c234,c1,2
16780,c234,c1,1
16781,c5,c234,4
16782,c1,c234,3
16783,c234,c5,3
16784,c234,c234,3
16785,c5,c5,3
16786,c5,c5,1
16787,c234,c5,0
16788,c234,c234,2
16789,c5,c1,3
16790,c234,c5,1
16791,c1,c1,4
16792,c1,c1,0
16793,c5,c234,0
16794,c234,c1,0
16795,c1,c1,2
16796,c5,c5,0
16797,c234,c234,3
16798,c5,c5,0
16799,c234,c5,3
16800,c5,c5,3
16801,c1,c234,0
16802,c5,c5,0
16803,c5,c1,3
16804,c5,c234,1
16805,c234,c1,2
16806,c5,c234,4
16807,c5,c5,4
16808,c1,c1,1
16809,c234,c234,0
16810,c5,c1,1
16811,c1,c1,2
16812,c1,c1,1
16813,c1,c1,4
16814,c234,c1,2
16815,c234,c1,0
16816,c5,c234,2
16817,c5,c5,2
16818,c5,c1,2
16819,c234,c234,1
16820,c234,c234,2
16821,c1,c1,0
16822,c5,c234,0
16823,c5,c5,0
16824,c1,c234,0
16825,c5,c5,1
16826,c1,c234,3
16827,c5,c5,4
16828,c1,c1,2
16829,c234,c234,4
16830,c5,c5,3
16831,c5,c1,1
16832,c1,c1,4
16833,c1,c1,3
16834,c5,c5,3
16835,c5,c5,1
16836,c1,c234,3
16837,c234,c234,4
16838,c1,c1,1
16839,c234,c1,0
16840,c234,c1,4
16841,c234,c1,2
16842,c1,c234,0
16843,c1,c1,3
16844,c5,c234,2
16845,c5,c234,1
16846,c1,c5,4
16847,c1,c234,1
16848,c234,c234,1
16849,c1,c234,3
16850,c234,c1,3
16851,c1,c234,2
16852,c5,c5,1
16853,c234,c5,2
16854,c1,c1,4
16855,c234,c1,3
16856,c234,c1,2
16857,c234,c5,3
16858,c1,c1,1
16859,c5,c5,4
16860,c234,c5,3
16861,c5,c5,4
16862,c5,c234,4
16863,c234,c234,3
16864,c5,c5,1
16865,c234,c234,1
16866,c1,c5,1
16867,c234,c5,4
16868,c234,c5,4
16869,c1,c234,1
16870,c5,c1,0
16871,c5,c5,4
16872,c234,c234,3
16873,c1,c1,4
16874,c234,c5,4
16875,c1,c1,2
16876,c5,c1,2
16877,c1,c1,4
16878,c234,c234,2
16879,c5,c5,3
16880,c1,c1,4
16881,c234,c1,1
16882,c5,c5,3
16883,c5,c5,3
16884,c1,c1,2
16885,c234,c234,3
16886,c1,c5,2
16887,c5,c1,3
16888,c5,c234,1
16889,c234,c1,0
16890,c1,c5,1
16891,c1,c234,3
16892,c1,c5,3
16893,c234,c5,4
16894,c234,c5,3
16895,c234,c5,4
16896,c5,c5,0
16897,c5,c5,3
16898,c5,c5,2
16899,c1,c234,3
16900,c5,c5,4
16901,c1,c234,0
16902,c234,c5,2
16903,c234,c5,2
16904,c234,c1,0
16905,c234,c234,4
16906,c5,c234,3
16907,c5,c5,3
16908,c1,c5,1
16909,c5,c234,4
16910,c5,c5,1
16911,c1,c1,3
16912,c234,c5,4
16913,c1,c234,4
16914,c234,c234,4
16915,c234,c234,2
16916,c1,c5,0
16917,c5,c1,0
16918,c234,c1,3
16919,c234,c234,1
16920,c234,c5,2
16921,c5,c5,2
16922,c5,c234,4
16923,c234,c5,2
16924,c5,c1,1
16925,c234,c234,0
16926,c1,c1,0
16927,c234,c1,4
16928,c1,c1,4
16929,c234,c5,0
16930,c234,c5,4
16931,c5,c1,0
16932,c1,c234,3
16933,c1,c1,0
16934,c1,c234,4
16935,c1,c234,4
16936,c5,c1,0
16937,c234,c5,3
16938,c234,c1,1
16939,c1,c1,1
16940,c234,c1,4
16941,c5,c234,3
16942,c1,c234,2
16943,c1,c1,0
16944,c5,c234,4
16945,c234,c1,2
16946,c1,c234,3
16947,c1,c1,0
16948,c1,c1,4
16949,c5,c1,3
16950,c5,c5,4
16951,c234,c1,3
16952,c234,c5,4
16953,c5,c5,0
16954,c5,c5,1
16955,c234,c1,2
16956,c5,c5,4
16957,c5,c5,0
16958,c234,c5,0
16959,c1,c234,3
16960,c234,c234,4
16961,c1,c1,4
16962,c234,c234,4
16963,c1,c234,3
16964,c234,c1,1
16965,c1,c5,2
16966,c5,c234,4
16967,c234,c5,1
16968,c5,c1,3
16969,c5,c1,4
16970,c5,c1,1
16971,c234,c234,0
16972,c234,c5,1
16973,c5,c5,3
16974,c5,c234,2
16975,c1,c234,0
16976,c5,c5,2
16977,c234,c234,0
16978,c1,c1,4
16979,c5,c5,3
16980,c5,c5,3
16981,c5,c1,1
16982,c5,c234,3
16983,c5,c5,0
16984,c5,c5,2
16985,c5,c1,4
16986,c1,c1,0
16987,c5,c234,3
16988,c234,c234,0
16989,c234,c234,0
16990,c5,c1,3
16991,c1,c5,3
16992,c234,c1,1
16993,c234,c1,4
16994,c5,c5,3
16995,c5,c1,0
16996,c5,c5,2
16997,c5,c1,3
16998,c234,c5,0
16999,c234,c234,3
17000,c1,c1,2
17001,c1,c5,3
17002,c5,c5,3
17003,c1,c234,0
17004,c1,c5,1
17005,c5,c5,2
17006,c5,c234,1
17007,c5,c5,0
17008,c5,c234,4
17009,c234,c5,4
17010,c5,c5,0
17011,c1,c5,1
17012,c5,c1,2
17013,c234,c5,3
17014,c5,c5,4
17015,c5,c5,0
17016,c1,c234,0
17017,c234,c1,2
17018,c1,c1,4
17019,c5,c234,1
17020,c5,c5,4
17021,c5,c5,1
17022,c234,c1,0
17023,c1,c1,4
17024,c234,c5,2
17025,c1,c1,0
17026,c234,c234,0
17027,c1,c1,2
17028,c5,c1,4
17029,c5,c5,0
17030,c1,c1,0
17031,c1,c1,2
17032,c234,c1,3
17033,c1,c5,4
17034,c234,c234,3
17035,c234,c234,2
17036,c5,c234,1
17037,c1,c234,4
17038,c1,c1,2
17039,c234,c234,3
17040,c234,c1,3
17041,c1,c5,4
17042,c1,c234,3
17043,c1,c5,2
17044,c5,c5,3
17045,c1,c1,2
17046,c1,c1,0
17047,c5,c234,1
17048,c234,c234,0
17049,c5,c234,0
17050,c1,c1,1
17051,c5,c5,4
17052,c1,c234,4
17053,c234,c234,4
17054,c1,c1,1
17055,c1,c1,3
17056,c5,c5,2
17057,c1,c234,0
17058,c5,c1,1
17059,c5,c5,1
17060,c1,c1,2
17061,c234,c1,2
17062,c5,c234,0
17063,c234,c234,2
17064,c1,c1,4
17065,c5,c5,4
17066,c1,c234,3
17067,c5,c1,4
17068,c1,c5,1
17069,c234,c1,4
17070,c234,c234,4
17071,c5,c5,3
17072,c5,c5,1
17073,c5,c1,1
17074,c1,c1,2
17075,c1,c1,3
17076,c5,c5,4
17077,c234,c234,2
17078,c234,c234,2
17079,c234,c234,4
17080,c5,c234,2
17081,c1,c234,3
17082,c234,c234,2
17083,c234,c5,0
17084,c1,c1,3
17085,c5,c5,3
17086,c234,c1,2
17087,c5,c1,3
17088,c234,c5,1
17089,c5,c234,4
17090,c234,c5,1
17091,c5,c5,0
17092,c5,c1,2
17093,c5,c5,3
17094,c5,c5,3
17095,c1,c5,1
17096,c5,c5,0
17097,c1,c234,3
17098,c1,c234,1
17099,c234,c1,1
17100,c5,c5,0
17101,c1,c1,4
17102,c234,c5,2
17103,c1,c234,0
17104,c234,c1,4
17105,c1,c234,0
17106,c1,c1,0
17107,c5,c5,4
17108,c234,c234,3
17109,c5,c234,1
17110,c234,c1,2
17111,c1,c1,0
17112,c5,c234,3
17113,c5,c5,2
17114,c234,c5,3
17115,c1,c234,0
17116,c234,c5,3
17117,c1,c1,2
17118,c1,c1,1
17119,c1,c1,4
17120,c234,c234,2
17121,c5,c5,1
17122,c234,c234,4
17123,c234,c234,3
17124,c1,c1,2
17125,c234,c1,0
17126,c1,c234,3
17127,c234,c1,0
17128,c234,c1,0
17129,c1,c234,2
17130,c5,c5,1
17131,c234,c1,4
17132,c234,c5,3
17133,c1,c5,0
17134,c1,c1,4
17135,c1,c1,1
17136,c1,c234,1
17137,c5,c234,2
17138,c5,c5,2
17139,c234,c1,0
17140,c5,c1,1
17141,c234,c1,1
17142,c234,c1,3
17143,c5,c234,2
17144,c234,c5,3
17145,c234,c234,2
17146,c234,c5,4
17147,c234,c234,1
17148,c5,c234,1
17149,c1,c1,1
17150,c234,c1,3
17151,c1,c1,2
17152,c1,c234,1
17153,c5,c1,0
17154,c5,c234,0
17155,c5,c5,2
17156,c5,c1,0
17157,c234,c5,0
17158,c234,c1,0
17159,c1,c1,4
17160,c1,c1,3
17161,c1,c234,4
17162,c5,c5,2
17163,c5,c5,1
17164,c234,c5,1
17165,c234,c1,1
17166,c234,c234,0
17167,c234,c234,1
17168,c1,c1,0
17169,c5,c1,0
17170,c234,c234,0
17171,c1,c5,1
17172,c1,c5,4
17173,c1,c1,4
17174,c234,c1,0
17175,c234,c1,0
17176,c5,c1,3
17177,c5,c234,4
17178,c1,c1,0
17179,c234,c1,1
17180,c1,c1,1
17181,c5,c5,1
17182,c234,c1,0
17183,c234,c5,2
17184,c5,c5,1
17185,c1,c5,4
17186,c5,c1,2
17187,c1,c5,3
17188,c5,c234,0
17189,c5,c5,1
17190,c1,c234,2
17191,c234,c1,2
17192,c234,c234,4
17193,c5,c5,1
17194,c234,c234,3
17195,c234,c234,4
17196,c234,c234,4
17197,c5,c1,4
17198,c1,c1,2
17199,c234,c5,3
17200,c5,c5,4
17201,c234,c234,0
17202,c234,c234,3
17203,c234,c234,1
17204,c5,c5,3
17205,c1,c5,3
17206,c1,c1,0
17207,c234,c1,3
17208,c234,c5,2
17209,c234,c1,4
17210,c5,c5,1
17211,c234,c5,4
17212,c5,c5,4
17213,c234,c5,0
17214,c5,c5,1
17215,c5,c5,0
17216,c1,c1,1
17217,c5,c5,0
17218,c234,c1,0
17219,c5,c1,3
17220,c1,c5,1
17221,c234,c5,4
17222,c5,c5,3
17223,c5,c5,1
17224,c234,c5,2
17225,c234,c234,2
17226,c5,c234,0
17227,c1,c5,1
17228,c234,c5,4
17229,c5,c1,0
17230,c234,c234,1
17231,c234,c5,0
17232,c234,c234,0
17233,c5,c5,1
17234,c5,c234,3
17235,c5,c1,2
17236,c234,c5,3
17237,c5,c1,2
17238,c1,c5,1
17239,c234,c1,3
17240,c5,c5,0
17241,c234,c1,3
17242,c234,c1,0
17243,c1,c1,1
17244,c234,c5,0
17245,c234,c5,3
17246,c5,c5,2
17247,c5,c234,2
17248,c5,c234,1
17249,c5,c5,2
17250,c5,c5,2
17251,c234,c1,0
17252,c5,c234,3
17253,c5,c5,4
17254,c1,c1,3
17255,c5,c5,3
17256,c5,c234,1
17257,c234,c1,1
17258,c5,c234,1
17259,c1,c1,4
17260,c1,c5,1
17261,c5,c234,4
17262,c5,c1,2
17263,c5,c234,4
17264,c5,c5,1
17265,c234,c1,0
17266,c5,c1,2
17267,c1,c1,0
17268,c1,c5,4
17269,c1,c234,0
17270,c5,c1,2
17271,c1,c1,1
17272,c1,c5,2
17273,c1,c1,1
17274,c234,c1,2
17275,c234,c1,4
17276,c5,c1,3
17277,c5,c234,0
17278,c5,c5,0
17279,c234,c234,0
17280,c1,c5,0
17281,c234,c5,1
17282,c5,c5,0
17283,c1,c1,2
17284,c1,c5,2
17285,c1,c234,1
17286,c1,c1,0
17287,c1,c234,3
17288,c234,c1,1
17289,c1,c1,1
17290,c1,c1,0
17291,c5,c1,2
17292,c234,c234,3
17293,c5,c5,1
17294,c5,c5,4
17295,c5,c5,0
17296,c234,c234,4
17297,c1,c1,3
17298,c234,c1,2
17299,c1,c1,4
17300,c5,c234,2
17301,c1,c234,4
17302,c234,c234,1
17303,c5,c5,0
17304,c5,c234,2
17305,c5,c1,2
17306,c5,c234,1
17307,c234,c5,1
17308,c1,c1,4
17309,c1,c1,4
17310,c234,c5,1
17311,c1,c1,3
17312,c1,c234,4
17313,c1,c1,2
17314,c1,c234,3
17315,c5,c5,0
17316,c234,c5,0
17317,c5,c5,2
17318,c1,c1,1
17319,c5,c5,2
17320,c5,c1,3
17321,c234,c234,4
17322,c234,c234,0
17323,c234,c5,3
17324,c5,c5,4
17325,c1,c1,3
17326,c5,c234,3
17327,c234,c234,4
17328,c5,c5,1
17329,c1,c1,1
17330,c234,c5,1
17331,c234,c234,1
17332,c5,c5,3
17333,c5,c5,0
17334,c5,c5,1
17335,c1,c1,2
17336,c5,c1,3
17337,c1,c1,1
17338,c1,c1,1
17339,c5,c5,3
17340,c5,c1,4
17341,c5,c5,1
17342,c5,c5,1
17343,c5,c5,1
17344,c5,c234,1
17345,c1,c1,2
17346,c5,c1,0
17347,c1,c5,2
17348,c5,c234,3
17349,c234,c5,2
17350,c5,c5,1
17351,c1,c5,4
17352,c1,c5,0
17353,c5,c234,3
17354,c234,c234,0
17355,c5,c1,2
17356,c234,c5,2
17357,c234,c234,3
17358,c1,c1,2
17359,c5,c5,1
17360,c1,c5,0
17361,c5,c5,1
17362,c5,c5,0
17363,c234,c234,2
17364,c1,c234,4
17365,c5,c1,4
17366,c234,c1,0
17367,c234,c234,1
17368,c1,c1,1
17369,c1,c1,1
17370,c234,c234,0
17371,c5,c234,0
17372,c234,c234,4
17373,c234,c5,1
17374,c5,c5,1
17375,c5,c5,2
17376,c234,c234,1
17377,c5,c5,0
17378,c234,c5,3
17379,c234,c1,0
17380,c234,c234,0
17381,c234,c1,3
17382,c1,c5,2
17383,c234,c1,0
17384,c1,c1,3
17385,c5,c1,4
17386,c5,c5,1
17387,c234,c1,4
17388,c234,c1,0
17389,c5,c234,4
17390,c5,c5,3
17391,c234,c234,1
17392,c1,c5,2
17393,c1,c1,1
17394,c5,c234,3
17395,c1,c1,1
17396,c5,c234,2
17397,c5,c234,2
17398,c234,c5,4
17399,c5,c5,4
17400,c5,c5,3
17401,c1,c234,1
17402,c1,c234,3
17403,c1,c234,0
17404,c1,c1,3
17405,c1,c234,0
17406,c234,c1,4
17407,c1,c5,2
17408,c234,c5,3
17409,c234,c234,1
17410,c234,c5,4
17411,c5,c234,1
17412,c234,c5,2
17413,c234,c5,0
17414,c5,c234,1
17415,c234,c5,1
17416,c234,c5,4
17417,c1,c1,3
17418,c234,c1,4
17419,c234,c234,2
17420,c1,c234,4
17421,c234,c5,0
17422,c5,c1,1
17423,c1,c5,2
17424,c234,c1,4
17425,c1,c234,1
17426,c234,c234,0
17427,c1,c234,1
17428,c5,c1,3
17429,c1,c234,3
17430,c1,c5,2
17431,c234,c234,3
17432,c234,c5,1
17433,c1,c234,1
17434,c1,c234,2
17435,c1,c1,4
17436,c234,c1,0
17437,c234,c5,3
17438,c234,c5,2
17439,c234,c1,4
17440,c234,c5,2
17441,c1,c1,1
17442,c1,c234,2
17443,c5,c1,0
17444,c234,c1,3
17445,c1,c234,3
17446,c234,c1,3
17447,c234,c234,4
17448,c1,c5,2
17449,c5,c1,3
17450,c1,c234,4
17451,c1,c5,4
17452,c234,c1,4
17453,c5,c1,3
17454,c5,c1,3
17455,c234,c1,1
17456,c5,c1,4
17457,c5,c5,2
17458,c5,c234,1
17459,c234,c1,2
17460,c5,c5,4
17461,c5,c1,3
17462,c234,c1,2
17463,c5,c1,0
17464,c1,c5,1
17465,c234,c1,1
17466,c234,c234,0
17467,c234,c234,3
17468,c5,c5,4
17469,c1,c1,3
17470,c234,c1,3
17471,c1,c5,2
17472,c1,c1,0
17473,c5,c5,0
17474,c1,c1,1
17475,c1,c234,1
17476,c234,c234,1
17477,c234,c1,2
17478,c5,c5,2
17479,c1,c1,0
17480,c1,c1,3
17481,c1,c1,1
17482,c5,c5,4
17483,c5,c5,2
17484,c234,c1,0
17485,c1,c1,3
17486,c5,c5,3
17487,c1,c1,4
17488,c234,c1,0
17489,c1,c5,0
17490,c5,c5,3
17491,c234,c5,1
17492,c1,c1,0
17493,c5,c5,2
17494,c1,c1,0
17495,c1,c1,1
17496,c234,c5,1
17497,c234,c1,3
17498,c1,c1,1
17499,c1,c5,2
17500,c5,c234,2
17501,c234,c5,3
17502,c1,c1,4
17503,c5,c5,1
17504,c1,c1,1
17505,c5,c1,3
17506,c5,c5,4
17507,c234,c1,4
17508,c234,c5,4
17509,c234,c234,2
17510,c234,c234,0
17511,c1,c1,2
17512,c234,c234,1
17513,c5,c1,3
17514,c234,c1,1
17515,c5,c234,0
17516,c5,c1,2
17517,c1,c1,1
17518,c234,c234,0
17519,c234,c1,0
17520,c5,c5,4
17521,c5,c234,4
17522,c234,c234,0
17523,c1,c5,0
17524,c5,c234,2
17525,c1,c234,2
17526,c5,c1,3
17527,c1,c1,3
17528,c5,c5,0
17529,c5,c1,4
17530,c234,c1,1
17531,c1,c1,1
17532,c234,c234,4
17533,c1,c234,2
17534,c1,c1,4
17535,c1,c1,0
17536,c5,c234,1
17537,c5,c1,4
17538,c234,c5,2
17539,c5,c1,4
17540,c234,c5,1
17541,c234,c1,2
17542,c5,c234,3
17543,c234,c1,4
17544,c1,c1,3
17545,c234,c1,4
17546,c5,c5,4
17547,c5,c5,1
17548,c5,c1,2
17549,c234,c5,0
17550,c234,c234,4
17551,c5,c5,4
17552,c5,c5,2
17553,c234,c5,4
17554,c1,c234,2
17555,c1,c5,4
17556,c234,c234,3
17557,c5,c5,3
17558,c1,c1,3
17559,c234,c234,0
17560,c5,c5,3
17561,c5,c1,0
17562,c1,c5,0
17563,c5,c1,1
17564,c5,c5,4
17565,c1,c1,3
17566,c1,c1,3
17567,c1,c1,1
17568,c234,c234,4
17569,c234,c234,1
17570,c5,c5,3
17571,c5,c1,4
17572,c1,c1,4
17573,c5,c1,1
17574,c5,c234,0
17575,c5,c234,0
17576,c1,c1,2
17577,c5,c1,2
17578,c1,c5,4
17579,c5,c234,4
17580,c234,c234,2
17581,c1,c1,1
17582,c234,c5,0
17583,c234,c5,3
17584,c234,c234,1
17585,c1,c234,2
17586,c234,c5,2
17587,c1,c1,0
17588,c5,c1,4
17589,c1,c1,3
17590,c234,c1,0
17591,c1,c5,3
17592,c5,c1,1
17593,c5,c5,2
17594,c1,c234,4
17595,c5,c1,2
17596,c234,c1,2
17597,c1,c5,4
17598,c1,c1,3
17599,c5,c234,3
17600,c5,c5,1
17601,c1,c1,1
17602,c234,c234,2
17603,c234,c1,4
17604,c234,c5,3
17605,c234,c234,3
17606,c234,c234,2
17607,c234,c234,4
17608,c1,c5,3
17609,c234,c5,4
17610,c1,c5,2
17611,c5,c1,0
17612,c1,c1,2
17613,c234,c5,0
17614,c5,c5,1
17615,c234,c1,1
17616,c234,c1,4
17617,c1,c5,4
17618,c234,c5,3
17619,c234,c1,4
17620,c5,c5,2
17621,c234,c1,0
17622,c1,c1,3
17623,c1,c1,3
17624,c5,c5,4
17625,c5,c234,1
17626,c234,c5,1
17627,c5,c5,0
17628,c5,c1,2
17629,c234,c1,3
17630,c234,c1,3
17631,c5,c5,0
17632,c1,c1,4
17633,c5,c1,0
17634,c5,c5,1
17635,c1,c1,4
17636,c1,c5,0
17637,c5,c234,4
17638,c1,c234,1
17639,c1,c5,4
17640,c234,c1,2
17641,c5,c1,3
17642,c1,c234,1
17643,c1,c5,2
17644,c1,c1,3
17645,c1,c5,1
17646,c5,c5,1
17647,c234,c5,2
17648,c1,c234,4
17649,c5,c5,2
17650,c1,c5,0
17651,c5,c1,3
17652,c1,c234,1
17653,c1,c1,4
17654,c1,c234,3
17655,c234,c234,1
17656,c234,c1,3
17657,c1,c234,4
17658,c1,c5,4
17659,c5,c234,2
17660,c5,c5,4
17661,c1,c5,1
17662,c5,c1,3
17663,c1,c1,3
17664,c1,c5,1
17665,c234,c5,4
17666,c5,c5,3
17667,c5,c1,2
17668,c5,c5,4
17669,c234,c5,1
17670,c234,c1,0
17671,c234,c5,3
17672,c1,c1,0
17673,c1,c5,4
17674,c234,c234,0
17675,c1,c1,4
17676,c234,c5,0
17677,c1,c1,1
17678,c5,c5,4
17679,c234,c1,1
17680,c1,c5,0
17681,c5,c234,0
17682,c234,c1,4
17683,c1,c1,0
17684,c234,c5,2
17685,c234,c5,3
17686,c5,c5,2
17687,c5,c5,1
17688,c5,c234,0
17689,c5,c234,4
17690,c234,c234,3
17691,c1,c1,0
17692,c234,c1,1
17693,c1,c1,4
17694,c234,c234,0
17695,c234,c5,4
17696,c1,c234,3
17697,c234,c5,4
17698,c1,c1,3
17699,c5,c234,3
17700,c5,c5,1
17701,c234,c1,0
17702,c234,c234,0
17703,c5,c234,0
17704,c1,c234,2
17705,c1,c1,4
17706,c234,c5,4
17707,c234,c1,4
17708,c234,c234,1
17709,c5,c1,4
17710,c1,c234,0
17711,c1,c5,2
17712,c234,c234,2
17713,c1,c1,3
17714,c234,c234,1
17715,c1,c1,4
17716,c5,c234,4
17717,c234,c5,3
17718,c1,c234,2
17719,c1,c234,3
17720,c5,c1,0
17721,c234,c1,3
17722,c234,c1,1
17723,c234,c1,2
17724,c5,c5,2
17725,c5,c5,3
17726,c234,c1,4
17727,c5,c1,3
17728,c234,c5,2
17729,c1,c1,2
17730,c5,c234,1
17731,c234,c234,3
17732,c234,c234,2
17733,c1,c234,0
17734,c1,c1,2
17735,c234,c1,3
17736,c1,c234,4
17737,c5,c1,3
17738,c5,c5,3
17739,c1,c1,2
17740,c234,c234,3
17741,c1,c1,2
17742,c5,c234,3
17743,c1,c5,2
17744,c5,c5,0
17745,c5,c5,0
17746,c5,c234,4
17747,c234,c234,0
17748,c1,c234,3
17749,c234,c234,2
17750,c1,c5,4
17751,c5,c5,3
17752,c5,c234,0
17753,c1,c5,4
17754,c234,c5,0
17755,c5,c234,1
17756,c5,c5,4
17757,c234,c1,1
17758,c1,c1,1
17759,c234,c234,2
17760,c5,c1,2
17761,c234,c1,2
17762,c1,c1,4
17763,c1,c5,0
17764,c5,c234,0
17765,c234,c234,2
17766,c1,c5,3
17767,c5,c1,4
17768,c234,c5,3
17769,c234,c234,3
17770,c234,c1,3
17771,c234,c1,3
17772,c5,c5,2
17773,c5,c5,4
17774,c5,c5,2
17775,c5,c1,4
17776,c234,c234,1
17777,c234,c234,2
17778,c234,c234,1
17779,c234,c5,3
17780,c5,c234,2
17781,c234,c1,4
17782,c1,c1,1
17783,c1,c5,4
17784,c234,c5,4
17785,c1,c234,1
17786,c5,c5,0
17787,c1,c1,4
17788,c234,c234,0
17789,c234,c234,3
17790,c1,c5,1
17791,c234,c234,1
17792,c5,c234,4
17793,c234,c1,1
17794,c1,c1,1
17795,c234,c5,3
17796,c5,c1,3
17797,c5,c5,1
17798,c1,c5,0
17799,c5,c1,0
17800,c234,c234,3
17801,c5,c5,2
17802,c5,c234,0
17803,c1,c234,3
17804,c1,c234,3
17805,c5,c5,1
17806,c5,c5,2
17807,c234,c1,3
17808,c234,c1,0
17809,c5,c234,0
17810,c5,c5,2
17811,c5,c1,3
17812,c5,c1,1
17813,c234,c1,1
17814,c5,c234,1
17815,c1,c1,1
17816,c5,c1,2
17817,c234,c234,4
17818,c234,c5,1
17819,c234,c1,2
17820,c5,c234,2
17821,c1,c234,1
17822,c234,c234,2
17823,c5,c5,2
17824,c5,c234,1
17825,c234,c1,1
17826,c5,c5,4
17827,c1,c1,4
17828,c1,c234,3
17829,c1,c5,3
17830,c234,c5,1
17831,c5,c234,2
17832,c1,c1,4
17833,c5,c5,4
17834,c1,c5,0
17835,c1,c1,1
17836,c1,c234,1
17837,c1,c5,2
17838,c5,c1,3
17839,c234,c234,2
17840,c234,c1,2
17841,c5,c234,0
17842,c234,c1,0
17843,c1,c5,2
17844,c234,c1,4
17845,c234,c1,0
17846,c1,c234,3
17847,c1,c1,3
17848,c5,c5,4
17849,c5,c5,4
17850,c1,c5,4
17851,c5,c5,3
17852,c234,c234,1
17853,c1,c1,4
17854,c1,c5,1
17855,c234,c5,2
17856,c1,c234,1
17857,c5,c5,3
17858,c1,c234,1
17859,c1,c234,4
17860,c5,c234,0
17861,c5,c234,4
17862,c1,c234,3
17863,c234,c1,0
17864,c234,c234,1
17865,c5,c234,4
17866,c234,c1,4
17867,c234,c1,3
17868,c5,c5,4
17869,c234,c1,3
17870,c5,c5,3
17871,c1,c1,0
17872,c234,c234,2
17873,c5,c234,2
17874,c5,c1,3
17875,c1,c1,2
17876,c5,c5,3
17877,c1,c234,0
17878,c5,c1,3
17879,c5,c5,0
17880,c5,c234,1
17881,c234,c5,0
17882,c1,c5,4
17883,c5,c5,0
17884,c234,c234,3
17885,c234,c234,4
17886,c5,c5,0
17887,c5,c234,1
17888,c234,c5,1
17889,c5,c1,2
17890,c5,c5,4
17891,c5,c1,3
17892,c5,c234,4
17893,c1,c234,1
17894,c234,c234,0
17895,c234,c1,1
17896,c1,c1,4
17897,c234,c5,0
17898,c1,c234,4
17899,c5,c234,2
17900,c5,c234,0
17901,c5,c1,3
17902,c234,c5,0
17903,c5,c1,0
17904,c234,c1,4
17905,c234,c234,0
17906,c1,c5,3
17907,c1,c1,1
17908,c5,c1,0
17909,c234,c1,4
17910,c234,c234,1
17911,c1,c1,0
17912,c1,c234,0
17913,c5,c234,4
17914,c234,c234,1
17915,c5,c5,4
17916,c234,c5,3
17917,c1,c5,0
17918,c5,c5,3
17919,c5,c1,3
17920,c5,c234,4
17921,c1,c5,0
17922,c234,c234,0
17923,c5,c1,2
17924,c234,c5,0
17925,c1,c234,1
17926,c5,c5,3
17927,c234,c1,2
17928,c234,c5,1
17929,c5,c234,1
17930,c5,c234,4
17931,c5,c234,0
17932,c5,c1,4
17933,c234,c234,0
17934,c234,c1,2
17935,c1,c234,2
17936,c234,c1,1
17937,c234,c1,4
17938,c5,c5,2
17939,c1,c1,4
17940,c234,c5,1
17941,c5,c234,4
17942,c1,c234,4
17943,c234,c1,1
17944,c5,c1,4
17945,c5,c5,4
17946,c234,c5,0
17947,c1,c5,0
17948,c5,c5,3
17949,c1,c234,3
17950,c1,c1,1
17951,c1,c5,4
17952,c234,c234,2
17953,c1,c1,4
17954,c1,c5,4
17955,c1,c5,2
17956,c5,c5,4
17957,c234,c5,2
17958,c5,c1,2
17959,c1,c1,1
17960,c234,c1,4
17961,c1,c5,4
17962,c1,c5,2
17963,c234,c5,0
17964,c234,c1,4
17965,c234,c1,2
17966,c234,c5,4
17967,c1,c5,2
17968,c1,c234,0
17969,c5,c5,0
17970,c234,c234,4
17971,c5,c1,0
17972,c234,c1,4
17973,c234,c234,3
17974,c234,c1,2
17975,c1,c1,2
17976,c234,c5,3
17977,c234,c234,1
17978,c234,c234,1
17979,c1,c234,3
17980,c5,c234,3
17981,c234,c234,0
17982,c1,c234,4
17983,c1,c1,4
17984,c234,c234,4
17985,c1,c234,4
17986,c5,c5,4
17987,c5,c5,2
17988,c1,c1,4
17989,c5,c5,2
17990,c1,c5,2
17991,c234,c5,2
17992,c234,c1,0
17993,c5,c1,2
17994,c1,c1,1
17995,c234,c1,4
17996,c1,c1,2
17997,c234,c5,3
17998,c1,c1,1
17999,c1,c1,4
18000,c234,c5,1
18001,c5,c5,4
18002,c5,c5,4
18003,c1,c1,0
18004,c1,c1,1
18005,c5,c5,3
18006,c1,c234,2
18007,c234,c1,4
18008,c234,c234,0
18009,c5,c5,2
18010,c234,c1,2
18011,c1,c234,2
18012,c1,c1,3
18013,c1,c5,1
18014,c5,c5,3
18015,c234,c1,3
18016,c1,c5,3
18017,c5,c5,2
18018,c1,c234,0
18019,c1,c5,2
18020,c1,c234,0
18021,c234,c234,1
18022,c1,c234,1
18023,c5,c5,4
18024,c5,c1,4
18025,c234,c1,1
18026,c234,c1,4
18027,c1,c1,3
18028,c5,c5,0
18029,c5,c1,3
18030,c5,c234,3
18031,c1,c1,1
18032,c1,c1,0
18033,c5,c5,4
18034,c1,c1,4
18035,c1,c234,2
18036,c5,c1,1
18037,c5,c5,0
18038,c1,c234,1
18039,c1,c5,0
18040,c5,c5,0
18041,c234,c1,2
18042,c1,c1,3
18043,c234,c234,3
18044,c5,c5,4
18045,c1,c234,0
18046,c234,c234,2
18047,c234,c1,1
18048,c234,c5,0
18049,c1,c1,3
18050,c5,c1,0
18051,c5,c5,3
18052,c5,c5,2
18053,c5,c5,2
18054,c234,c234,1
18055,c1,c1,2
18056,c1,c234,2
18057,c5,c234,0
18058,c1,c5,1
18059,c234,c5,2
18060,c5,c5,2
18061,c1,c5,0
18062,c1,c234,3
18063,c5,c234,4
18064,c234,c5,4
18065,c5,c234,2
18066,c1,c1,2
18067,c5,c234,1
18068,c234,c5,2
18069,c1,c234,0
18070,c234,c1,3
18071,c234,c5,0
18072,c1,c234,1
18073,c5,c234,0
18074,c234,c234,1
18075,c5,c5,4
18076,c1,c1,0
18077,c234,c5,0
18078,c5,c234,3
18079,c1,c1,2
18080,c5,c1,2
18081,c5,c5,4
18082,c1,c234,1
18083,c5,c5,0
18084,c234,c5,2
18085,c234,c1,3
18086,c234,c234,4
18087,c5,c5,4
18088,c5,c1,1
18089,c234,c5,4
18090,c234,c234,4
18091,c234,c234,2
18092,c5,c1,4
18093,c1,c1,1
18094,c234,c234,2
18095,c234,c5,4
18096,c1,c234,1
18097,c1,c1,3
18098,c1,c234,1
18099,c234,c1,3
18100,c5,c234,3
18101,c234,c234,0
18102,c1,c1,3
18103,c1,c1,3
18104,c5,c5,2
18105,c234,c5,3
18106,c234,c1,0
18107,c1,c234,3
18108,c1,c234,4
18109,c1,c1,1
18110,c1,c234,1
18111,c234,c5,0
18112,c1,c234,2
18113,c1,c1,3
18114,c5,c234,4
18115,c5,c5,1
18116,c1,c1,1
18117,c1,c1,3
18118,c234,c1,0
18119,c1,c234,0
18120,c234,c1,1
18121,c5,c1,3
18122,c1,c234,0
18123,c5,c5,1
18124,c5,c234,3
18125,c1,c1,2
18126,c234,c234,0
18127,c5,c5,2
18128,c1,c5,0
18129,c5,c5,1
18130,c234,c234,2
18131,c5,c5,2
18132,c5,c5,3
18133,c1,c1,3
18134,c234,c234,4
18135,c1,c1,4
18136,c1,c5,2
18137,c1,c1,2
18138,c1,c5,0
18139,c5,c5,2
18140,c5,c234,4
18141,c5,c5,2
18142,c5,c5,3
18143,c234,c234,1
18144,c5,c5,1
18145,c5,c5,4
18146,c234,c1,2
18147,c5,c5,1
18148,c1,c5,2
18149,c5,c5,0
18150,c5,c1,1
18151,c234,c5,3
18152,c5,c234,3
18153,c234,c5,3
18154,c234,c5,3
18155,c1,c1,1
18156,c1,c1,2
18157,c234,c5,4
18158,c5,c5,1
18159,c234,c1,2
18160,c5,c5,3
18161,c234,c234,1
18162,c5,c1,0
18163,c234,c1,3
18164,c234,c234,0
18165,c1,c234,4
18166,c1,c234,2
18167,c234,c5,1
18168,c1,c1,2
18169,c234,c5,3
18170,c234,c234,1
18171,c1,c1,2
18172,c234,c1,2
18173,c1,c234,4
18174,c1,c234,3
18175,c234,c1,3
18176,c5,c234,2
18177,c1,c5,1
18178,c5,c234,2
18179,c234,c234,2
18180,c1,c5,1
18181,c234,c1,4
18182,c1,c234,0
18183,c5,c5,3
18184,c1,c1,4
18185,c5,c5,1
18186,c234,c1,4
18187,c1,c5,4
18188,c5,c5,1
18189,c234,c5,1
18190,c234,c5,4
18191,c234,c1,1
18192,c5,c5,1
18193,c1,c234,2
18194,c5,c1,4
18195,c234,c5,1
18196,c234,c1,2
18197,c5,c234,3
18198,c1,c234,0
18199,c234,c5,1
18200,c234,c1,3
18201,c5,c1,3
18202,c5,c5,2
18203,c5,c5,0
18204,c234,c1,4
18205,c5,c234,1
18206,c5,c5,3
18207,c1,c1,0
18208,c234,c1,0
18209,c1,c5,1
18210,c1,c1,4
18211,c5,c5,3
18212,c5,c5,4
18213,c234,c234,0
18214,c1,c1,0
18215,c1,c234,4
18216,c234,c5,1
18217,c234,c1,1
18218,c5,c1,0
18219,c234,c5,1
18220,c1,c234,3
18221,c1,c1,0
18222,c1,c1,3
18223,c234,c234,2
18224,c234,c1,1
18225,c5,c5,3
18226,c1,c1,4
18227,c5,c234,0
18228,c1,c1,3
18229,c234,c1,3
18230,c1,c1,4
18231,c5,c1,3
18232,c5,c5,4
18233,c234,c234,0
18234,c5,c5,2
18235,c5,c5,2
18236,c1,c5,0
18237,c1,c1,1
18238,c5,c5,4
18239,c234,c5,1
18240,c234,c1,0
18241,c1,c1,1
18242,c1,c1,3
18243,c234,c1,0
18244,c234,c234,3
18245,c1,c234,0
18246,c234,c1,3
18247,c234,c5,0
18248,c1,c234,3
18249,c234,c1,1
18250,c234,c1,3
18251,c234,c1,3
18252,c5,c234,4
18253,c1,c234,0
18254,c1,c1,4
18255,c5,c5,0
18256,c1,c1,2
18257,c234,c1,3
18258,c5,c1,2
18259,c1,c1,4
18260,c5,c1,1
18261,c5,c5,3
18262,c234,c5,3
18263,c1,c5,3
18264,c1,c5,1
18265,c234,c5,3
18266,c234,c1,0
18267,c234,c1,2
18268,c5,c234,0
18269,c234,c1,0
18270,c1,c5,0
18271,c234,c1,2
18272,c1,c5,3
18273,c5,c234,0
18274,c234,c1,1
18275,c234,c234,0
18276,c234,c234,0
18277,c5,c5,1
18278,c234,c5,0
18279,c234,c1,2
18280,c5,c5,1
18281,c234,c1,2
18282,c1,c5,0
18283,c5,c5,0
18284,c5,c5,1
18285,c5,c5,3
18286,c5,c234,4
18287,c5,c1,4
18288,c234,c5,2
18289,c5,c234,0
18290,c1,c234,0
18291,c234,c234,3
18292,c1,c1,1
18293,c5,c5,2
18294,c234,c1,2
18295,c234,c234,4
18296,c5,c5,4
18297,c5,c5,2
18298,c5,c1,2
18299,c234,c1,0
18300,c234,c1,0
18301,c234,c234,0
18302,c234,c5,2
18303,c1,c5,3
18304,c1,c234,4
18305,c234,c1,3
18306,c1,c234,4
18307,c234,c234,3
18308,c5,c234,0
18309,c234,c234,0
18310,c234,c234,3
18311,c234,c5,2
18312,c5,c234,0
18313,c234,c234,0
18314,c5,c234,0
18315,c5,c1,1
18316,c1,c234,0
18317,c234,c5,2
18318,c234,c234,2
18319,c234,c234,1
18320,c234,c5,1
18321,c234,c5,4
18322,c234,c234,0
18323,c5,c234,1
18324,c5,c234,1
18325,c5,c5,2
18326,c5,c5,0
18327,c1,c5,0
18328,c1,c5,2
18329,c234,c234,1
18330,c1,c1,1
18331,c1,c5,3
18332,c5,c5,0
18333,c234,c5,3
18334,c234,c1,3
18335,c5,c234,1
18336,c5,c5,3
18337,c1,c234,0
18338,c1,c1,2
18339,c234,c5,2
18340,c5,c234,3
18341,c234,c1,4
18342,c1,c5,3
18343,c1,c1,0
18344,c234,c1,3
18345,c5,c5,4
18346,c234,c5,2
18347,c5,c5,2
18348,c5,c234,1
18349,c5,c5,3
18350,c5,c5,0
18351,c234,c234,3
18352,c1,c5,3
18353,c5,c5,2
18354,c234,c1,3
18355,c5,c1,3
18356,c1,c5,4
18357,c234,c1,2
18358,c1,c1,1
18359,c234,c5,0
18360,c1,c5,4
18361,c234,c234,4
18362,c234,c234,4
18363,c234,c1,0
18364,c1,c234,2
18365,c234,c234,0
18366,c5,c234,2
18367,c5,c5,0
18368,c234,c234,4
18369,c5,c1,0
18370,c234,c5,3
18371,c234,c1,0
18372,c1,c1,4
18373,c1,c234,4
18374,c234,c1,1
18375,c5,c234,4
18376,c1,c1,0
18377,c234,c1,2
18378,c5,c1,0
18379,c5,c5,4
18380,c1,c234,0
18381,c1,c1,1
18382,c5,c1,1
18383,c1,c5,4
18384,c1,c234,4
18385,c1,c234,4
18386,c234,c5,3
18387,c5,c234,2
18388,c234,c234,2
18389,c1,c234,1
18390,c5,c1,2
18391,c1,c1,3
18392,c234,c234,3
18393,c234,c234,0
18394,c5,c234,1
18395,c234,c5,1
18396,c234,c234,1
18397,c5,c5,0
18398,c234,c5,3
18399,c1,c1,3
18400,c234,c234,1
18401,c5,c234,3
18402,c1,c1,3
18403,c5,c234,1
18404,c5,c234,3
18405,c1,c1,4
18406,c234,c5,4
18407,c5,c1,4
18408,c234,c1,4
18409,c234,c1,0
18410,c5,c5,2
18411,c234,c234,1
18412,c5,c234,1
18413,c5,c1,0
18414,c1,c5,3
18415,c234,c1,1
18416,c5,c5,4
18417,c234,c5,3
18418,c234,c234,4
18419,c5,c5,4
18420,c234,c1,3
18421,c1,c1,0
18422,c1,c1,1
18423,c1,c1,2
18424,c5,c1,4
18425,c5,c1,2
18426,c5,c5,2
18427,c5,c5,4
18428,c234,c234,3
18429,c1,c1,0
18430,c5,c5,1
18431,c1,c234,0
18432,c1,c234,1
18433,c1,c1,1
18434,c234,c234,4
18435,c1,c234,2
18436,c1,c234,3
18437,c234,c234,3
18438,c5,c234,0
18439,c1,c1,2
18440,c1,c5,3
18441,c5,c1,4
18442,c5,c5,2
18443,c234,c1,2
18444,c234,c234,0
18445,c234,c5,1
18446,c1,c1,1
18447,c5,c5,3
18448,c234,c234,1
18449,c1,c1,2
18450,c5,c5,0
18451,c5,c5,3
18452,c234,c1,0
18453,c1,c234,1
18454,c1,c234,1
18455,c234,c1,1
18456,c5,c5,3
18457,c234,c5,1
18458,c5,c5,1
18459,c5,c1,1
18460,c234,c1,4
18461,c5,c1,3
18462,c1,c5,4
18463,c234,c5,1
18464,c234,c234,1
18465,c5,c5,3
18466,c234,c1,4
18467,c5,c5,3
18468,c1,c1,0
18469,c1,c5,1
18470,c5,c5,1
18471,c1,c1,0
18472,c5,c5,4
18473,c234,c234,3
18474,c1,c1,4
18475,c5,c5,2
18476,c5,c5,3
18477,c1,c1,1
18478,c234,c5,3
18479,c1,c1,0
18480,c5,c5,1
18481,c5,c234,3
18482,c1,c5,0
18483,c5,c5,0
18484,c5,c5,3
18485,c1,c1,4
18486,c5,c5,3
18487,c5,c5,0
18488,c5,c5,4
18489,c5,c1,0
18490,c5,c5,2
18491,c5,c234,1
18492,c5,c1,4
18493,c5,c5,4
18494,c1,c1,0
18495,c5,c5,1
18496,c234,c5,1
18497,c1,c1,3
18498,c5,c5,0
18499,c5,c5,1
18500,c5,c5,3
18501,c5,c5,4
18502,c234,c234,0
18503,c234,c5,4
18504,c234,c1,3
18505,c234,c234,2
18506,c234,c1,0
18507,c5,c234,3
18508,c1,c234,0
18509,c234,c1,0
18510,c1,c5,0
18511,c234,c1,1
18512,c234,c1,3
18513,c1,c234,3
18514,c234,c234,1
18515,c5,c1,0
18516,c5,c5,0
18517,c234,c234,3
18518,c1,c1,0
18519,c1,c1,3
18520,c234,c5,3
18521,c1,c5,1
18522,c5,c234,2
18523,c5,c234,0
18524,c5,c234,0
18525,c1,c234,1
18526,c5,c234,2
18527,c5,c234,3
18528,c234,c234,2
18529,c1,c1,4
18530,c5,c5,4
18531,c234,c1,0
18532,c234,c234,0
18533,c5,c5,3
18534,c1,c1,3
18535,c1,c1,0
18536,c1,c234,4
18537,c234,c1,3
18538,c1,c5,3
18539,c5,c234,3
18540,c5,c1,1
18541,c5,c5,4
18542,c5,c5,1
18543,c5,c5,4
18544,c5,c1,1
18545,c1,c1,0
18546,c5,c234,4
18547,c234,c234,3
18548,c1,c1,2
18549,c1,c234,3
18550,c234,c5,4
18551,c1,c5,2
18552,c5,c5,4
18553,c1,c1,1
18554,c1,c5,1
18555,c1,c1,0
18556,c1,c5,3
18557,c5,c1,1
18558,c1,c1,2
18559,c5,c5,2
18560,c234,c5,4
18561,c5,c5,2
18562,c234,c234,1
18563,c234,c1,1
18564,c5,c5,4
18565,c1,c1,0
18566,c1,c1,2
18567,c234,c5,4
18568,c1,c1,0
18569,c1,c1,3
18570,c1,c234,1
18571,c1,c1,4
18572,c1,c5,0
18573,c1,c5,0
18574,c5,c1,3
18575,c234,c234,2
18576,c1,c1,2
18577,c5,c5,2
18578,c1,c234,4
18579,c5,c5,1
18580,c5,c1,4
18581,c5,c234,2
18582,c1,c234,1
18583,c1,c1,2
18584,c1,c5,2
18585,c5,c234,0
18586,c234,c5,2
18587,c234,c1,4
18588,c234,c1,0
18589,c234,c234,3
18590,c5,c1,1
18591,c234,c5,3
18592,c1,c234,2
18593,c1,c1,0
18594,c1,c1,4
18595,c234,c234,1
18596,c234,c234,0
18597,c234,c234,4
18598,c5,c234,1
18599,c234,c1,3
18600,c234,c1,1
18601,c5,c1,4
18602,c5,c5,1
18603,c5,c5,0
18604,c5,c1,1
18605,c234,c5,1
18606,c234,c1,0
18607,c5,c5,1
18608,c5,c5,1
18609,c234,c1,3
18610,c234,c5,0
18611,c5,c1,2
18612,c1,c1,2
18613,c5,c5,4
18614,c5,c5,2
18615,c234,c1,3
18616,c234,c234,2
18617,c1,c234,1
18618,c1,c234,4
18619,c5,c234,1
18620,c234,c234,2
18621,c5,c5,4
18622,c1,c5,4
18623,c5,c1,0
18624,c234,c5,3
18625,c234,c234,1
18626,c5,c5,1
18627,c234,c234,2
18628,c5,c5,4
18629,c1,c5,1
18630,c1,c5,1
18631,c1,c1,4
18632,c234,c234,3
18633,c1,c234,3
18634,c5,c5,4
18635,c234,c1,3
18636,c5,c1,0
18637,c1,c234,4
18638,c234,c5,4
18639,c5,c1,0
18640,c234,c5,3
18641,c5,c1,3
18642,c5,c234,0
18643,c1,c1,3
18644,c234,c234,4
18645,c234,c5,1
18646,c5,c5,4
18647,c1,c234,3
18648,c1,c234,4
18649,c5,c234,4
18650,c5,c234,3
18651,c1,c1,2
18652,c234,c234,3
18653,c5,c5,2
18654,c5,c1,2
18655,c5,c1,4
18656,c5,c1,4
18657,c234,c5,0
18658,c5,c234,2
18659,c1,c234,3
18660,c5,c1,1
18661,c1,c1,3
18662,c5,c234,0
18663,c5,c5,2
18664,c234,c234,0
18665,c234,c5,2
18666,c1,c1,1
18667,c234,c234,2
18668,c234,c234,4
18669,c1,c1,1
18670,c5,c5,2
18671,c1,c5,3
18672,c1,c234,3
18673,c234,c5,3
18674,c5,c5,2
18675,c234,c234,0
18676,c1,c234,4
18677,c5,c234,2
18678,c1,c5,4
18679,c234,c234,3
18680,c234,c1,0
18681,c1,c5,3
18682,c234,c5,1
18683,c5,c5,4
18684,c5,c1,2
18685,c1,c5,1
18686,c1,c1,2
18687,c234,c5,1
18688,c234,c5,0
18689,c234,c1,0
18690,c234,c234,0
18691,c234,c234,4
18692,c5,c5,4
18693,c234,c5,4
18694,c234,c5,2
18695,c5,c234,4
18696,c1,c1,4
18697,c234,c5,0
18698,c5,c5,4
18699,c5,c5,0
18700,c5,c5,2
18701,c1,c1,2
18702,c5,c5,4
18703,c234,c5,3
18704,c5,c5,2
18705,c234,c1,3
18706,c5,c5,4
18707,c1,c234,2
18708,c5,c234,0
18709,c234,c234,4
18710,c5,c1,3
18711,c5,c5,4
18712,c1,c1,2
18713,c234,c1,0
18714,c5,c234,2
18715,c5,c5,2
18716,c234,c5,0
18717,c1,c1,3
18718,c5,c234,1
18719,c234,c234,4
18720,c5,c5,3
18721,c1,c1,0
18722,c1,c1,4
18723,c234,c5,0
18724,c5,c5,2
18725,c5,c234,1
18726,c1,c234,0
18727,c5,c5,3
18728,c1,c1,1
18729,c234,c234,1
18730,c234,c1,2
18731,c234,c5,3
18732,c5,c234,4
18733,c234,c5,3
18734,c5,c5,1
18735,c234,c1,4
18736,c5,c234,4
18737,c5,c234,1
18738,c1,c1,4
18739,c5,c234,4
18740,c234,c1,3
18741,c1,c1,4
18742,c5,c5,3
18743,c234,c234,0
18744,c234,c234,1
18745,c5,c234,2
18746,c5,c234,1
18747,c234,c234,3
18748,c234,c1,1
18749,c5,c234,0
18750,c1,c1,4
18751,c5,c234,3
18752,c1,c1,4
18753,c1,c234,4
18754,c1,c1,0
18755,c1,c1,1
18756,c234,c5,0
18757,c234,c5,3
18758,c1,c5,4
18759,c1,c1,3
18760,c5,c1,4
18761,c5,c5,2
18762,c1,c1,3
18763,c1,c1,1
18764,c234,c234,2
18765,c234,c1,4
18766,c5,c5,3
18767,c5,c234,0
18768,c1,c234,1
18769,c1,c5,3
18770,c234,c1,3
18771,c1,c5,1
18772,c234,c1,4
18773,c5,c5,0
18774,c1,c5,3
18775,c5,c5,2
18776,c234,c5,3
18777,c5,c1,2
18778,c1,c5,2
18779,c5,c5,1
18780,c234,c1,2
18781,c234,c1,0
18782,c5,c234,4
18783,c234,c1,2
18784,c1,c1,3
18785,c234,c5,1
18786,c1,c1,1
18787,c234,c1,4
18788,c5,c5,2
18789,c1,c5,4
18790,c5,c1,0
18791,c234,c5,4
18792,c5,c1,3
18793,c1,c1,3
18794,c1,c5,0
18795,c5,c5,3
18796,c5,c234,1
18797,c5,c1,4
18798,c234,c5,1
18799,c234,c1,3
18800,c234,c5,2
18801,c1,c5,0
18802,c5,c1,2
18803,c234,c234,2
18804,c5,c5,0
18805,c234,c5,0
18806,c234,c5,0
18807,c5,c234,2
18808,c1,c1,4
18809,c234,c1,3
18810,c5,c1,1
18811,c5,c5,4
18812,c234,c5,0
18813,c234,c234,0
18814,c5,c5,1
18815,c234,c234,1
18816,c5,c5,4
18817,c1,c1,1
18818,c5,c5,1
18819,c5,c5,0
18820,c234,c5,2
18821,c1,c1,2
18822,c5,c234,0
18823,c1,c1,0
18824,c234,c5,4
18825,c5,c1,0
18826,c234,c234,3
18827,c234,c234,0
18828,c1,c1,0
18829,c1,c234,2
18830,c1,c1,3
18831,c1,c5,4
18832,c1,c1,1
18833,c5,c5,4
18834,c5,c5,3
18835,c1,c1,2
18836,c1,c1,4
18837,c5,c234,3
18838,c5,c5,4
18839,c234,c234,2
18840,c5,c5,3
18841,c1,c1,1
18842,c234,c5,0
18843,c234,c5,3
18844,c234,c5,3
18845,c5,c5,1
18846,c1,c1,3
18847,c234,c234,4
18848,c5,c234,4
18849,c5,c1,0
18850,c1,c1,2
18851,c234,c234,1
18852,c5,c5,2
18853,c234,c234,4
18854,c1,c5,3
18855,c1,c5,4
18856,c5,c5,1
18857,c5,c1,1
18858,c1,c234,0
18859,c1,c1,2
18860,c234,c1,0
18861,c1,c234,2
18862,c234,c234,3
18863,c5,c1,2
18864,c234,c1,3
18865,c1,c1,1
18866,c5,c5,4
18867,c1,c234,0
18868,c5,c234,0
18869,c1,c1,3
18870,c5,c5,4
18871,c1,c1,0
18872,c234,c234,1
18873,c5,c5,2
18874,c234,c234,3
18875,c1,c234,0
18876,c1,c1,1
18877,c1,c1,4
18878,c234,c5,4
18879,c234,c234,0
18880,c234,c1,0
18881,c5,c234,1
18882,c5,c1,1
18883,c234,c1,3
18884,c234,c234,3
18885,c1,c234,2
18886,c1,c234,4
18887,c5,c5,4
18888,c234,c5,4
18889,c5,c5,0
18890,c1,c5,2
18891,c5,c234,0
18892,c1,c234,0
18893,c234,c234,1
18894,c234,c5,4
18895,c234,c234,0
18896,c1,c234,4
18897,c5,c1,1
18898,c1,c234,1
18899,c234,c5,4
18900,c234,c1,0
18901,c1,c1,2
18902,c5,c5,1
18903,c1,c1,2
18904,c5,c234,1
18905,c5,c5,0
18906,c234,c234,3
18907,c234,c234,2
18908,c5,c5,0
18909,c234,c234,0
18910,c5,c5,2
18911,c1,c1,1
18912,c234,c5,3
18913,c5,c1,3
18914,c5,c234,2
18915,c234,c1,3
18916,c234,c5,2
18917,c1,c1,1
18918,c5,c5,2
18919,c234,c234,2
18920,c5,c1,1
18921,c1,c234,1
18922,c5,c234,0
18923,c1,c234,3
18924,c1,c5,1
18925,c234,c5,1
18926,c1,c5,0
18927,c1,c5,0
18928,c234,c1,1
18929,c234,c5,1
18930,c5,c234,1
18931,c234,c234,1
18932,c1,c234,4
18933,c5,c234,1
18934,c1,c1,1
18935,c234,c1,4
18936,c234,c5,1
18937,c234,c234,1
18938,c234,c5,0
18939,c5,c5,4
18940,c5,c234,4
18941,c1,c1,2
18942,c5,c1,2
18943,c234,c1,2
18944,c234,c234,2
18945,c1,c1,1
18946,c234,c234,4
18947,c5,c5,0
18948,c234,c234,4
18949,c5,c1,3
18950,c234,c234,1
18951,c1,c234,1
18952,c1,c1,3
18953,c5,c5,4
18954,c5,c5,0
18955,c234,c234,4
18956,c234,c5,1
18957,c1,c234,1
18958,c1,c1,1
18959,c5,c5,3
18960,c234,c1,4
18961,c1,c234,1
18962,c5,c5,4
18963,c5,c1,4
18964,c5,c1,1
18965,c5,c234,1
18966,c234,c5,1
18967,c1,c234,3
18968,c234,c5,1
18969,c234,c234,1
18970,c1,c234,2
18971,c234,c5,0
18972,c234,c1,1
18973,c234,c1,2
18974,c234,c5,1
18975,c5,c5,2
18976,c5,c234,3
18977,c1,c1,3
18978,c1,c234,4
18979,c5,c5,1
18980,c234,c5,4
18981,c5,c1,4
18982,c234,c1,2
18983,c234,c1,4
18984,c234,c5,2
18985,c1,c234,0
18986,c5,c1,4
18987,c5,c234,2
18988,c5,c5,1
18989,c234,c1,3
18990,c234,c1,3
18991,c234,c5,4
18992,c234,c1,0
18993,c5,c234,0
18994,c1,c5,3
18995,c5,c1,1
18996,c5,c234,3
18997,c234,c5,0
18998,c5,c5,0
18999,c1,c1,4
19000,c5,c1,1
19001,c1,c234,4
19002,c234,c5,4
19003,c234,c5,1
19004,c5,c5,3
19005,c1,c234,0
19006,c5,c1,4
19007,c234,c234,2
19008,c234,c234,3
19009,c234,c5,3
19010,c234,c5,1
19011,c234,c234,1
19012,c1,c234,3
19013,c5,c5,2
19014,c5,c1,4
19015,c234,c234,2
19016,c1,c5,3
19017,c234,c234,0
19018,c234,c1,3
19019,c1,c1,0
19020,c5,c5,3
19021,c1,c1,2
19022,c234,c234,1
19023,c234,c1,0
19024,c5,c234,2
19025,c1,c1,0
19026,c5,c5,3
19027,c5,c234,2
19028,c1,c1,0
19029,c234,c234,4
19030,c234,c234,4
19031,c1,c5,1
19032,c234,c1,4
19033,c1,c234,3
19034,c5,c234,3
19035,c234,c1,0
19036,c5,c234,2
19037,c5,c5,1
19038,c5,c1,2
19039,c5,c1,0
19040,c5,c234,1
19041,c1,c234,4
19042,c234,c5,1
19043,c1,c1,2
19044,c1,c1,3
19045,c234,c1,0
19046,c234,c5,1
19047,c234,c234,3
19048,c234,c234,4
19049,c234,c5,3
19050,c234,c234,0
19051,c234,c5,1
19052,c234,c5,4
19053,c1,c5,1
19054,c1,c234,3
19055,c5,c234,1
19056,c5,c234,4
19057,c234,c1,0
19058,c5,c5,0
19059,c1,c1,1
19060,c5,c234,2
19061,c1,c1,4
19062,c5,c5,0
19063,c1,c1,3
19064,c234,c234,2
19065,c1,c1,1
19066,c5,c234,0
19067,c1,c1,1
19068,c234,c5,0
19069,c1,c1,2
19070,c234,c234,3
19071,c234,c1,0
19072,c1,c1,0
19073,c1,c234,4
19074,c1,c234,2
19075,c1,c1,1
19076,c1,c5,0
19077,c1,c1,3
19078,c234,c234,2
19079,c5,c5,3
19080,c5,c234,3
19081,c1,c1,0
19082,c1,c234,0
19083,c234,c5,1
19084,c5,c5,3
19085,c234,c1,2
19086,c1,c1,0
19087,c1,c5,0
19088,c5,c5,1
19089,c234,c234,1
19090,c234,c234,1
19091,c5,c234,2
19092,c234,c5,3
19093,c234,c234,0
19094,c234,c5,2
19095,c234,c1,1
19096,c1,c1,1
19097,c234,c1,4
19098,c1,c1,4
19099,c5,c5,1
19100,c234,c5,4
19101,c1,c1,1
19102,c1,c5,1
19103,c234,c5,1
19104,c5,c1,1
19105,c234,c5,2
19106,c5,c1,1
19107,c234,c234,2
19108,c234,c1,1
19109,c5,c234,1
19110,c234,c1,4
19111,c1,c5,0
19112,c234,c234,0
19113,c5,c1,4
19114,c234,c5,2
19115,c234,c234,3
19116,c5,c5,3
19117,c234,c234,1
19118,c1,c5,2
19119,c5,c234,4
19120,c234,c1,3
19121,c5,c1,4
19122,c5,c234,2
19123,c1,c1,2
19124,c1,c1,4
19125,c1,c234,2
19126,c1,c234,1
19127,c234,c234,3
19128,c234,c5,3
19129,c1,c1,4
19130,c5,c5,0
19131,c1,c5,3
19132,c5,c234,3
19133,c1,c1,2
19134,c5,c5,1
19135,c1,c1,1
19136,c1,c5,4
19137,c234,c5,2
19138,c234,c1,0
19139,c1,c5,0
19140,c5,c1,3
19141,c5,c5,0
19142,c5,c5,2
19143,c234,c234,2
19144,c5,c234,3
19145,c1,c1,4
19146,c1,c1,0
19147,c5,c5,3
19148,c234,c1,0
19149,c1,c1,0
19150,c234,c5,0
19151,c234,c5,4
19152,c1,c234,0
19153,c5,c5,1
19154,c234,c1,1
19155,c1,c1,3
19156,c234,c1,1
19157,c1,c1,0
19158,c5,c1,3
19159,c5,c1,4
19160,c5,c1,3
19161,c5,c1,2
19162,c234,c1,1
19163,c5,c5,3
19164,c1,c1,2
19165,c234,c234,2
19166,c1,c5,0
19167,c234,c1,1
19168,c234,c234,2
19169,c1,c234,0
19170,c1,c234,1
19171,c234,c1,1
19172,c234,c5,4
19173,c5,c5,0
19174,c5,c1,2
19175,c234,c5,1
19176,c1,c1,2
19177,c5,c5,0
19178,c5,c1,2
19179,c234,c234,2
19180,c1,c234,2
19181,c1,c234,0
19182,c5,c1,0
19183,c234,c5,3
19184,c234,c1,1
19185,c5,c1,0
19186,c5,c1,2
19187,c234,c1,3
19188,c234,c1,4
19189,c1,c1,3
19190,c5,c5,0
19191,c5,c5,0
19192,c1,c1,2
19193,c234,c234,0
19194,c1,c1,2
19195,c234,c5,3
19196,c5,c1,4
19197,c234,c234,3
19198,c5,c234,0
19199,c1,c234,1
19200,c1,c5,2
19201,c234,c234,4
19202,c5,c5,3
19203,c234,c5,2
19204,c1,c5,0
19205,c1,c5,2
19206,c5,c5,4
19207,c5,c5,1
19208,c5,c1,3
19209,c234,c1,1
19210,c5,c1,2
19211,c5,c1,2
19212,c1,c5,0
19213,c234,c1,3
19214,c1,c1,2
19215,c5,c5,1
19216,c5,c5,3
19217,c1,c5,2
19218,c1,c1,2
19219,c234,c1,0
19220,c1,c1,3
19221,c1,c5,1
19222,c5,c1,0
19223,c5,c5,3
19224,c1,c1,4
19225,c1,c1,0
19226,c234,c5,3
19227,c234,c1,3
19228,c1,c1,2
19229,c5,c234,1
19230,c234,c234,1
19231,c1,c234,3
19232,c234,c234,0
19233,c5,c1,4
19234,c234,c5,3
19235,c5,c234,0
19236,c234,c234,3
19237,c5,c1,3
19238,c5,c1,1
19239,c5,c5,4
19240,c1,c1,0
19241,c5,c234,0
19242,c234,c5,2
19243,c5,c1,4
19244,c1,c1,2
19245,c234,c234,0
19246,c5,c1,1
19247,c1,c1,1
19248,c234,c234,2
19249,c1,c1,3
19250,c234,c5,0
19251,c234,c234,1
19252,c234,c234,4
19253,c1,c1,2
19254,c5,c5,3
19255,c1,c5,4
19256,c234,c1,3
19257,c1,c234,4
19258,c234,c1,4
19259,c1,c1,4
19260,c5,c1,3
19261,c5,c5,2
19262,c1,c5,4
19263,c234,c5,2
19264,c1,c1,3
19265,c234,c5,4
19266,c1,c234,3
19267,c1,c1,0
19268,c5,c234,3
19269,c234,c234,1
19270,c5,c5,3
19271,c5,c1,4
19272,c1,c1,2
19273,c234,c234,3
19274,c5,c5,4
19275,c234,c5,2
19276,c1,c1,4
19277,c5,c5,1
19278,c1,c1,2
19279,c1,c5,1
19280,c234,c5,0
19281,c5,c1,4
19282,c1,c1,1
19283,c5,c1,3
19284,c5,c1,3
19285,c5,c5,4
19286,c5,c1,3
19287,c5,c1,4
19288,c1,c1,0
19289,c5,c5,1
19290,c5,c1,2
19291,c234,c1,4
19292,c234,c234,3
19293,c5,c234,4
19294,c234,c1,1
19295,c1,c234,1
19296,c1,c234,3
19297,c5,c5,4
19298,c1,c234,3
19299,c234,c234,2
19300,c234,c1,0
19301,c234,c1,2
19302,c234,c1,4
19303,c1,c234,0
19304,c1,c5,4
19305,c234,c5,1
19306,c5,c234,0
19307,c1,c234,4
19308,c5,c1,0
19309,c5,c5,0
19310,c1,c234,0
19311,c234,c234,1
19312,c1,c234,3
19313,c5,c5,1
19314,c234,c5,3
19315,c1,c5,2
19316,c234,c5,2
19317,c234,c234,4
19318,c5,c5,1
19319,c234,c234,2
19320,c234,c5,0
19321,c5,c5,4
19322,c1,c5,3
19323,c1,c1,4
19324,c234,c234,4
19325,c234,c1,4
19326,c5,c1,3
19327,c234,c234,4
19328,c234,c5,0
19329,c5,c234,1
19330,c5,c5,0
19331,c1,c1,0
19332,c234,c234,2
19333,c1,c1,4
19334,c234,c5,1
19335,c234,c1,0
19336,c1,c1,0
19337,c1,c234,3
19338,c1,c1,4
19339,c234,c1,0
19340,c5,c234,4
19341,c1,c1,4
19342,c1,c1,3
19343,c1,c234,4
19344,c234,c1,2
19345,c5,c5,3
19346,c234,c1,1
19347,c5,c5,2
19348,c5,c234,4
19349,c234,c1,1
19350,c234,c1,1
19351,c5,c234,1
19352,c5,c5,0
19353,c5,c1,2
19354,c1,c234,0
19355,c5,c1,1
19356,c1,c1,0
19357,c234,c1,4
19358,c234,c1,3
19359,c5,c5,0
19360,c5,c1,4
19361,c5,c5,4
19362,c5,c1,4
19363,c5,c5,2
19364,c234,c5,4
19365,c234,c234,2
19366,c1,c234,2
19367,c1,c234,4
19368,c5,c234,1
19369,c234,c5,1
19370,c1,c234,1
19371,c1,c1,4
19372,c234,c1,0
19373,c5,c234,1
19374,c1,c234,4
19375,c1,c1,1
19376,c1,c1,4
19377,c5,c1,1
19378,c5,c234,4
19379,c234,c1,4
19380,c234,c234,0
19381,c1,c1,2
19382,c5,c5,4
19383,c234,c1,2
19384,c1,c5,2
19385,c5,c234,2
19386,c5,c5,3
19387,c1,c1,0
19388,c234,c234,2
19389,c1,c1,4
19390,c5,c234,4
19391,c1,c234,2
19392,c1,c1,2
19393,c234,c234,0
19394,c5,c234,1
19395,c1,c234,1
19396,c5,c5,0
19397,c234,c5,3
19398,c1,c1,4
19399,c5,c234,3
19400,c5,c234,0
19401,c234,c5,4
19402,c1,c234,2
19403,c234,c5,4
19404,c5,c5,3
19405,c5,c234,4
19406,c234,c5,1
19407,c5,c1,1
19408,c1,c234,4
19409,c5,c234,3
19410,c234,c5,0
19411,c5,c1,1
19412,c5,c234,1
19413,c1,c1,1
19414,c1,c1,2
19415,c5,c234,3
19416,c1,c234,2
19417,c5,c1,3
19418,c1,c5,0
19419,c5,c1,3
19420,c5,c234,3
19421,c5,c5,4
19422,c5,c234,1
19423,c234,c5,1
19424,c5,c234,2
19425,c234,c234,0
19426,c234,c1,4
19427,c234,c1,1
19428,c1,c5,1
19429,c234,c234,0
19430,c234,c234,3
19431,c5,c5,4
19432,c5,c234,0
19433,c234,c5,2
19434,c5,c234,3
19435,c234,c234,4
19436,c5,c1,2
19437,c1,c1,1
19438,c5,c234,2
19439,c5,c5,4
19440,c234,c1,2
19441,c5,c5,0
19442,c5,c5,2
19443,c5,c1,3
19444,c1,c1,4
19445,c1,c1,4
19446,c234,c234,1
19447,c5,c1,4
19448,c5,c5,4
19449,c1,c1,1
19450,c234,c1,0
19451,c5,c5,2
19452,c5,c234,1
19453,c5,c5,1
19454,c234,c5,4
19455,c234,c1,3
19456,c1,c5,2
19457,c1,c5,2
19458,c5,c5,1
19459,c234,c234,1
19460,c5,c5,1
19461,c1,c234,1
19462,c234,c234,0
19463,c5,c5,3
19464,c5,c234,4
19465,c5,c5,4
19466,c5,c5,1
19467,c5,c234,1
19468,c234,c5,4
19469,c234,c1,1
19470,c234,c1,1
19471,c5,c234,3
19472,c5,c5,3
19473,c1,c1,4
19474,c234,c234,4
19475,c1,c1,2
19476,c1,c1,4
19477,c1,c1,4
19478,c234,c234,2
19479,c234,c234,3
19480,c1,c1,4
19481,c5,c5,2
19482,c5,c5,0
19483,c234,c1,1
19484,c1,c234,1
19485,c1,c1,2
19486,c234,c1,0
19487,c234,c1,1
19488,c1,c5,4
19489,c234,c5,0
19490,c1,c5,0
19491,c1,c5,3
19492,c234,c1,3
19493,c1,c234,4
19494,c5,c5,0
19495,c1,c1,0
19496,c234,c5,0
19497,c1,c234,1
19498,c5,c5,1
19499,c5,c5,1
19500,c1,c5,3
19501,c5,c5,3
19502,c5,c234,0
19503,c234,c5,4
19504,c5,c5,1
19505,c1,c234,3
19506,c1,c234,0
19507,c1,c1,3
19508,c5,c5,1
19509,c234,c1,2
19510,c1,c1,3
19511,c1,c5,4
19512,c5,c1,1
19513,c1,c1,4
19514,c234,c5,3
19515,c234,c1,2
19516,c234,c234,1
19517,c5,c234,1
19518,c234,c5,4
19519,c5,c5,1
19520,c5,c1,4
19521,c1,c5,0
19522,c1,c5,4
19523,c5,c1,1
19524,c5,c1,0
19525,c1,c1,1
19526,c234,c234,4
19527,c1,c234,4
19528,c234,c234,0
19529,c234,c234,3
19530,c5,c234,1
19531,c5,c5,0
19532,c1,c1,0
19533,c234,c234,2
19534,c234,c234,4
19535,c1,c234,3
19536,c234,c5,3
19537,c5,c5,0
19538,c1,c234,0
19539,c234,c5,1
19540,c1,c1,2
19541,c5,c5,1
19542,c1,c1,1
19543,c5,c1,4
19544,c1,c1,0
19545,c1,c5,2
19546,c1,c234,3
19547,c1,c1,4
19548,c234,c1,3
19549,c234,c1,1
19550,c5,c234,3
19551,c5,c1,2
19552,c234,c234,4
19553,c234,c1,4
19554,c234,c1,2
19555,c1,c234,1
19556,c1,c234,2
19557,c234,c1,4
19558,c1,c234,3
19559,c5,c5,2
19560,c234,c1,1
19561,c5,c5,2
19562,c1,c1,4
19563,c234,c1,0
19564,c234,c234,4
19565,c1,c1,3
19566,c1,c1,4
19567,c234,c234,3
19568,c5,c5,4
19569,c5,c5,1
19570,c5,c5,2
19571,c5,c5,2
19572,c234,c1,1
19573,c1,c234,4
19574,c234,c1,3
19575,c234,c1,3
19576,c5,c1,4
19577,c1,c1,4
19578,c5,c5,3
19579,c1,c1,4
19580,c5,c234,2
19581,c234,c5,1
19582,c5,c5,4
19583,c234,c1,3
19584,c1,c1,3
19585,c1,c5,4
19586,c234,c5,3
19587,c5,c1,2
19588,c5,c5,1
19589,c234,c1,3
19590,c234,c234,1
19591,c5,c5,1
19592,c1,c1,1
19593,c5,c5,0
19594,c234,c234,0
19595,c5,c5,4
19596,c5,c5,4
19597,c1,c1,4
19598,c5,c5,2
19599,c234,c234,0
19600,c5,c234,1
19601,c5,c5,2
19602,c1,c1,4
19603,c5,c234,4
19604,c234,c1,4
19605,c1,c1,2
19606,c1,c234,1
19607,c234,c234,2
19608,c5,c5,1
19609,c5,c234,1
19610,c1,c234,4
19611,c5,c5,4
19612,c234,c1,4
19613,c5,c234,2
19614,c234,c1,0
19615,c1,c1,1
19616,c1,c1,2
19617,c234,c5,2
19618,c234,c5,1
19619,c1,c234,1
19620,c234,c234,4
19621,c1,c5,0
19622,c234,c234,4
19623,c1,c5,2
19624,c5,c5,3
19625,c234,c234,0
19626,c1,c5,1
19627,c234,c234,3
19628,c234,c1,0
19629,c234,c234,0
19630,c234,c1,3
19631,c5,c234,1
19632,c5,c1,4
19633,c1,c1,1
19634,c1,c1,4
19635,c234,c234,0
19636,c234,c1,0
19637,c1,c1,2
19638,c5,c5,4
19639,c1,c1,0
19640,c234,c234,0
19641,c1,c1,2
19642,c234,c1,4
19643,c234,c1,4
19644,c234,c1,1
19645,c5,c5,4
19646,c5,c5,3
19647,c5,c234,2
19648,c1,c1,0
19649,c1,c1,2
19650,c5,c5,4
19651,c234,c234,4
19652,c1,c234,1
19653,c5,c234,0
19654,c1,c1,0
19655,c5,c1,2
19656,c234,c5,4
19657,c1,c234,0
19658,c234,c5,3
19659,c234,c5,2
19660,c1,c1,1
19661,c5,c5,3
19662,c234,c5,2
19663,c5,c234,2
19664,c5,c5,4
19665,c1,c1,0
19666,c1,c234,1
19667,c234,c1,0
19668,c5,c234,4
19669,c234,c234,3
19670,c234,c1,3
19671,c1,c234,4
19672,c1,c1,3
19673,c1,c234,0
19674,c5,c1,3
19675,c234,c1,2
19676,c234,c5,3
19677,c234,c1,4
19678,c234,c5,3
19679,c234,c1,3
19680,c5,c1,4
19681,c1,c1,4
19682,c5,c1,0
19683,c5,c234,2
19684,c1,c1,4
19685,c5,c1,3
19686,c1,c1,4
19687,c5,c5,2
19688,c5,c234,0
19689,c234,c5,0
19690,c5,c1,1
19691,c1,c234,1
19692,c234,c1,3
19693,c1,c234,4
19694,c1,c5,1
19695,c5,c5,3
19696,c234,c234,3
19697,c234,c1,2
19698,c1,c5,2
19699,c1,c1,1
19700,c1,c1,2
19701,c234,c5,0
19702,c5,c1,1
19703,c1,c1,3
19704,c5,c1,4
19705,c5,c5,2
19706,c5,c234,3
19707,c234,c5,0
19708,c5,c5,2
19709,c1,c5,4
19710,c234,c234,0
19711,c1,c5,0
19712,c234,c1,3
19713,c1,c1,3
19714,c1,c234,0
19715,c234,c234,0
19716,c234,c5,4
19717,c1,c5,3
19718,c5,c5,3
19719,c1,c1,2
19720,c234,c1,2
19721,c5,c234,3
19722,c1,c234,4
19723,c5,c234,3
19724,c5,c5,3
19725,c5,c234,2
19726,c234,c1,4
19727,c1,c5,4
19728,c1,c1,4
19729,c234,c234,4
19730,c5,c5,0
19731,c5,c1,4
19732,c5,c234,4
19733,c234,c5,3
19734,c234,c1,4
19735,c5,c5,0
19736,c234,c1,2
19737,c234,c1,4
19738,c1,c1,4
19739,c1,c234,0
19740,c5,c1,1
19741,c234,c1,0
19742,c1,c5,1
19743,c234,c1,2
19744,c1,c234,0
19745,c5,c1,0
19746,c1,c1,1
19747,c234,c1,4
19748,c5,c5,2
19749,c5,c5,3
19750,c234,c1,1
19751,c234,c234,3
19752,c5,c1,1
19753,c5,c1,2
19754,c5,c234,4
19755,c234,c5,1
19756,c234,c5,3
19757,c5,c234,4
19758,c1,c1,3
19759,c1,c1,0
19760,c5,c5,3
19761,c1,c5,1
19762,c234,c1,1
19763,c1,c234,4
19764,c1,c1,2
19765,c5,c1,4
19766,c234,c5,1
19767,c5,c5,2
19768,c234,c234,1
19769,c1,c1,4
19770,c5,c1,0
19771,c5,c5,1
19772,c1,c1,3
19773,c1,c5,3
19774,c234,c234,4
19775,c5,c5,4
19776,c5,c1,0
19777,c234,c1,3
19778,c5,c5,1
19779,c1,c1,3
19780,c234,c234,2
19781,c5,c5,2
19782,c234,c234,0
19783,c5,c1,2
19784,c1,c1,1
19785,c5,c1,4
19786,c234,c1,1
19787,c234,c5,0
19788,c1,c1,2
19789,c1,c1,3
19790,c234,c234,4
19791,c234,c234,3
19792,c234,c5,0
19793,c234,c1,1
19794,c5,c1,3
19795,c5,c5,2
19796,c5,c1,0
19797,c234,c234,4
19798,c234,c234,0
19799,c5,c1,0
19800,c1,c1,4
19801,c5,c1,2
19802,c5,c234,2
19803,c5,c1,0
19804,c234,c1,1
19805,c1,c5,3
19806,c234,c5,3
19807,c5,c1,1
19808,c5,c234,0
19809,c234,c234,4
19810,c5,c234,3
19811,c1,c5,1
19812,c1,c1,1
19813,c234,c1,2
19814,c1,c1,3
19815,c234,c234,4
19816,c5,c5,3
19817,c234,c234,3
19818,c5,c5,4
19819,c234,c5,3
19820,c5,c1,1
19821,c1,c1,2
19822,c5,c5,3
19823,c5,c1,2
19824,c1,c5,2
19825,c5,c5,3
19826,c1,c1,3
19827,c1,c5,1
19828,c234,c5,3
19829,c1,c1,2
19830,c234,c5,1
19831,c234,c234,1
19832,c1,c1,3
19833,c5,c1,2
19834,c234,c5,2
19835,c234,c5,3
19836,c234,c234,3
19837,c5,c5,0
19838,c234,c1,2
19839,c1,c1,4
19840,c234,c1,4
19841,c1,c5,0
19842,c234,c5,4
19843,c1,c5,0
19844,c234,c1,2
19845,c234,c234,1
19846,c234,c5,1
19847,c1,c234,2
19848,c5,c234,4
19849,c234,c234,3
19850,c5,c5,2
19851,c1,c1,0
19852,c234,c5,1
19853,c1,c234,1
19854,c234,c234,3
19855,c1,c1,0
19856,c5,c5,1
19857,c234,c5,3
19858,c234,c234,3
19859,c234,c5,4
19860,c5,c5,4
19861,c5,c5,1
19862,c234,c5,0
19863,c1,c1,4
19864,c234,c5,3
19865,c1,c234,0
19866,c5,c5,2
19867,c5,c5,1
19868,c5,c5,2
19869,c1,c5,1
19870,c5,c234,0
19871,c5,c5,3
19872,c5,c234,0
19873,c1,c1,0
19874,c1,c1,3
19875,c1,c234,2
19876,c5,c5,2
19877,c234,c234,2
19878,c5,c234,3
19879,c1,c234,4
19880,c1,c234,1
19881,c1,c234,0
19882,c5,c1,2
19883,c5,c234,4
19884,c234,c234,1
19885,c234,c1,4
19886,c234,c5,4
19887,c1,c1,1
19888,c5,c234,4
19889,c234,c234,1
19890,c1,c5,3
19891,c1,c1,2
19892,c1,c1,4
19893,c234,c1,2
19894,c1,c1,1
19895,c5,c1,1
19896,c234,c5,4
19897,c234,c234,1
19898,c1,c234,4
19899,c5,c1,2
19900,c234,c1,3
19901,c5,c234,3
19902,c5,c234,2
19903,c234,c234,4
19904,c234,c5,3
19905,c5,c5,2
19906,c5,c5,2
19907,c1,c5,2
19908,c5,c5,0
19909,c234,c5,1
19910,c1,c5,3
19911,c234,c234,4
19912,c234,c234,2
19913,c1,c234,0
19914,c1,c234,0
19915,c1,c234,1
19916,c234,c1,1
19917,c5,c1,0
19918,c234,c234,2
19919,c1,c1,2
19920,c5,c1,0
19921,c5,c234,0
19922,c234,c1,1
19923,c1,c5,0
19924,c1,c5,0
19925,c5,c234,0
19926,c5,c1,1
19927,c1,c5,2
19928,c5,c5,1
19929,c1,c5,4
19930,c234,c1,4
19931,c5,c1,3
19932,c5,c234,4
19933,c234,c234,0
19934,c5,c5,2
19935,c234,c1,4
19936,c5,c1,2
19937,c5,c1,0
19938,c234,c1,4
19939,c234,c5,2
19940,c5,c234,0
19941,c5,c5,0
19942,c1,c1,1
19943,c234,c234,4
19944,c234,c234,1
19945,c1,c5,1
19946,c234,c234,2
19947,c1,c234,0
19948,c234,c234,0
19949,c1,c1,2
19950,c1,c234,2
19951,c5,c234,4
19952,c5,c234,3
19953,c234,c234,1
19954,c5,c5,1
19955,c234,c5,1
19956,c234,c5,1
19957,c234,c5,1
19958,c234,c234,4
19959,c234,c234,1
19960,c234,c1,2
19961,c234,c1,1
19962,c1,c1,3
19963,c234,c234,3
19964,c234,c234,0
19965,c1,c234,2
19966,c1,c1,1
19967,c5,c1,2
19968,c5,c234,1
19969,c1,c234,2
19970,c5,c5,1
19971,c234,c234,0
19972,c1,c234,2
19973,c234,c234,3
19974,c234,c1,1
19975,c1,c1,2
19976,c234,c1,2
19977,c1,c1,1
19978,c5,c5,0
19979,c5,c5,2
19980,c5,c234,2
19981,c234,c234,3
19982,c1,c1,4
19983,c1,c1,1
19984,c234,c1,2
19985,c5,c5,3
19986,c1,c1,2
19987,c5,c5,0
19988,c1,c5,3
19989,c5,c5,0
19990,c1,c1,4
19991,c234,c5,0
19992,c5,c1,4
19993,c5,c1,2
19994,c234,c1,1
19995,c234,c234,0
19996,c5,c5,4
19997,c234,c5,1
19998,c234,c1,0
19999,c5,c5,1
20000,c1,c1,2
20001,c1,c1,2
20002,c5,c1,2
20003,c1,c1,1
20004,c234,c1,4
20005,c234,c5,0
20006,c234,c1,3
20007,c5,c1,0
20008,c234,c1,1
20009,c234,c1,3
20010,c1,c1,0
20011,c1,c1,2
20012,c1,c5,2
20013,c5,c5,3
20014,c234,c1,2
20015,c234,c234,4
20016,c1,c5,3
20017,c234,c5,3
20018,c5,c5,1
20019,c1,c1,1
20020,c1,c1,3
20021,c234,c234,0
20022,c5,c234,2
20023,c5,c5,3
20024,c5,c5,0
20025,c234,c234,4
20026,c1,c5,0
20027,c234,c1,0
20028,c234,c234,3
20029,c234,c5,1
20030,c5,c234,4
20031,c1,c1,4
20032,c5,c5,0
20033,c234,c1,4
20034,c1,c234,0
20035,c5,c5,0
20036,c234,c234,3
20037,c5,c5,1
20038,c1,c5,3
20039,c1,c1,4
20040,c1,c234,1
20041,c1,c1,3
20042,c234,c1,0
20043,c234,c5,2
20044,c234,c234,2
20045,c1,c1,1
20046,c1,c1,3
20047,c234,c1,0
20048,c5,c5,4
20049,c5,c1,1
20050,c1,c5,3
20051,c1,c5,4
20052,c5,c1,2
20053,c234,c234,0
20054,c5,c1,3
20055,c1,c1,2
20056,c1,c234,0
20057,c1,c1,3
20058,c234,c234,4
20059,c234,c234,2
20060,c234,c234,4
20061,c1,c1,4
20062,c5,c5,2
20063,c234,c5,3
20064,c5,c1,3
20065,c234,c1,0
20066,c234,c1,3
20067,c234,c5,3
20068,c1,c1,1
20069,c1,c1,0
20070,c234,c5,4
20071,c234,c1,1
20072,c5,c234,3
20073,c1,c5,4
20074,c1,c5,0
20075,c5,c234,2
20076,c5,c1,3
20077,c5,c1,2
20078,c1,c1,0
20079,c234,c1,0
20080,c5,c234,0
20081,c234,c1,0
20082,c234,c1,2
20083,c1,c1,2
20084,c234,c5,3
20085,c234,c5,3
20086,c5,c5,3
20087,c1,c1,4
20088,c1,c1,4
20089,c1,c5,3
20090,c1,c1,3
20091,c5,c5,2
