row_id,clarity,n_tokens
0,c5,559
1,c1,396
2,c1,409
3,c234,805
4,c234,173
5,c1,281
6,c234,169
7,c234,81
8,c1,36
9,c234,157
10,c234,362
11,c234,656
12,c1,140
13,c234,232
14,c234,23
15,c5,326
16,c234,290
17,c1,312
18,c1,84
19,c1,798
20,c1,101
21,c1,327
22,c234,516
23,c5,126
24,c234,307
25,c1,483
26,c5,38
27,c1,192
28,c1,733
29,c1,23
30,c1,112
31,c5,231
32,c5,217
33,c1,247
34,c5,274
35,c5,337
36,c5,94
37,c5,276
38,c5,32
39,c5,57
40,c234,163
41,c5,206
42,c234,420
43,c5,66
44,c234,365
45,c5,134
46,c1,29
47,c5,423
48,c5,118
49,c234,317
50,c234,81
51,c234,9
52,c5,44
53,c234,470
54,c5,39
55,c1,540
56,c5,117
57,c1,394
58,c234,21
59,c1,18
60,c5,216
61,c5,250
62,c1,880
63,c234,92
64,c1,126
65,c234,280
66,c1,179
67,c1,231
68,c234,181
69,c234,1288
70,c5,30
71,c1,45
72,c234,317
73,c1,133
74,c234,113
75,c234,329
76,c234,153
77,c234,184
78,c234,324
79,c234,172
80,c1,464
81,c1,140
82,c234,120
83,c234,317
84,c234,53
85,c5,216
86,c1,458
87,c1,290
88,c5,392
89,c1,87
90,c5,280
91,c1,1523
92,c1,36
93,c1,148
94,c1,362
95,c1,152
96,c234,49
97,c5,960
98,c5,64
99,c5,174
100,c234,301
101,c234,62
102,c234,760
103,c5,412
104,c234,215
105,c1,527
106,c1,585
107,c234,44
108,c5,66
109,c234,162
110,c5,48
111,c5,138
112,c234,73
113,c5,193
114,c1,365
115,c234,93
116,c5,600
117,c1,170
118,c5,75
119,c234,581
120,c5,85
121,c1,217
122,c234,513
123,c234,282
124,c1,282
125,c5,62
126,c234,105
127,c5,41
128,c234,216
129,c1,385
130,c234,445
131,c5,219
132,c234,119
133,c234,270
134,c1,113
135,c1,356
136,c1,228
137,c234,127
138,c5,102
139,c234,511
140,c234,127
141,c5,207
142,c234,400
143,c5,274
144,c1,801
145,c1,73
146,c1,1071
147,c5,513
148,c1,270
149,c234,74
150,c234,1551
151,c234,103
152,c1,554
153,c5,64
154,c5,31
155,c234,117
156,c5,303
157,c5,100
158,c1,282
159,c5,13
160,c5,67
161,c234,226
162,c1,83
163,c234,114
164,c1,362
165,c234,98
166,c1,196
167,c1,270
168,c5,230
169,c1,16
170,c5,358
171,c234,407
172,c5,66
173,c234,302
174,c1,317
175,c1,344
176,c5,499
177,c5,324
178,c1,131
179,c234,297
180,c234,290
181,c1,121
182,c1,1013
183,c234,150
184,c234,169
185,c5,140
186,c234,147
187,c5,119
188,c234,422
189,c234,45
190,c1,616
191,c5,412
192,c234,53
193,c234,215
194,c234,219
195,c234,86
196,c1,94
197,c1,188
198,c234,209
199,c234,212
200,c234,280
201,c5,182
202,c5,404
203,c5,615
204,c1,102
205,c234,10
206,c1,290
207,c5,89
208,c5,147
209,c5,116
210,c5,208
211,c1,119
212,c1,42
213,c1,119
214,c1,458
215,c1,182
216,c1,1108
217,c234,597
218,c5,178
219,c234,112
220,c5,156
221,c5,37
222,c5,129
223,c5,664
224,c5,226
225,c234,320
226,c234,174
227,c1,422
228,c1,632
229,c1,457
230,c234,80
231,c1,341
232,c1,100
233,c234,69
234,c234,79
235,c234,47
236,c234,20
237,c234,274
238,c234,389
239,c5,225
240,c234,418
241,c1,624
242,c5,134
243,c5,168
244,c234,303
245,c5,86
246,c1,371
247,c1,225
248,c1,240
249,c5,139
250,c5,130
251,c5,216
252,c234,378
253,c234,536
254,c234,115
255,c5,138
256,c5,46
257,c234,224
258,c5,103
259,c5,40
260,c5,264
261,c1,88
262,c5,62
263,c5,81
264,c234,335
265,c234,37
266,c234,397
267,c5,648
268,c5,423
269,c1,236
270,c234,113
271,c1,379
272,c1,1346
273,c5,100
274,c234,292
275,c5,32
276,c234,159
277,c5,35
278,c5,25
279,c234,155
280,c5,592
281,c5,1110
282,c1,498
283,c5,40
284,c5,23
285,c5,314
286,c234,488
287,c1,61
288,c1,133
289,c234,265
290,c1,1024
291,c234,321
292,c234,295
293,c5,244
294,c5,27
295,c1,86
296,c1,233
297,c5,601
298,c234,125
299,c1,64
300,c1,441
301,c234,177
302,c234,231
303,c5,31
304,c5,55
305,c234,220
306,c234,16
307,c5,344
308,c1,324
309,c1,121
310,c1,497
311,c5,339
312,c234,31
313,c1,148
314,c234,487
315,c5,28
316,c5,288
317,c5,33
318,c234,624
319,c234,145
320,c5,900
321,c5,197
322,c5,102
323,c234,31
324,c5,155
325,c1,372
326,c1,118
327,c5,143
328,c1,199
329,c5,107
330,c1,120
331,c1,66
332,c1,12
333,c5,145
334,c234,1080
335,c1,129
336,c5,145
337,c5,258
338,c234,174
339,c1,289
340,c1,201
341,c5,201
342,c5,49
343,c234,336
344,c5,66
345,c234,405
346,c5,220
347,c5,187
348,c5,439
349,c5,27
350,c5,21
351,c234,149
352,c1,48
353,c1,1210
354,c1,320
355,c5,207
356,c5,339
357,c1,905
358,c234,90
359,c234,258
360,c5,150
361,c234,305
362,c1,117
363,c234,225
364,c234,188
365,c1,50
366,c1,259
367,c1,247
368,c5,146
369,c5,188
370,c5,176
371,c5,50
372,c234,207
373,c5,357
374,c234,124
375,c1,616
376,c1,252
377,c1,135
378,c5,495
379,c5,635
380,c5,325
381,c1,497
382,c5,432
383,c1,684
384,c5,83
385,c234,374
386,c5,116
387,c5,433
388,c5,286
389,c234,395
390,c5,108
391,c5,177
392,c1,422
393,c234,138
394,c1,438
395,c5,29
396,c234,708
397,c1,117
398,c5,320
399,c234,270
400,c1,81
401,c234,546
402,c234,470
403,c234,354
404,c5,312
405,c234,449
406,c1,780
407,c1,235
408,c5,69
409,c1,24
410,c234,42
411,c5,287
412,c1,171
413,c1,211
414,c234,305
415,c234,97
416,c1,714
417,c234,144
418,c234,1592
419,c1,85
420,c5,9
421,c1,638
422,c1,492
423,c1,288
424,c1,67
425,c1,280
426,c1,481
427,c1,411
428,c1,1073
429,c1,141
430,c234,667
431,c5,845
432,c234,460
433,c234,631
434,c5,218
435,c1,49
436,c1,173
437,c1,483
438,c234,44
439,c5,110
440,c1,320
441,c1,312
442,c1,186
443,c234,270
444,c234,1208
445,c5,76
446,c1,168
447,c234,203
448,c234,96
449,c5,1257
450,c5,260
451,c1,595
452,c5,407
453,c234,169
454,c1,410
455,c5,901
456,c5,392
457,c234,412
458,c1,320
459,c234,529
460,c1,863
461,c5,203
462,c234,230
463,c1,419
464,c234,172
465,c5,300
466,c5,74
467,c234,27
468,c1,326
469,c1,53
470,c234,412
471,c5,29
472,c1,401
473,c234,89
474,c5,30
475,c1,331
476,c1,313
477,c234,746
478,c1,287
479,c1,375
480,c234,149
481,c234,45
482,c5,533
483,c5,595
484,c1,225
485,c5,690
486,c1,179
487,c234,416
488,c234,130
489,c5,62
490,c5,40
491,c234,65
492,c234,266
493,c1,236
494,c234,257
495,c234,58
496,c234,22
497,c5,76
498,c234,292
499,c1,804
500,c234,376
501,c1,287
502,c5,174
503,c1,184
504,c1,243
505,c5,599
506,c5,81
507,c234,98
508,c234,88
509,c234,22
510,c5,16
511,c5,158
512,c1,208
513,c5,52
514,c234,261
515,c5,629
516,c234,26
517,c5,181
518,c234,52
519,c1,269
520,c1,77
521,c1,116
522,c1,139
523,c5,59
524,c5,420
525,c5,104
526,c5,60
527,c1,256
528,c1,210
529,c1,636
530,c5,549
531,c5,139
532,c1,184
533,c5,59
534,c1,49
535,c1,425
536,c234,290
537,c5,22
538,c5,92
539,c1,83
540,c5,225
541,c234,193
542,c234,413
543,c234,70
544,c234,224
545,c1,46
546,c1,190
547,c1,76
548,c234,247
549,c1,411
550,c5,256
551,c234,330
552,c1,63
553,c234,61
554,c5,554
555,c234,110
556,c234,152
557,c1,746
558,c5,282
559,c1,192
560,c1,893
561,c234,47
562,c1,497
563,c5,208
564,c1,45
565,c234,124
566,c234,154
567,c234,657
568,c1,301
569,c5,59
570,c5,50
571,c5,158
572,c5,285
573,c1,360
574,c234,831
575,c5,162
576,c234,303
577,c5,56
578,c5,142
579,c1,318
580,c5,212
581,c234,537
582,c1,170
583,c5,42
584,c1,291
585,c234,88
586,c234,471
587,c1,157
588,c1,1118
589,c1,348
590,c5,30
591,c234,123
592,c234,375
593,c234,104
594,c1,417
595,c1,159
596,c1,203
597,c1,595
598,c5,175
599,c1,272
600,c5,18
601,c234,148
602,c5,63
603,c5,387
604,c234,337
605,c234,322
606,c1,168
607,c5,178
608,c1,511
609,c5,185
610,c1,242
611,c5,73
612,c5,91
613,c1,98
614,c234,132
615,c1,355
616,c5,163
617,c234,879
618,c1,126
619,c5,335
620,c5,121
621,c234,106
622,c5,276
623,c234,147
624,c1,33
625,c5,18
626,c5,886
627,c234,986
628,c1,523
629,c234,91
630,c234,226
631,c234,57
632,c1,322
633,c1,324
634,c234,21
635,c5,124
636,c234,323
637,c1,139
638,c1,124
639,c1,256
640,c5,413
641,c1,37
642,c5,699
643,c234,13
644,c5,315
645,c234,409
646,c234,434
647,c5,25
648,c1,179
649,c234,47
650,c5,84
651,c1,377
652,c1,309
653,c234,412
654,c234,178
655,c234,376
656,c5,84
657,c234,638
658,c1,251
659,c234,138
660,c5,120
661,c5,53
662,c1,239
663,c5,30
664,c1,94
665,c5,112
666,c234,228
667,c5,43
668,c1,333
669,c5,59
670,c234,237
671,c234,29
672,c234,204
673,c234,490
674,c1,380
675,c5,167
676,c1,169
677,c1,361
678,c5,91
679,c234,252
680,c1,30
681,c1,273
682,c1,301
683,c5,8
684,c234,1137
685,c5,666
686,c5,21
687,c234,111
688,c1,175
689,c234,384
690,c5,187
691,c234,178
692,c5,273
693,c234,353
694,c5,45
695,c234,176
696,c234,211
697,c234,195
698,c5,53
699,c5,54
700,c234,145
701,c5,199
702,c234,421
703,c234,180
704,c1,196
705,c1,132
706,c234,124
707,c1,217
708,c5,364
709,c1,338
710,c1,281
711,c5,234
712,c1,389
713,c234,252
714,c5,129
715,c234,34
716,c234,59
717,c5,66
718,c5,110
719,c5,469
720,c1,1106
721,c5,217
722,c234,121
723,c234,468
724,c5,1513
725,c234,200
726,c5,1633
727,c1,32
728,c1,126
729,c1,56
730,c5,95
731,c5,189
732,c1,339
733,c1,411
734,c234,83
735,c234,88
736,c5,271
737,c234,65
738,c5,289
739,c1,297
740,c234,137
741,c5,44
742,c1,95
743,c234,208
744,c5,236
745,c1,324
746,c5,266
747,c1,250
748,c1,32
749,c234,18
750,c5,133
751,c5,190
752,c234,401
753,c1,98
754,c5,449
755,c1,153
756,c234,59
757,c234,140
758,c5,27
759,c1,253
760,c234,282
761,c1,856
762,c1,91
763,c1,81
764,c234,215
765,c1,402
766,c234,54
767,c5,1053
768,c1,334
769,c5,80
770,c234,292
771,c5,33
772,c5,145
773,c5,88
774,c1,54
775,c234,208
776,c1,379
777,c5,140
778,c5,181
779,c234,272
780,c5,662
781,c1,317
782,c234,290
783,c5,293
784,c234,602
785,c1,566
786,c234,389
787,c1,90
788,c234,178
789,c234,47
790,c234,259
791,c234,143
792,c234,213
793,c1,51
794,c1,894
795,c5,34
796,c5,168
797,c5,233
798,c1,477
799,c234,188
800,c234,173
801,c234,210
802,c5,113
803,c234,150
804,c5,130
805,c1,211
806,c1,64
807,c5,354
808,c234,195
809,c5,215
810,c5,201
811,c1,441
812,c1,107
813,c5,61
814,c5,322
815,c1,177
816,c5,177
817,c5,43
818,c5,396
819,c5,389
820,c5,57
821,c234,400
822,c1,979
823,c5,48
824,c1,214
825,c234,113
826,c5,81
827,c5,349
828,c234,257
829,c1,164
830,c5,362
831,c234,32
832,c1,104
833,c234,173
834,c234,286
835,c5,271
836,c234,325
837,c234,81
838,c5,637
839,c5,25
840,c5,48
841,c234,482
842,c5,198
843,c5,49
844,c5,36
845,c1,429
846,c234,1847
847,c1,103
848,c234,183
849,c5,43
850,c1,401
851,c5,359
852,c1,161
853,c5,313
854,c234,287
855,c234,437
856,c1,118
857,c234,146
858,c1,98
859,c5,176
860,c1,1086
861,c1,339
862,c234,559
863,c1,107
864,c1,309
865,c5,105
866,c5,32
867,c5,162
868,c1,138
869,c1,91
870,c1,89
871,c5,308
872,c234,126
873,c5,251
874,c234,393
875,c1,377
876,c5,80
877,c5,164
878,c5,192
879,c234,27
880,c1,106
881,c234,647
882,c1,143
883,c5,110
884,c234,304
885,c5,154
886,c5,318
887,c234,117
888,c1,268
889,c5,124
890,c1,90
891,c5,213
892,c234,157
893,c234,243
894,c1,126
895,c5,39
896,c1,241
897,c1,365
898,c234,48
899,c5,403
900,c5,253
901,c234,525
902,c1,88
903,c5,48
904,c1,470
905,c1,100
906,c5,53
907,c234,449
908,c5,33
909,c5,169
910,c5,168
911,c5,253
912,c5,153
913,c1,80
914,c5,123
915,c1,343
916,c234,421
917,c5,90
918,c1,162
919,c1,61
920,c234,138
921,c234,77
922,c234,54
923,c234,331
924,c234,160
925,c1,499
926,c5,265
927,c5,106
928,c234,369
929,c1,63
930,c1,282
931,c1,21
932,c234,318
933,c234,195
934,c234,174
935,c5,96
936,c5,25
937,c234,150
938,c234,162
939,c1,356
940,c1,289
941,c1,532
942,c1,76
943,c5,120
944,c1,15
945,c5,237
946,c1,9
947,c5,58
948,c234,130
949,c234,249
950,c234,544
951,c234,106
952,c234,634
953,c1,257
954,c1,102
955,c234,136
956,c5,59
957,c1,51
958,c1,132
959,c1,191
960,c5,477
961,c234,336
962,c5,43
963,c234,71
964,c1,180
965,c234,363
966,c1,630
967,c1,208
968,c5,246
969,c5,372
970,c1,617
971,c5,330
972,c1,232
973,c1,158
974,c5,123
975,c1,104
976,c1,99
977,c5,11
978,c234,329
979,c5,144
980,c5,35
981,c5,44
982,c1,81
983,c234,25
984,c1,276
985,c1,279
986,c234,363
987,c1,77
988,c234,55
989,c234,542
990,c234,284
991,c1,182
992,c234,168
993,c234,401
994,c5,665
995,c1,67
996,c234,319
997,c234,138
998,c234,282
999,c5,51
1000,c234,487
1001,c234,848
1002,c1,280
1003,c234,418
1004,c1,130
1005,c234,238
1006,c1,531
1007,c5,292
1008,c1,287
1009,c234,202
1010,c5,132
1011,c234,557
1012,c234,585
1013,c1,94
1014,c5,20
1015,c234,24
1016,c1,109
1017,c5,554
1018,c234,256
1019,c1,70
1020,c1,15
1021,c1,82
1022,c234,68
1023,c234,391
1024,c234,508
1025,c5,242
1026,c5,54
1027,c1,132
1028,c1,280
1029,c1,549
1030,c5,197
1031,c5,226
1032,c1,412
1033,c1,30
1034,c1,179
1035,c234,137
1036,c5,101
1037,c234,670
1038,c1,111
1039,c5,187
1040,c5,10
1041,c5,381
1042,c1,405
1043,c234,1537
1044,c1,43
1045,c1,173
1046,c234,239
1047,c234,129
1048,c5,524
1049,c1,271
1050,c1,52
1051,c5,1360
1052,c234,81
1053,c1,26
1054,c5,407
1055,c234,241
1056,c1,657
1057,c234,163
1058,c234,240
1059,c5,490
1060,c234,107
1061,c5,375
1062,c5,141
1063,c234,211
1064,c1,158
1065,c5,66
1066,c234,242
1067,c234,156
1068,c5,135
1069,c234,567
1070,c1,52
1071,c5,389
1072,c1,40
1073,c1,87
1074,c1,77
1075,c234,210
1076,c1,145
1077,c5,283
1078,c1,111
1079,c5,229
1080,c5,371
1081,c234,694
1082,c1,343
1083,c1,32
1084,c1,204
1085,c234,292
1086,c1,282
1087,c234,95
1088,c234,325
1089,c1,271
1090,c1,241
1091,c5,218
1092,c234,128
1093,c5,146
1094,c1,81
1095,c1,151
1096,c5,89
1097,c5,354
1098,c234,62
1099,c234,244
1100,c234,488
1101,c5,77
1102,c234,109
1103,c1,281
1104,c5,268
1105,c5,28
1106,c234,243
1107,c234,87
1108,c234,8
1109,c234,83
1110,c1,164
1111,c234,507
1112,c5,126
1113,c234,237
1114,c1,200
1115,c1,60
1116,c234,282
1117,c5,135
1118,c1,402
1119,c1,640
1120,c234,81
1121,c234,130
1122,c234,113
1123,c234,81
1124,c234,718
1125,c1,114
1126,c5,138
1127,c5,187
1128,c234,201
1129,c234,680
1130,c1,43
1131,c1,283
1132,c1,462
1133,c234,240
1134,c5,55
1135,c234,23
1136,c1,238
1137,c234,186
1138,c234,257
1139,c5,84
1140,c5,164
1141,c1,35
1142,c5,651
1143,c1,198
1144,c5,81
1145,c234,512
1146,c1,811
1147,c234,259
1148,c1,168
1149,c1,908
1150,c1,278
1151,c234,653
1152,c5,289
1153,c5,33
1154,c1,459
1155,c5,81
1156,c234,324
1157,c234,125
1158,c234,240
1159,c234,64
1160,c5,93
1161,c234,497
1162,c5,281
1163,c234,306
1164,c5,648
1165,c234,215
1166,c5,76
1167,c1,179
1168,c234,80
1169,c5,664
1170,c5,507
1171,c5,545
1172,c5,124
1173,c234,654
1174,c1,122
1175,c5,47
1176,c234,316
1177,c1,609
1178,c5,101
1179,c5,196
1180,c5,62
1181,c234,41
1182,c234,532
1183,c5,176
1184,c234,433
1185,c234,422
1186,c5,243
1187,c1,90
1188,c234,106
1189,c1,86
1190,c234,215
1191,c5,8
1192,c1,616
1193,c1,341
1194,c234,151
1195,c234,455
1196,c5,109
1197,c5,59
1198,c1,125
1199,c5,78
1200,c5,171
1201,c234,93
1202,c234,261
1203,c234,33
1204,c234,421
1205,c1,370
1206,c234,42
1207,c5,413
1208,c5,331
1209,c5,41
1210,c5,82
1211,c5,68
1212,c1,530
1213,c234,209
1214,c5,96
1215,c1,428
1216,c234,50
1217,c1,219
1218,c5,124
1219,c234,739
1220,c5,238
1221,c1,92
1222,c1,97
1223,c234,852
1224,c234,58
1225,c1,250
1226,c5,290
1227,c5,43
1228,c234,126
1229,c234,72
1230,c5,168
1231,c5,50
1232,c5,99
1233,c1,99
1234,c5,83
1235,c5,73
1236,c5,452
1237,c234,121
1238,c1,350
1239,c5,261
1240,c1,1194
1241,c5,107
1242,c5,335
1243,c234,572
1244,c5,1493
1245,c5,140
1246,c5,247
1247,c5,248
1248,c1,642
1249,c1,139
1250,c234,713
1251,c5,97
1252,c234,177
1253,c234,138
1254,c5,329
1255,c234,250
1256,c234,81
1257,c1,81
1258,c234,12
1259,c234,275
1260,c234,232
1261,c5,372
1262,c5,374
1263,c5,232
1264,c1,104
1265,c234,287
1266,c234,20
1267,c5,69
1268,c5,167
1269,c5,67
1270,c234,548
1271,c5,111
1272,c5,130
1273,c1,41
1274,c5,60
1275,c234,108
1276,c1,164
1277,c234,16
1278,c5,51
1279,c234,92
1280,c1,74
1281,c1,197
1282,c5,116
1283,c234,565
1284,c1,300
1285,c5,253
1286,c234,615
1287,c1,222
1288,c1,330
1289,c234,22
1290,c234,143
1291,c5,245
1292,c1,112
1293,c234,438
1294,c234,689
1295,c5,507
1296,c1,38
1297,c234,84
1298,c5,185
1299,c1,112
1300,c234,33
1301,c5,604
1302,c5,37
1303,c234,61
1304,c1,461
1305,c1,286
1306,c234,537
1307,c1,89
1308,c234,349
1309,c234,48
1310,c1,337
1311,c1,103
1312,c5,24
1313,c234,117
1314,c5,256
1315,c234,79
1316,c1,97
1317,c1,158
1318,c1,226
1319,c1,161
1320,c234,224
1321,c5,442
1322,c5,79
1323,c5,76
1324,c234,171
1325,c1,26
1326,c234,125
1327,c1,113
1328,c5,131
1329,c5,25
1330,c5,808
1331,c1,489
1332,c234,319
1333,c5,125
1334,c5,28
1335,c1,35
1336,c1,50
1337,c5,112
1338,c234,136
1339,c1,112
1340,c5,45
1341,c1,349
1342,c234,337
1343,c234,188
1344,c234,48
1345,c5,212
1346,c5,53
1347,c234,216
1348,c5,565
1349,c5,129
1350,c5,202
1351,c1,721
1352,c5,114
1353,c234,159
1354,c5,346
1355,c234,42
1356,c234,25
1357,c234,760
1358,c1,168
1359,c5,47
1360,c5,32
1361,c5,168
1362,c1,166
1363,c1,105
1364,c1,55
1365,c1,188
1366,c5,42
1367,c234,125
1368,c1,274
1369,c1,74
1370,c1,174
1371,c5,264
1372,c5,231
1373,c5,599
1374,c234,640
1375,c1,450
1376,c1,90
1377,c234,26
1378,c5,192
1379,c1,55
1380,c1,367
1381,c234,657
1382,c1,684
1383,c234,50
1384,c1,307
1385,c234,435
1386,c5,100
1387,c5,389
1388,c234,686
1389,c234,137
1390,c1,512
1391,c1,67
1392,c234,371
1393,c234,548
1394,c234,374
1395,c1,124
1396,c1,38
1397,c234,290
1398,c234,24
1399,c5,120
1400,c5,84
1401,c234,1084
1402,c5,28
1403,c5,563
1404,c5,125
1405,c1,315
1406,c1,158
1407,c1,37
1408,c5,38
1409,c5,228
1410,c234,328
1411,c234,184
1412,c5,55
1413,c5,38
1414,c5,69
1415,c1,55
1416,c5,64
1417,c5,264
1418,c234,63
1419,c1,676
1420,c5,198
1421,c5,404
1422,c1,390
1423,c234,226
1424,c5,133
1425,c234,44
1426,c5,81
1427,c5,641
1428,c1,471
1429,c234,332
1430,c5,82
1431,c5,146
1432,c234,461
1433,c5,88
1434,c1,365
1435,c5,487
1436,c234,80
1437,c1,278
1438,c1,346
1439,c234,114
1440,c5,129
1441,c5,497
1442,c5,196
1443,c5,316
1444,c234,233
1445,c5,186
1446,c5,56
1447,c5,687
1448,c5,188
1449,c5,143
1450,c1,130
1451,c1,156
1452,c5,231
1453,c234,52
1454,c1,238
1455,c234,426
1456,c1,207
1457,c234,108
1458,c234,147
1459,c234,118
1460,c234,310
1461,c234,251
1462,c5,292
1463,c234,149
1464,c1,106
1465,c234,110
1466,c1,146
1467,c5,134
1468,c1,47
1469,c5,196
1470,c1,243
1471,c1,468
1472,c5,593
1473,c5,751
1474,c234,246
1475,c1,222
1476,c1,33
1477,c234,242
1478,c234,280
1479,c1,212
1480,c1,666
1481,c234,108
1482,c1,35
1483,c1,65
1484,c1,464
1485,c234,285
1486,c5,104
1487,c5,109
1488,c234,192
1489,c5,96
1490,c1,7
1491,c1,707
1492,c234,723
1493,c5,152
1494,c5,66
1495,c1,133
1496,c234,827
1497,c5,156
1498,c5,207
1499,c234,435
1500,c234,250
1501,c5,74
1502,c234,80
1503,c234,99
1504,c234,218
1505,c1,507
1506,c5,73
1507,c1,202
1508,c5,184
1509,c5,275
1510,c5,597
1511,c234,246
1512,c1,77
1513,c1,55
1514,c5,23
1515,c1,256
1516,c5,957
1517,c5,969
1518,c1,445
1519,c5,624
1520,c5,157
1521,c5,405
1522,c234,365
1523,c5,83
1524,c5,27
1525,c5,215
1526,c234,833
1527,c1,157
1528,c1,294
1529,c5,116
1530,c5,24
1531,c234,611
1532,c234,81
1533,c5,144
1534,c1,80
1535,c1,675
1536,c5,144
1537,c1,49
1538,c1,240
1539,c1,400
1540,c1,1173
1541,c1,210
1542,c5,157
1543,c1,705
1544,c5,116
1545,c1,153
1546,c5,139
1547,c5,26
1548,c1,81
1549,c5,51
1550,c234,255
1551,c234,66
1552,c1,1468
1553,c1,182
1554,c234,321
1555,c5,212
1556,c1,249
1557,c5,305
1558,c234,67
1559,c5,118
1560,c234,151
1561,c5,114
1562,c5,169
1563,c1,132
1564,c5,152
1565,c5,77
1566,c5,147
1567,c1,316
1568,c234,136
1569,c5,103
1570,c5,113
1571,c5,2412
1572,c5,29
1573,c5,246
1574,c5,18
1575,c5,87
1576,c234,258
1577,c5,126
1578,c1,317
1579,c1,110
1580,c5,170
1581,c5,23
1582,c5,118
1583,c1,44
1584,c234,60
1585,c234,154
1586,c5,219
1587,c234,73
1588,c5,281
1589,c1,279
1590,c234,338
1591,c5,233
1592,c234,109
1593,c234,26
1594,c234,18
1595,c234,298
1596,c234,343
1597,c234,9
1598,c5,318
1599,c5,82
1600,c5,118
1601,c5,138
1602,c234,77
1603,c234,308
1604,c1,257
1605,c5,53
1606,c1,119
1607,c234,127
1608,c1,258
1609,c5,217
1610,c1,100
1611,c5,48
1612,c1,215
1613,c1,813
1614,c234,33
1615,c1,251
1616,c234,114
1617,c1,323
1618,c234,871
1619,c5,70
1620,c234,73
1621,c234,286
1622,c5,49
1623,c1,225
1624,c1,47
1625,c5,127
1626,c5,127
1627,c5,1046
1628,c5,69
1629,c234,60
1630,c5,133
1631,c1,289
1632,c234,309
1633,c5,44
1634,c5,424
1635,c234,108
1636,c5,139
1637,c5,264
1638,c5,626
1639,c1,121
1640,c234,183
1641,c5,65
1642,c234,218
1643,c234,603
1644,c1,139
1645,c5,348
1646,c5,504
1647,c5,151
1648,c1,96
1649,c1,224
1650,c5,71
1651,c1,347
1652,c234,27
1653,c234,236
1654,c5,224
1655,c5,152
1656,c5,49
1657,c234,15
1658,c234,35
1659,c1,392
1660,c1,232
1661,c234,193
1662,c5,399
1663,c234,64
1664,c5,81
1665,c234,139
1666,c5,144
1667,c1,351
1668,c234,66
1669,c234,1061
1670,c1,149
1671,c1,20
1672,c5,168
1673,c234,192
1674,c1,107
1675,c5,42
1676,c1,309
1677,c234,32
1678,c234,18
1679,c234,521
1680,c5,511
1681,c234,680
1682,c5,115
1683,c234,811
1684,c1,75
1685,c1,129
1686,c1,501
1687,c234,240
1688,c1,326
1689,c1,184
1690,c5,313
1691,c1,719
1692,c5,56
1693,c234,153
1694,c1,285
1695,c234,116
1696,c5,302
1697,c5,183
1698,c234,245
1699,c234,114
1700,c1,815
1701,c5,114
1702,c234,70
1703,c234,97
1704,c5,16
1705,c1,146
1706,c234,89
1707,c5,236
1708,c1,321
1709,c1,223
1710,c234,115
1711,c5,125
1712,c234,109
1713,c234,314
1714,c5,240
1715,c1,252
1716,c5,90
1717,c5,64
1718,c234,84
1719,c5,208
1720,c1,32
1721,c234,304
1722,c1,93
1723,c234,84
1724,c5,340
1725,c234,172
1726,c234,1217
1727,c234,481
1728,c234,94
1729,c5,158
1730,c234,344
1731,c234,57
1732,c5,324
1733,c234,356
1734,c1,245
1735,c1,796
1736,c1,210
1737,c1,559
1738,c234,171
1739,c5,100
1740,c1,30
1741,c234,188
1742,c5,330
1743,c234,201
1744,c234,407
1745,c234,312
1746,c234,154
1747,c234,556
1748,c234,79
1749,c5,44
1750,c5,139
1751,c234,53
1752,c5,42
1753,c1,98
1754,c5,162
1755,c234,443
1756,c234,70
1757,c1,294
1758,c1,728
1759,c234,565
1760,c234,85
1761,c234,237
1762,c1,471
1763,c234,49
1764,c5,126
1765,c5,185
1766,c5,84
1767,c1,133
1768,c1,160
1769,c5,56
1770,c234,825
1771,c5,75
1772,c5,303
1773,c5,57
1774,c234,544
1775,c234,217
1776,c5,56
1777,c234,130
1778,c5,37
1779,c5,268
1780,c1,265
1781,c234,259
1782,c5,554
1783,c1,214
1784,c5,138
1785,c5,58
1786,c1,160
1787,c1,208
1788,c5,25
1789,c5,1806
1790,c234,1047
1791,c5,23
1792,c234,156
1793,c1,53
1794,c1,249
1795,c1,183
1796,c5,281
1797,c234,10
1798,c1,391
1799,c5,208
1800,c5,234
1801,c234,73
1802,c5,41
1803,c5,108
1804,c234,583
1805,c1,123
1806,c5,565
1807,c5,49
1808,c5,116
1809,c5,243
1810,c5,422
1811,c5,256
1812,c1,279
1813,c234,142
1814,c5,181
1815,c5,107
1816,c234,418
1817,c5,82
1818,c234,293
1819,c5,260
1820,c5,123
1821,c1,73
1822,c5,117
1823,c5,86
1824,c1,324
1825,c5,396
1826,c234,254
1827,c234,119
1828,c1,659
1829,c1,667
1830,c234,317
1831,c5,98
1832,c1,226
1833,c234,60
1834,c234,240
1835,c1,244
1836,c234,321
1837,c234,314
1838,c234,380
1839,c234,53
1840,c1,396
1841,c5,168
1842,c234,161
1843,c234,211
1844,c1,42
1845,c1,288
1846,c5,678
1847,c1,42
1848,c234,239
1849,c234,698
1850,c1,64
1851,c234,130
1852,c1,170
1853,c234,77
1854,c1,29
1855,c234,401
1856,c234,123
1857,c234,360
1858,c1,79
1859,c1,688
1860,c234,406
1861,c234,87
1862,c1,414
1863,c234,816
1864,c5,257
1865,c1,491
1866,c234,417
1867,c1,63
1868,c234,249
1869,c1,257
1870,c1,220
1871,c234,39
1872,c234,240
1873,c1,51
1874,c234,125
1875,c234,177
1876,c5,36
1877,c1,19
1878,c5,256
1879,c5,1094
1880,c234,314
1881,c234,114
1882,c5,614
1883,c5,507
1884,c1,194
1885,c5,551
1886,c1,789
1887,c234,212
1888,c234,47
1889,c1,581
1890,c234,147
1891,c5,34
1892,c1,172
1893,c5,80
1894,c1,82
1895,c5,466
1896,c5,533
1897,c1,544
1898,c1,36
1899,c5,29
1900,c234,737
1901,c5,115
1902,c234,384
1903,c234,393
1904,c1,214
1905,c1,391
1906,c234,292
1907,c1,397
1908,c234,175
1909,c234,114
1910,c234,35
1911,c234,817
1912,c234,164
1913,c5,63
1914,c5,57
1915,c1,154
1916,c234,13
1917,c234,207
1918,c234,50
1919,c1,405
1920,c1,75
1921,c1,345
1922,c5,570
1923,c5,124
1924,c1,113
1925,c234,80
1926,c234,324
1927,c234,129
1928,c234,284
1929,c234,485
1930,c234,434
1931,c1,475
1932,c234,142
1933,c1,379
1934,c234,152
1935,c5,194
1936,c1,108
1937,c234,60
1938,c1,68
1939,c1,171
1940,c1,139
1941,c1,48
1942,c5,81
1943,c1,9
1944,c1,702
1945,c5,1601
1946,c234,153
1947,c5,30
1948,c5,232
1949,c234,352
1950,c5,62
1951,c234,328
1952,c5,207
1953,c234,87
1954,c1,342
1955,c1,377
1956,c5,247
1957,c1,568
1958,c234,588
1959,c234,38
1960,c234,267
1961,c5,247
1962,c234,475
1963,c5,48
1964,c5,257
1965,c5,30
1966,c5,51
1967,c1,16
1968,c5,232
1969,c5,173
1970,c234,398
1971,c234,401
1972,c1,548
1973,c1,69
1974,c1,275
1975,c234,1076
1976,c234,95
1977,c1,23
1978,c5,103
1979,c234,1416
1980,c234,243
1981,c1,206
1982,c5,259
1983,c234,1487
1984,c234,288
1985,c1,75
1986,c234,619
1987,c234,145
1988,c1,761
1989,c1,15
1990,c234,523
1991,c5,202
1992,c1,48
1993,c1,13
1994,c5,236
1995,c5,219
1996,c5,140
1997,c234,167
1998,c5,308
1999,c234,139
2000,c1,531
2001,c5,346
2002,c1,305
2003,c1,23
2004,c5,288
2005,c5,76
2006,c5,95
2007,c1,572
2008,c234,13
2009,c234,287
2010,c234,280
2011,c5,45
2012,c1,287
2013,c5,34
2014,c1,573
2015,c234,489
2016,c1,285
2017,c5,72
2018,c234,367
2019,c1,65
2020,c5,152
2021,c234,24
2022,c5,112
2023,c5,279
2024,c234,196
2025,c234,395
2026,c5,80
2027,c1,138
2028,c234,308
2029,c234,404
2030,c5,251
2031,c1,73
2032,c1,1113
2033,c1,169
2034,c1,393
2035,c5,194
2036,c1,272
2037,c5,136
2038,c5,84
2039,c234,74
2040,c5,196
2041,c1,179
2042,c1,136
2043,c5,333
2044,c5,137
2045,c234,184
2046,c234,680
2047,c234,204
2048,c5,100
2049,c234,50
2050,c234,57
2051,c5,559
2052,c1,224
2053,c5,302
2054,c234,183
2055,c5,134
2056,c1,501
2057,c1,45
2058,c234,175
2059,c234,151
2060,c5,71
2061,c1,95
2062,c5,265
2063,c234,214
2064,c5,163
2065,c234,133
2066,c5,110
2067,c1,89
2068,c1,213
2069,c1,102
2070,c5,208
2071,c5,46
2072,c1,284
2073,c234,57
2074,c234,693
2075,c5,151
2076,c1,122
2077,c5,214
2078,c1,28
2079,c1,94
2080,c5,100
2081,c1,100
2082,c5,179
2083,c5,206
2084,c234,137
2085,c5,85
2086,c5,325
2087,c5,43
2088,c5,485
2089,c234,445
2090,c234,1065
2091,c234,95
2092,c5,141
2093,c1,331
2094,c1,35
2095,c1,1654
2096,c1,265
2097,c5,69
2098,c234,146
2099,c1,253
2100,c1,395
2101,c5,84
2102,c1,72
2103,c1,72
2104,c5,25
2105,c1,282
2106,c5,47
2107,c1,304
2108,c234,391
2109,c234,73
2110,c1,33
2111,c234,224
2112,c1,261
2113,c1,1575
2114,c1,426
2115,c1,1104
2116,c1,304
2117,c234,397
2118,c5,69
2119,c234,530
2120,c5,298
2121,c1,244
2122,c5,28
2123,c234,224
2124,c234,176
2125,c1,375
2126,c1,309
2127,c5,118
2128,c5,29
2129,c234,253
2130,c1,223
2131,c1,81
2132,c234,178
2133,c234,250
2134,c1,112
2135,c5,230
2136,c1,369
2137,c5,41
2138,c5,76
2139,c5,194
2140,c234,412
2141,c1,559
2142,c5,118
2143,c5,73
2144,c1,51
2145,c234,169
2146,c234,648
2147,c234,310
2148,c5,128
2149,c234,261
2150,c234,747
2151,c5,324
2152,c1,117
2153,c1,166
2154,c5,39
2155,c1,192
2156,c234,173
2157,c1,578
2158,c234,112
2159,c1,153
2160,c234,41
2161,c5,117
2162,c1,290
2163,c234,111
2164,c1,31
2165,c1,41
2166,c1,231
2167,c5,59
2168,c234,345
2169,c234,345
2170,c5,25
2171,c234,351
2172,c234,494
2173,c234,360
2174,c1,232
2175,c5,124
2176,c234,150
2177,c5,17
2178,c1,53
2179,c5,95
2180,c234,44
2181,c1,227
2182,c234,102
2183,c234,318
2184,c234,313
2185,c5,127
2186,c5,451
2187,c5,770
2188,c234,22
2189,c5,155
2190,c5,93
2191,c234,186
2192,c5,960
2193,c5,411
2194,c5,921
2195,c5,46
2196,c1,548
2197,c1,312
2198,c5,40
2199,c5,183
2200,c5,45
2201,c1,125
2202,c1,45
2203,c234,199
2204,c1,58
2205,c234,88
2206,c234,793
2207,c5,94
2208,c5,339
2209,c1,149
2210,c234,249
2211,c234,434
2212,c1,286
2213,c5,712
2214,c234,252
2215,c5,149
2216,c234,69
2217,c1,40
2218,c1,146
2219,c1,362
2220,c5,184
2221,c5,179
2222,c5,223
2223,c234,625
2224,c5,46
2225,c234,105
2226,c1,49
2227,c234,1613
2228,c1,439
2229,c5,65
2230,c5,109
2231,c1,69
2232,c234,212
2233,c5,43
2234,c5,43
2235,c234,105
2236,c234,146
2237,c1,397
2238,c5,190
2239,c234,251
2240,c234,261
2241,c5,102
2242,c5,122
2243,c1,264
2244,c1,77
2245,c234,610
2246,c1,830
2247,c234,101
2248,c1,361
2249,c5,285
2250,c1,495
2251,c5,107
2252,c234,95
2253,c1,256
2254,c234,255
2255,c234,280
2256,c5,323
2257,c1,636
2258,c5,220
2259,c5,112
2260,c1,79
2261,c1,153
2262,c234,12
2263,c1,89
2264,c1,222
2265,c5,131
2266,c234,365
2267,c234,119
2268,c1,186
2269,c234,117
2270,c1,468
2271,c5,154
2272,c234,1055
2273,c1,100
2274,c5,391
2275,c5,135
2276,c234,694
2277,c234,140
2278,c5,313
2279,c1,184
2280,c234,9
2281,c1,63
2282,c234,88
2283,c1,629
2284,c1,92
2285,c234,282
2286,c1,44
2287,c5,1015
2288,c1,96
2289,c234,194
2290,c234,343
2291,c234,649
2292,c5,610
2293,c234,136
2294,c234,49
2295,c234,318
2296,c1,22
2297,c5,112
2298,c234,93
2299,c234,50
2300,c5,515
2301,c1,653
2302,c1,843
2303,c1,25
2304,c1,73
2305,c5,289
2306,c1,533
2307,c5,367
2308,c234,320
2309,c234,221
2310,c1,114
2311,c5,112
2312,c234,77
2313,c5,101
2314,c5,641
2315,c5,213
2316,c5,163
2317,c234,226
2318,c1,748
2319,c5,371
2320,c234,428
2321,c1,259
2322,c234,193
2323,c234,110
2324,c5,384
2325,c5,225
2326,c234,101
2327,c234,198
2328,c234,63
2329,c234,32
2330,c1,12
2331,c234,260
2332,c5,130
2333,c1,128
2334,c5,448
2335,c1,163
2336,c234,21
2337,c234,269
2338,c5,388
2339,c234,65
2340,c5,319
2341,c1,74
2342,c234,9
2343,c1,162
2344,c1,341
2345,c1,46
2346,c234,196
2347,c234,397
2348,c1,283
2349,c5,86
2350,c5,129
2351,c234,251
2352,c5,151
2353,c5,406
2354,c5,355
2355,c5,385
2356,c5,247
2357,c5,217
2358,c1,180
2359,c234,290
2360,c1,58
2361,c1,386
2362,c1,192
2363,c1,180
2364,c1,48
2365,c234,582
2366,c1,307
2367,c234,187
2368,c5,112
2369,c5,83
2370,c5,198
2371,c234,286
2372,c1,285
2373,c5,82
2374,c1,51
2375,c1,57
2376,c1,275
2377,c5,417
2378,c1,151
2379,c234,227
2380,c234,500
2381,c1,529
2382,c234,61
2383,c1,130
2384,c1,511
2385,c5,298
2386,c234,475
2387,c5,505
2388,c5,43
2389,c234,89
2390,c234,371
2391,c1,157
2392,c234,112
2393,c1,95
2394,c234,96
2395,c234,286
2396,c1,86
2397,c5,50
2398,c5,181
2399,c234,106
2400,c5,341
2401,c5,304
2402,c5,565
2403,c5,32
2404,c1,181
2405,c5,1019
2406,c1,217
2407,c234,169
2408,c5,60
2409,c234,436
2410,c1,60
2411,c1,266
2412,c234,279
2413,c5,54
2414,c5,219
2415,c5,44
2416,c1,172
2417,c1,115
2418,c1,190
2419,c1,222
2420,c5,322
2421,c234,336
2422,c5,102
2423,c5,120
2424,c5,304
2425,c234,424
2426,c5,81
2427,c1,462
2428,c5,167
2429,c5,206
2430,c1,169
2431,c5,176
2432,c1,218
2433,c1,219
2434,c5,69
2435,c5,527
2436,c234,344
2437,c1,1338
2438,c5,157
2439,c234,231
2440,c234,573
2441,c234,371
2442,c234,136
2443,c234,32
2444,c1,26
2445,c234,91
2446,c1,66
2447,c1,307
2448,c234,394
2449,c5,34
2450,c5,462
2451,c1,819
2452,c234,23
2453,c234,348
2454,c234,416
2455,c5,245
2456,c5,620
2457,c5,280
2458,c5,43
2459,c1,76
2460,c234,713
2461,c234,474
2462,c234,231
2463,c234,482
2464,c5,401
2465,c234,322
2466,c5,234
2467,c5,21
2468,c1,497
2469,c5,467
2470,c1,32
2471,c5,226
2472,c5,109
2473,c234,384
2474,c234,582
2475,c234,321
2476,c1,1173
2477,c234,454
2478,c5,239
2479,c5,40
2480,c5,68
2481,c1,75
2482,c5,164
2483,c1,183
2484,c1,146
2485,c1,117
2486,c1,16
2487,c5,248
2488,c1,486
2489,c5,161
2490,c1,90
2491,c5,255
2492,c1,159
2493,c234,231
2494,c5,144
2495,c5,423
2496,c5,102
2497,c1,174
2498,c234,250
2499,c1,90
2500,c5,34
2501,c234,244
2502,c234,366
2503,c5,357
2504,c234,516
2505,c1,55
2506,c1,81
2507,c234,267
2508,c5,145
2509,c5,95
2510,c234,211
2511,c1,338
2512,c234,78
2513,c1,536
2514,c234,151
2515,c5,121
2516,c1,44
2517,c5,141
2518,c5,64
2519,c234,59
2520,c1,53
2521,c234,284
2522,c5,241
2523,c1,77
2524,c5,416
2525,c1,78
2526,c5,236
2527,c5,1145
2528,c5,143
2529,c234,457
2530,c1,243
2531,c5,253
2532,c1,150
2533,c234,194
2534,c5,238
2535,c234,56
2536,c1,200
2537,c5,191
2538,c234,32
2539,c5,170
2540,c1,18
2541,c234,12
2542,c1,88
2543,c5,200
2544,c5,91
2545,c5,326
2546,c234,20
2547,c5,162
2548,c5,146
2549,c5,164
2550,c1,222
2551,c1,182
2552,c5,569
2553,c5,297
2554,c234,96
2555,c234,152
2556,c5,254
2557,c234,230
2558,c5,153
2559,c1,82
2560,c5,81
2561,c5,229
2562,c5,412
2563,c234,10
2564,c234,101
2565,c5,237
2566,c5,171
2567,c1,51
2568,c234,162
2569,c234,154
2570,c5,158
2571,c234,46
2572,c5,197
2573,c234,148
2574,c5,624
2575,c234,401
2576,c234,208
2577,c234,120
2578,c234,299
2579,c1,389
2580,c5,401
2581,c234,292
2582,c5,238
2583,c5,201
2584,c234,709
2585,c234,556
2586,c1,372
2587,c234,442
2588,c234,92
2589,c5,210
2590,c5,114
2591,c234,32
2592,c5,102
2593,c5,540
2594,c5,478
2595,c1,110
2596,c5,187
2597,c234,233
2598,c5,780
2599,c234,60
2600,c234,243
2601,c234,691
2602,c234,179
2603,c5,188
2604,c234,129
2605,c1,241
2606,c5,50
2607,c5,66
2608,c5,84
2609,c234,397
2610,c1,339
2611,c234,1771
2612,c234,1132
2613,c234,330
2614,c5,152
2615,c1,265
2616,c5,313
2617,c5,35
2618,c1,897
2619,c234,34
2620,c1,48
2621,c5,123
2622,c1,402
2623,c234,102
2624,c5,224
2625,c5,90
2626,c1,27
2627,c1,279
2628,c234,306
2629,c234,138
2630,c5,38
2631,c234,34
2632,c234,56
2633,c234,109
2634,c5,246
2635,c1,177
2636,c5,381
2637,c5,116
2638,c234,51
2639,c234,303
2640,c234,470
2641,c5,198
2642,c1,118
2643,c1,97
2644,c1,359
2645,c5,545
2646,c1,1657
2647,c1,81
2648,c1,911
2649,c234,277
2650,c234,38
2651,c234,943
2652,c234,266
2653,c5,118
2654,c5,144
2655,c1,614
2656,c5,105
2657,c5,437
2658,c234,52
2659,c1,214
2660,c1,231
2661,c5,65
2662,c1,404
2663,c1,232
2664,c5,66
2665,c1,147
2666,c5,402
2667,c5,141
2668,c234,61
2669,c1,283
2670,c1,106
2671,c234,413
2672,c5,158
2673,c234,300
2674,c1,395
2675,c234,89
2676,c1,955
2677,c1,523
2678,c5,59
2679,c234,457
2680,c5,32
2681,c5,493
2682,c5,398
2683,c234,15
2684,c5,349
2685,c5,352
2686,c1,82
2687,c1,308
2688,c1,127
2689,c1,369
2690,c234,131
2691,c1,401
2692,c5,17
2693,c1,51
2694,c1,563
2695,c5,226
2696,c5,438
2697,c234,211
2698,c5,35
2699,c1,401
2700,c5,171
2701,c234,538
2702,c234,42
2703,c234,234
2704,c1,129
2705,c1,362
2706,c234,46
2707,c234,107
2708,c1,58
2709,c5,136
2710,c234,284
2711,c1,353
2712,c234,110
2713,c234,72
2714,c1,119
2715,c1,401
2716,c1,233
2717,c1,114
2718,c1,387
2719,c1,95
2720,c5,9
2721,c5,45
2722,c234,61
2723,c1,32
2724,c1,170
2725,c5,254
2726,c234,853
2727,c5,194
2728,c1,63
2729,c5,451
2730,c1,399
2731,c234,55
2732,c234,423
2733,c234,35
2734,c5,2009
2735,c5,43
2736,c5,155
2737,c5,64
2738,c5,620
2739,c1,152
2740,c5,105
2741,c1,123
2742,c1,288
2743,c5,32
2744,c5,341
2745,c5,60
2746,c1,579
2747,c234,7
2748,c234,85
2749,c5,65
2750,c1,46
2751,c234,151
2752,c1,72
2753,c1,441
2754,c5,793
2755,c5,124
2756,c1,229
2757,c1,246
2758,c1,127
2759,c1,58
2760,c5,225
2761,c5,165
2762,c234,126
2763,c234,272
2764,c5,50
2765,c1,437
2766,c5,40
2767,c5,86
2768,c1,329
2769,c234,282
2770,c5,29
2771,c5,58
2772,c234,136
2773,c234,296
2774,c234,151
2775,c5,521
2776,c1,65
2777,c234,361
2778,c234,116
2779,c5,393
2780,c234,274
2781,c234,169
2782,c5,553
2783,c234,110
2784,c234,546
2785,c5,454
2786,c5,633
2787,c5,37
2788,c1,229
2789,c5,178
2790,c5,473
2791,c234,76
2792,c234,44
2793,c5,100
2794,c234,487
2795,c234,53
2796,c5,120
2797,c234,764
2798,c234,52
2799,c234,514
2800,c5,125
2801,c5,109
2802,c5,112
2803,c234,214
2804,c5,355
2805,c5,112
2806,c1,282
2807,c234,474
2808,c5,652
2809,c1,164
2810,c5,66
2811,c5,40
2812,c1,117
2813,c234,481
2814,c234,34
2815,c5,47
2816,c1,36
2817,c5,645
2818,c234,114
2819,c234,344
2820,c1,32
2821,c1,133
2822,c234,1349
2823,c234,50
2824,c234,321
2825,c1,134
2826,c234,168
2827,c234,125
2828,c5,191
2829,c5,93
2830,c5,34
2831,c234,81
2832,c5,65
2833,c5,172
2834,c5,8
2835,c234,29
2836,c5,428
2837,c1,133
2838,c234,101
2839,c234,108
2840,c234,38
2841,c5,33
2842,c1,394
2843,c1,127
2844,c1,459
2845,c5,492
2846,c5,249
2847,c5,149
2848,c1,48
2849,c5,158
2850,c5,315
2851,c5,299
2852,c234,111
2853,c234,55
2854,c5,31
2855,c234,303
2856,c234,194
2857,c1,324
2858,c234,61
2859,c234,313
2860,c234,341
2861,c5,16
2862,c1,282
2863,c234,211
2864,c234,299
2865,c1,75
2866,c234,489
2867,c234,402
2868,c234,513
2869,c5,155
2870,c1,148
2871,c5,144
2872,c1,242
2873,c5,30
2874,c234,167
2875,c234,218
2876,c5,45
2877,c1,145
2878,c5,207
2879,c234,282
2880,c5,101
2881,c234,42
2882,c234,93
2883,c1,202
2884,c1,214
2885,c5,657
2886,c234,474
2887,c1,22
2888,c1,404
2889,c1,369
2890,c5,71
2891,c5,356
2892,c1,179
2893,c5,59
2894,c5,57
2895,c5,71
2896,c5,1996
2897,c5,15
2898,c5,1126
2899,c5,75
2900,c1,52
2901,c5,64
2902,c1,247
2903,c234,770
2904,c5,161
2905,c5,36
2906,c1,95
2907,c5,247
2908,c1,894
2909,c5,71
2910,c5,256
2911,c1,362
2912,c1,87
2913,c5,458
2914,c1,72
2915,c5,112
2916,c234,400
2917,c5,10
2918,c1,303
2919,c1,168
2920,c5,74
2921,c234,299
2922,c234,122
2923,c1,162
2924,c5,159
2925,c234,64
2926,c5,149
2927,c1,271
2928,c5,334
2929,c5,287
2930,c234,123
2931,c5,887
2932,c1,216
2933,c1,290
2934,c1,130
2935,c1,179
2936,c234,247
2937,c234,303
2938,c234,419
2939,c5,37
2940,c5,237
2941,c1,46
2942,c234,64
2943,c5,364
2944,c234,736
2945,c234,30
2946,c5,49
2947,c234,275
2948,c1,374
2949,c5,34
2950,c1,113
2951,c234,14
2952,c234,449
2953,c5,247
2954,c5,116
2955,c5,1012
2956,c5,38
2957,c234,1484
2958,c1,58
2959,c5,85
2960,c5,37
2961,c1,515
2962,c5,76
2963,c1,86
2964,c1,280
2965,c5,96
2966,c5,867
2967,c234,138
2968,c234,82
2969,c5,153
2970,c5,39
2971,c5,58
2972,c234,1528
2973,c1,407
2974,c1,175
2975,c234,53
2976,c1,103
2977,c1,418
2978,c234,133
2979,c1,31
2980,c234,122
2981,c1,36
2982,c1,25
2983,c234,76
2984,c1,312
2985,c234,82
2986,c5,470
2987,c5,136
2988,c1,282
2989,c234,241
2990,c234,313
2991,c234,348
2992,c5,30
2993,c5,443
2994,c234,219
2995,c5,469
2996,c234,379
2997,c234,482
2998,c234,93
2999,c234,156
3000,c1,333
3001,c234,442
3002,c1,248
3003,c234,53
3004,c234,152
3005,c234,235
3006,c234,815
3007,c234,99
3008,c5,434
3009,c234,16
3010,c5,7
3011,c234,182
3012,c234,150
3013,c5,148
3014,c234,721
3015,c1,282
3016,c5,198
3017,c5,282
3018,c234,298
3019,c234,237
3020,c5,73
3021,c1,27
3022,c234,158
3023,c5,116
3024,c1,52
3025,c234,221
3026,c5,53
3027,c234,355
3028,c5,53
3029,c234,676
3030,c234,144
3031,c1,24
3032,c234,284
3033,c1,143
3034,c234,493
3035,c1,117
3036,c1,755
3037,c234,103
3038,c5,139
3039,c5,47
3040,c5,176
3041,c234,148
3042,c1,115
3043,c234,331
3044,c1,92
3045,c1,441
3046,c1,297
3047,c1,28
3048,c234,436
3049,c234,134
3050,c234,597
3051,c234,115
3052,c1,521
3053,c234,1966
3054,c234,45
3055,c1,81
3056,c234,129
3057,c234,562
3058,c1,216
3059,c5,131
3060,c5,278
3061,c5,202
3062,c1,122
3063,c1,207
3064,c5,185
3065,c1,471
3066,c234,53
3067,c5,268
3068,c1,401
3069,c5,108
3070,c234,114
3071,c5,51
3072,c5,200
3073,c5,34
3074,c1,29
3075,c1,86
3076,c1,9
3077,c1,7
3078,c234,141
3079,c1,464
3080,c5,47
3081,c1,299
3082,c5,46
3083,c1,252
3084,c234,121
3085,c5,59
3086,c1,168
3087,c234,490
3088,c5,851
3089,c1,56
3090,c1,124
3091,c1,118
3092,c5,265
3093,c1,228
3094,c1,391
3095,c5,98
3096,c1,146
3097,c5,33
3098,c234,71
3099,c1,11
3100,c1,31
3101,c234,156
3102,c234,33
3103,c1,184
3104,c234,100
3105,c5,207
3106,c5,330
3107,c5,158
3108,c5,44
3109,c234,541
3110,c234,335
3111,c5,60
3112,c1,268
3113,c5,18
3114,c1,916
3115,c234,311
3116,c1,619
3117,c234,281
3118,c1,309
3119,c234,90
3120,c5,204
3121,c234,670
3122,c1,80
3123,c1,394
3124,c234,203
3125,c5,166
3126,c234,21
3127,c234,798
3128,c5,183
3129,c5,86
3130,c234,166
3131,c1,159
3132,c5,183
3133,c234,221
3134,c1,83
3135,c1,74
3136,c234,806
3137,c5,330
3138,c5,96
3139,c234,400
3140,c5,462
3141,c234,69
3142,c1,255
3143,c234,1547
3144,c5,172
3145,c234,241
3146,c234,416
3147,c234,43
3148,c1,62
3149,c1,124
3150,c234,283
3151,c234,437
3152,c1,96
3153,c234,89
3154,c1,571
3155,c5,190
3156,c1,196
3157,c5,679
3158,c5,54
3159,c234,31
3160,c234,113
3161,c5,244
3162,c5,1443
3163,c5,32
3164,c234,86
3165,c1,72
3166,c1,624
3167,c234,209
3168,c234,275
3169,c1,81
3170,c5,179
3171,c5,17
3172,c234,525
3173,c5,241
3174,c1,225
3175,c234,426
3176,c5,261
3177,c5,465
3178,c1,141
3179,c1,912
3180,c1,517
3181,c1,259
3182,c234,113
3183,c1,57
3184,c234,470
3185,c5,62
3186,c1,1038
3187,c5,26
3188,c5,45
3189,c234,203
3190,c5,131
3191,c5,663
3192,c234,115
3193,c5,190
3194,c5,1564
3195,c5,32
3196,c5,97
3197,c1,208
3198,c1,468
3199,c5,399
3200,c1,439
3201,c5,108
3202,c1,29
3203,c1,256
3204,c1,85
3205,c5,526
3206,c5,244
3207,c5,316
3208,c234,161
3209,c5,533
3210,c5,183
3211,c234,164
3212,c1,96
3213,c234,88
3214,c234,477
3215,c234,276
3216,c1,18
3217,c5,127
3218,c5,16
3219,c234,265
3220,c5,303
3221,c1,37
3222,c5,223
3223,c234,171
3224,c1,195
3225,c1,787
3226,c1,297
3227,c1,125
3228,c5,281
3229,c234,105
3230,c234,868
3231,c234,255
3232,c234,243
3233,c234,633
3234,c234,390
3235,c5,340
3236,c1,12
3237,c5,44
3238,c5,257
3239,c234,132
3240,c5,533
3241,c5,40
3242,c5,121
3243,c234,697
3244,c234,193
3245,c5,20
3246,c1,240
3247,c234,84
3248,c234,542
3249,c1,56
3250,c234,1042
3251,c1,391
3252,c1,224
3253,c5,115
3254,c5,28
3255,c5,108
3256,c1,151
3257,c1,79
3258,c234,57
3259,c1,1116
3260,c1,364
3261,c5,515
3262,c5,201
3263,c234,103
3264,c1,168
3265,c1,670
3266,c234,73
3267,c5,545
3268,c5,89
3269,c1,668
3270,c5,57
3271,c5,81
3272,c5,111
3273,c234,275
3274,c1,81
3275,c1,52
3276,c1,125
3277,c1,386
3278,c5,658
3279,c234,30
3280,c234,81
3281,c1,242
3282,c234,341
3283,c5,198
3284,c234,62
3285,c234,298
3286,c5,338
3287,c5,111
3288,c1,219
3289,c5,219
3290,c5,273
3291,c5,35
3292,c234,297
3293,c1,13
3294,c234,92
3295,c234,555
3296,c5,226
3297,c5,22
3298,c1,13
3299,c234,433
3300,c1,54
3301,c5,371
3302,c1,233
3303,c1,423
3304,c1,249
3305,c234,169
3306,c5,366
3307,c1,1076
3308,c5,197
3309,c5,66
3310,c5,208
3311,c234,131
3312,c234,89
3313,c5,40
3314,c234,162
3315,c5,467
3316,c5,240
3317,c234,229
3318,c5,16
3319,c5,377
3320,c1,8
3321,c1,82
3322,c234,42
3323,c1,185
3324,c5,129
3325,c234,21
3326,c5,431
3327,c234,391
3328,c5,33
3329,c1,130
3330,c1,185
3331,c234,265
3332,c5,254
3333,c1,304
3334,c234,825
3335,c1,429
3336,c234,71
3337,c5,79
3338,c234,77
3339,c234,144
3340,c234,142
3341,c1,500
3342,c1,127
3343,c234,233
3344,c5,168
3345,c234,229
3346,c234,105
3347,c234,399
3348,c234,78
3349,c234,524
3350,c5,82
3351,c5,456
3352,c234,293
3353,c234,167
3354,c234,114
3355,c234,147
3356,c234,360
3357,c1,13
3358,c5,68
3359,c234,26
3360,c5,451
3361,c234,28
3362,c1,1275
3363,c1,65
3364,c234,178
3365,c234,51
3366,c1,321
3367,c234,94
3368,c1,270
3369,c234,569
3370,c234,225
3371,c234,431
3372,c234,170
3373,c234,56
3374,c234,94
3375,c5,484
3376,c5,466
3377,c1,160
3378,c5,23
3379,c5,93
3380,c1,421
3381,c5,59
3382,c1,287
3383,c234,124
3384,c234,191
3385,c234,375
3386,c5,420
3387,c234,303
3388,c234,225
3389,c1,570
3390,c1,533
3391,c5,176
3392,c1,43
3393,c234,652
3394,c1,372
3395,c234,559
3396,c234,81
3397,c234,50
3398,c1,108
3399,c5,13
3400,c234,286
3401,c234,158
3402,c5,137
3403,c234,49
3404,c234,234
3405,c1,480
3406,c5,67
3407,c5,196
3408,c234,574
3409,c5,311
3410,c5,284
3411,c1,406
3412,c1,483
3413,c1,86
3414,c1,236
3415,c234,400
3416,c5,173
3417,c5,148
3418,c234,356
3419,c234,185
3420,c5,131
3421,c234,1632
3422,c5,745
3423,c5,341
3424,c5,363
3425,c234,389
3426,c1,399
3427,c5,65
3428,c234,35
3429,c234,217
3430,c234,497
3431,c5,304
3432,c234,346
3433,c5,41
3434,c234,103
3435,c1,178
3436,c5,89
3437,c1,422
3438,c1,370
3439,c234,269
3440,c1,255
3441,c5,359
3442,c234,391
3443,c5,63
3444,c1,159
3445,c234,92
3446,c5,85
3447,c5,498
3448,c234,20
3449,c234,91
3450,c1,62
3451,c1,482
3452,c1,668
3453,c234,125
3454,c5,59
3455,c234,125
3456,c234,390
3457,c5,59
3458,c234,44
3459,c234,253
3460,c1,206
3461,c1,439
3462,c234,56
3463,c234,113
3464,c234,539
3465,c1,231
3466,c234,185
3467,c234,167
3468,c234,11
3469,c5,106
3470,c234,269
3471,c234,101
3472,c5,190
3473,c234,97
3474,c5,109
3475,c1,204
3476,c5,168
3477,c234,84
3478,c5,61
3479,c234,174
3480,c234,162
3481,c5,31
3482,c234,53
3483,c1,449
3484,c234,809
3485,c234,234
3486,c234,185
3487,c1,166
3488,c5,103
3489,c1,370
3490,c234,250
3491,c1,541
3492,c1,51
3493,c234,306
3494,c5,70
3495,c1,124
3496,c234,175
3497,c1,5
3498,c234,33
3499,c1,626
3500,c234,728
3501,c234,232
3502,c5,71
3503,c1,176
3504,c234,196
3505,c5,164
3506,c1,331
3507,c234,58
3508,c5,192
3509,c1,135
3510,c234,187
3511,c5,169
3512,c5,170
3513,c234,457
3514,c5,391
3515,c1,96
3516,c234,140
3517,c234,559
3518,c234,1335
3519,c234,118
3520,c5,50
3521,c5,101
3522,c5,101
3523,c1,1046
3524,c234,32
3525,c1,263
3526,c1,303
3527,c1,672
3528,c1,482
3529,c1,30
3530,c234,56
3531,c1,193
3532,c234,197
3533,c234,33
3534,c1,200
3535,c5,201
3536,c1,36
3537,c5,287
3538,c5,333
3539,c234,71
3540,c234,606
3541,c1,551
3542,c1,1299
3543,c1,176
3544,c1,693
3545,c5,1630
3546,c234,160
3547,c1,332
3548,c234,1309
3549,c5,189
3550,c234,88
3551,c5,167
3552,c234,201
3553,c5,467
3554,c234,169
3555,c234,117
3556,c234,103
3557,c234,18
3558,c5,86
3559,c5,75
3560,c1,361
3561,c5,55
3562,c234,84
3563,c1,233
3564,c5,270
3565,c5,429
3566,c5,55
3567,c234,267
3568,c234,84
3569,c5,33
3570,c1,290
3571,c1,24
3572,c5,73
3573,c1,33
3574,c234,310
3575,c1,43
3576,c5,56
3577,c234,235
3578,c234,162
3579,c234,231
3580,c234,33
3581,c1,380
3582,c5,233
3583,c1,689
3584,c1,175
3585,c5,178
3586,c234,116
3587,c234,404
3588,c5,121
3589,c5,232
3590,c234,120
3591,c5,298
3592,c234,146
3593,c234,441
3594,c234,395
3595,c5,132
3596,c1,100
3597,c234,136
3598,c1,119
3599,c1,268
3600,c1,94
3601,c234,81
3602,c234,47
3603,c5,100
3604,c5,1352
3605,c234,538
3606,c5,66
3607,c5,156
3608,c1,54
3609,c234,112
3610,c5,55
3611,c234,514
3612,c5,107
3613,c5,377
3614,c1,861
3615,c234,120
3616,c1,139
3617,c1,28
3618,c5,128
3619,c1,68
3620,c234,166
3621,c1,335
3622,c5,83
3623,c1,27
3624,c234,142
3625,c5,23
3626,c5,258
3627,c234,157
3628,c5,89
3629,c1,277
3630,c1,126
3631,c5,40
3632,c1,368
3633,c234,476
3634,c234,486
3635,c5,30
3636,c234,61
3637,c234,40
3638,c234,487
3639,c234,792
3640,c234,319
3641,c234,249
3642,c5,22
3643,c1,454
3644,c1,463
3645,c5,197
3646,c1,86
3647,c234,458
3648,c5,231
3649,c234,111
3650,c1,161
3651,c1,159
3652,c234,80
3653,c234,210
3654,c1,857
3655,c5,410
3656,c5,71
3657,c1,743
3658,c234,482
3659,c234,112
3660,c1,191
3661,c1,196
3662,c5,117
3663,c5,68
3664,c234,187
3665,c1,372
3666,c234,81
3667,c1,223
3668,c5,237
3669,c5,192
3670,c5,608
3671,c1,54
3672,c1,726
3673,c234,405
3674,c1,141
3675,c5,530
3676,c5,590
3677,c1,336
3678,c234,363
3679,c1,15
3680,c5,140
3681,c234,179
3682,c5,366
3683,c1,173
3684,c234,211
3685,c5,246
3686,c5,279
3687,c5,109
3688,c5,71
3689,c234,51
3690,c1,272
3691,c1,235
3692,c234,266
3693,c5,711
3694,c234,77
3695,c5,117
3696,c234,70
3697,c1,129
3698,c1,311
3699,c234,220
3700,c5,194
3701,c1,523
3702,c1,77
3703,c234,24
3704,c234,242
3705,c234,129
3706,c5,540
3707,c5,205
3708,c234,594
3709,c5,86
3710,c1,154
3711,c234,116
3712,c234,172
3713,c1,111
3714,c5,58
3715,c5,132
3716,c5,369
3717,c5,100
3718,c5,159
3719,c234,35
3720,c1,1165
3721,c1,266
3722,c234,20
3723,c234,116
3724,c1,9
3725,c234,193
3726,c234,164
3727,c234,118
3728,c5,84
3729,c1,395
3730,c234,360
3731,c5,278
3732,c1,1606
3733,c5,25
3734,c234,251
3735,c1,221
3736,c1,56
3737,c1,312
3738,c234,375
3739,c234,237
3740,c1,344
3741,c5,383
3742,c5,162
3743,c1,82
3744,c5,15
3745,c1,209
3746,c1,131
3747,c5,165
3748,c1,54
3749,c234,299
3750,c5,25
3751,c1,569
3752,c1,177
3753,c5,46
3754,c234,15
3755,c5,388
3756,c234,288
3757,c234,1104
3758,c1,190
3759,c5,133
3760,c1,1308
3761,c5,99
3762,c1,99
3763,c1,224
3764,c1,248
3765,c5,82
3766,c234,152
3767,c1,161
3768,c5,98
3769,c1,467
3770,c5,579
3771,c5,73
3772,c234,366
3773,c5,85
3774,c1,8
3775,c234,94
3776,c5,15
3777,c234,12
3778,c5,39
3779,c234,311
3780,c5,531
3781,c1,133
3782,c5,737
3783,c234,451
3784,c1,153
3785,c5,143
3786,c1,206
3787,c5,48
3788,c234,319
3789,c5,141
3790,c1,303
3791,c1,123
3792,c5,531
3793,c5,433
3794,c5,727
3795,c234,605
3796,c234,271
3797,c234,224
3798,c5,59
3799,c234,117
3800,c234,151
3801,c1,149
3802,c5,246
3803,c234,91
3804,c5,478
3805,c234,116
3806,c1,872
3807,c234,30
3808,c1,261
3809,c5,168
3810,c1,40
3811,c5,46
3812,c234,595
3813,c5,96
3814,c1,140
3815,c5,277
3816,c234,78
3817,c5,76
3818,c234,1053
3819,c1,52
3820,c1,145
3821,c1,344
3822,c234,270
3823,c5,95
3824,c234,468
3825,c1,181
3826,c234,99
3827,c234,411
3828,c234,5
3829,c5,449
3830,c234,34
3831,c1,84
3832,c234,58
3833,c5,8
3834,c1,1186
3835,c5,206
3836,c234,361
3837,c5,119
3838,c1,398
3839,c234,320
3840,c234,229
3841,c1,105
3842,c1,232
3843,c5,15
3844,c234,133
3845,c234,87
3846,c5,222
3847,c234,322
3848,c234,310
3849,c234,81
3850,c5,190
3851,c5,286
3852,c1,609
3853,c5,86
3854,c234,88
3855,c234,35
3856,c5,88
3857,c234,1253
3858,c234,118
3859,c234,1291
3860,c5,325
3861,c1,213
3862,c234,46
3863,c1,1011
3864,c234,37
3865,c1,968
3866,c5,387
3867,c5,218
3868,c1,547
3869,c1,268
3870,c1,232
3871,c5,95
3872,c234,111
3873,c1,96
3874,c1,198
3875,c5,320
3876,c1,96
3877,c5,425
3878,c234,201
3879,c1,34
3880,c1,90
3881,c5,240
3882,c234,89
3883,c234,139
3884,c1,165
3885,c234,526
3886,c1,112
3887,c1,245
3888,c5,494
3889,c234,245
3890,c1,486
3891,c5,193
3892,c1,185
3893,c1,166
3894,c1,206
3895,c1,60
3896,c1,889
3897,c5,41
3898,c5,218
3899,c5,32
3900,c234,145
3901,c5,24
3902,c234,248
3903,c234,78
3904,c1,100
3905,c234,507
3906,c234,706
3907,c234,44
3908,c234,59
3909,c1,33
3910,c234,242
3911,c5,171
3912,c1,381
3913,c1,121
3914,c5,239
3915,c1,163
3916,c234,203
3917,c5,233
3918,c5,331
3919,c1,569
3920,c5,710
3921,c5,167
3922,c1,264
3923,c5,166
3924,c234,412
3925,c5,54
3926,c1,699
3927,c234,286
3928,c5,208
3929,c234,200
3930,c1,668
3931,c234,180
3932,c5,414
3933,c234,194
3934,c1,190
3935,c234,112
3936,c1,38
3937,c5,169
3938,c5,38
3939,c234,687
3940,c1,520
3941,c5,73
3942,c5,335
3943,c5,37
3944,c5,151
3945,c5,151
3946,c1,463
3947,c5,75
3948,c5,68
3949,c5,230
3950,c234,162
3951,c1,100
3952,c5,288
3953,c5,276
3954,c5,638
3955,c1,282
3956,c234,441
3957,c1,389
3958,c5,96
3959,c5,286
3960,c234,334
3961,c5,123
3962,c1,220
3963,c1,787
3964,c234,783
3965,c234,68
3966,c234,51
3967,c1,20
3968,c5,875
3969,c1,502
3970,c234,468
3971,c234,18
3972,c234,66
3973,c5,37
3974,c234,363
3975,c234,1036
3976,c5,212
3977,c1,332
3978,c234,749
3979,c234,240
3980,c1,83
3981,c234,152
3982,c234,127
3983,c234,724
3984,c1,470
3985,c234,441
3986,c234,56
3987,c1,337
3988,c5,49
3989,c1,559
3990,c1,164
3991,c1,27
3992,c5,63
3993,c5,377
3994,c5,204
3995,c234,399
3996,c1,31
3997,c234,382
3998,c1,292
3999,c1,33
4000,c234,17
4001,c234,143
4002,c1,172
4003,c1,372
4004,c234,298
4005,c234,197
4006,c5,304
4007,c234,42
4008,c1,191
4009,c5,416
4010,c5,110
4011,c1,81
4012,c1,127
4013,c1,156
4014,c234,706
4015,c234,66
4016,c1,420
4017,c5,196
4018,c5,258
4019,c1,300
4020,c234,248
4021,c5,107
4022,c234,222
4023,c5,500
4024,c1,24
4025,c5,206
4026,c5,268
4027,c5,61
4028,c5,116
4029,c1,153
4030,c5,204
4031,c1,282
4032,c234,173
4033,c1,710
4034,c234,145
4035,c5,509
4036,c234,715
4037,c1,252
4038,c234,178
4039,c5,65
4040,c234,337
4041,c1,908
4042,c1,86
4043,c1,236
4044,c5,55
4045,c1,113
4046,c5,436
4047,c1,150
4048,c5,435
4049,c234,738
4050,c5,54
4051,c234,128
4052,c5,195
4053,c234,330
4054,c1,53
4055,c234,81
4056,c234,666
4057,c5,447
4058,c234,250
4059,c5,229
4060,c1,76
4061,c5,55
4062,c234,95
4063,c1,234
4064,c5,262
4065,c1,218
4066,c1,170
4067,c5,147
4068,c1,170
4069,c1,271
4070,c5,63
4071,c1,224
4072,c5,230
4073,c234,95
4074,c234,89
4075,c5,121
4076,c234,92
4077,c234,516
4078,c5,67
4079,c234,169
4080,c234,394
4081,c234,353
4082,c1,267
4083,c1,140
4084,c5,83
4085,c5,281
4086,c5,134
4087,c1,76
4088,c1,41
4089,c5,36
4090,c5,628
4091,c5,144
4092,c234,61
4093,c5,81
4094,c1,382
4095,c234,150
4096,c1,169
4097,c5,239
4098,c5,34
4099,c5,46
4100,c234,93
4101,c234,223
4102,c5,25
4103,c5,324
4104,c234,116
4105,c1,276
4106,c1,43
4107,c234,56
4108,c234,173
4109,c5,376
4110,c234,206
4111,c1,272
4112,c5,147
4113,c5,153
4114,c234,183
4115,c234,177
4116,c5,137
4117,c5,162
4118,c1,673
4119,c5,155
4120,c5,100
4121,c5,121
4122,c234,114
4123,c1,50
4124,c234,145
4125,c1,60
4126,c234,1018
4127,c1,170
4128,c1,154
4129,c5,398
4130,c234,93
4131,c1,181
4132,c1,355
4133,c1,166
4134,c1,226
4135,c1,243
4136,c5,210
4137,c1,75
4138,c1,84
4139,c5,47
4140,c234,417
4141,c234,130
4142,c1,49
4143,c1,12
4144,c5,557
4145,c1,327
4146,c5,100
4147,c234,274
4148,c1,112
4149,c234,105
4150,c5,265
4151,c234,99
4152,c234,317
4153,c5,276
4154,c1,290
4155,c5,50
4156,c1,381
4157,c5,110
4158,c1,49
4159,c1,1477
4160,c1,108
4161,c5,176
4162,c1,264
4163,c5,379
4164,c5,393
4165,c1,186
4166,c234,514
4167,c1,249
4168,c234,162
4169,c5,139
4170,c5,63
4171,c234,1145
4172,c5,33
4173,c5,177
4174,c234,13
4175,c234,82
4176,c234,119
4177,c5,54
4178,c234,95
4179,c5,13
4180,c1,64
4181,c234,151
4182,c234,64
4183,c5,182
4184,c5,210
4185,c1,415
4186,c234,114
4187,c234,347
4188,c1,335
4189,c234,154
4190,c5,181
4191,c5,307
4192,c5,342
4193,c234,42
4194,c1,782
4195,c234,242
4196,c1,200
4197,c234,469
4198,c234,81
4199,c234,140
4200,c1,235
4201,c1,282
4202,c234,133
4203,c234,273
4204,c234,81
4205,c5,44
4206,c234,253
4207,c5,95
4208,c1,238
4209,c5,118
4210,c5,54
4211,c5,435
4212,c1,213
4213,c5,465
4214,c5,117
4215,c1,116
4216,c1,297
4217,c234,626
4218,c234,298
4219,c234,96
4220,c5,449
4221,c1,755
4222,c5,218
4223,c5,29
4224,c1,477
4225,c234,579
4226,c5,188
4227,c5,192
4228,c234,47
4229,c1,122
4230,c5,141
4231,c1,172
4232,c5,43
4233,c5,154
4234,c5,78
4235,c234,157
4236,c5,49
4237,c234,469
4238,c234,48
4239,c234,216
4240,c5,135
4241,c1,84
4242,c234,652
4243,c1,49
4244,c1,273
4245,c5,890
4246,c5,116
4247,c1,65
4248,c234,66
4249,c5,41
4250,c234,61
4251,c1,169
4252,c5,178
4253,c5,282
4254,c5,104
4255,c1,55
4256,c234,1816
4257,c5,21
4258,c5,1524
4259,c1,110
4260,c5,331
4261,c1,592
4262,c234,185
4263,c5,2856
4264,c234,267
4265,c5,131
4266,c234,140
4267,c234,248
4268,c234,348
4269,c1,282
4270,c234,129
4271,c234,95
4272,c1,206
4273,c1,15
4274,c234,379
4275,c5,103
4276,c1,28
4277,c1,86
4278,c5,449
4279,c5,181
4280,c1,255
4281,c1,622
4282,c234,137
4283,c234,10
4284,c5,1702
4285,c1,42
4286,c234,497
4287,c5,57
4288,c5,833
4289,c5,175
4290,c1,153
4291,c5,106
4292,c234,1555
4293,c5,26
4294,c5,185
4295,c5,326
4296,c234,553
4297,c234,88
4298,c5,175
4299,c234,168
4300,c5,177
4301,c234,37
4302,c5,181
4303,c5,894
4304,c5,481
4305,c234,922
4306,c5,154
4307,c5,142
4308,c234,271
4309,c234,572
4310,c234,80
4311,c234,151
4312,c234,131
4313,c5,417
4314,c1,97
4315,c1,711
4316,c1,870
4317,c1,815
4318,c5,165
4319,c1,272
4320,c1,155
4321,c1,559
4322,c5,134
4323,c5,130
4324,c1,81
4325,c5,81
4326,c1,48
4327,c5,120
4328,c1,152
4329,c5,151
4330,c234,250
4331,c1,350
4332,c1,81
4333,c234,128
4334,c1,496
4335,c5,191
4336,c234,1684
4337,c1,24
4338,c5,225
4339,c234,167
4340,c1,43
4341,c5,392
4342,c234,214
4343,c5,86
4344,c234,265
4345,c5,32
4346,c234,128
4347,c234,121
4348,c1,311
4349,c1,56
4350,c234,140
4351,c234,29
4352,c5,427
4353,c234,250
4354,c5,237
4355,c234,211
4356,c1,116
4357,c5,214
4358,c234,375
4359,c234,766
4360,c5,254
4361,c234,179
4362,c234,119
4363,c234,390
4364,c234,130
4365,c234,412
4366,c5,138
4367,c1,1125
4368,c5,581
4369,c5,132
4370,c5,220
4371,c1,911
4372,c234,123
4373,c1,1139
4374,c5,57
4375,c234,246
4376,c234,806
4377,c234,126
4378,c5,287
4379,c234,109
4380,c234,65
4381,c234,28
4382,c234,39
4383,c5,385
4384,c1,297
4385,c234,85
4386,c234,223
4387,c1,247
4388,c5,121
4389,c1,218
4390,c1,477
4391,c234,207
4392,c234,511
4393,c5,75
4394,c5,640
4395,c234,435
4396,c5,404
4397,c5,200
4398,c234,306
4399,c1,532
4400,c5,374
4401,c5,281
4402,c1,405
4403,c1,102
4404,c1,24
4405,c5,351
4406,c1,261
4407,c1,238
4408,c234,58
4409,c1,43
4410,c1,406
4411,c234,55
4412,c234,81
4413,c5,144
4414,c5,211
4415,c1,175
4416,c234,204
4417,c5,46
4418,c234,196
4419,c1,106
4420,c1,468
4421,c5,357
4422,c1,185
4423,c234,118
4424,c5,99
4425,c1,530
4426,c234,139
4427,c5,134
4428,c1,192
4429,c5,27
4430,c1,255
4431,c5,25
4432,c1,42
4433,c1,212
4434,c5,161
4435,c1,97
4436,c1,319
4437,c5,154
4438,c234,122
4439,c1,200
4440,c5,63
4441,c5,417
4442,c234,110
4443,c5,166
4444,c234,114
4445,c234,617
4446,c234,323
4447,c234,102
4448,c5,60
4449,c5,127
4450,c234,138
4451,c234,112
4452,c1,110
4453,c1,54
4454,c1,96
4455,c234,15
4456,c1,145
4457,c5,180
4458,c1,193
4459,c5,141
4460,c1,282
4461,c234,90
4462,c5,84
4463,c234,213
4464,c234,82
4465,c5,287
4466,c234,445
4467,c1,92
4468,c234,279
4469,c5,301
4470,c234,170
4471,c234,436
4472,c234,68
4473,c5,265
4474,c1,183
4475,c1,253
4476,c234,451
4477,c234,819
4478,c5,97
4479,c1,111
4480,c234,255
4481,c5,175
4482,c1,236
4483,c5,519
4484,c1,92
4485,c234,59
4486,c1,13
4487,c234,102
4488,c234,543
4489,c234,152
4490,c1,159
4491,c234,207
4492,c5,65
4493,c5,544
4494,c234,405
4495,c234,641
4496,c5,97
4497,c234,399
4498,c5,315
4499,c1,878
4500,c5,24
4501,c234,306
4502,c1,676
4503,c5,43
4504,c1,426
4505,c234,138
4506,c5,526
4507,c5,10
4508,c1,234
4509,c5,112
4510,c1,132
4511,c1,19
4512,c5,217
4513,c234,71
4514,c234,213
4515,c234,357
4516,c5,226
4517,c1,605
4518,c5,108
4519,c1,128
4520,c234,179
4521,c234,259
4522,c5,50
4523,c1,81
4524,c234,386
4525,c5,352
4526,c5,372
4527,c5,179
4528,c1,666
4529,c234,162
4530,c234,381
4531,c1,338
4532,c234,235
4533,c1,275
4534,c1,68
4535,c234,144
4536,c234,448
4537,c1,45
4538,c5,65
4539,c5,457
4540,c234,721
4541,c234,170
4542,c234,20
4543,c1,159
4544,c1,73
4545,c1,32
4546,c1,271
4547,c5,24
4548,c5,167
4549,c5,159
4550,c234,100
4551,c1,644
4552,c5,459
4553,c234,319
4554,c234,178
4555,c234,741
4556,c234,52
4557,c1,483
4558,c5,328
4559,c234,161
4560,c5,285
4561,c234,97
4562,c234,135
4563,c5,32
4564,c1,356
4565,c234,264
4566,c5,169
4567,c1,363
4568,c5,201
4569,c1,1547
4570,c5,1018
4571,c234,191
4572,c1,108
4573,c234,123
4574,c1,370
4575,c234,892
4576,c5,24
4577,c1,467
4578,c1,70
4579,c1,711
4580,c5,45
4581,c5,197
4582,c234,423
4583,c234,101
4584,c5,136
4585,c234,284
4586,c5,156
4587,c234,57
4588,c234,1430
4589,c234,153
4590,c1,191
4591,c1,162
4592,c1,219
4593,c234,403
4594,c5,40
4595,c234,239
4596,c1,32
4597,c234,313
4598,c1,211
4599,c234,90
4600,c234,241
4601,c1,26
4602,c234,480
4603,c5,99
4604,c1,384
4605,c234,249
4606,c1,126
4607,c234,131
4608,c234,112
4609,c1,1514
4610,c1,196
4611,c5,832
4612,c1,6
4613,c234,149
4614,c234,157
4615,c234,299
4616,c5,414
4617,c5,238
4618,c1,225
4619,c1,231
4620,c234,30
4621,c1,504
4622,c1,15
4623,c1,467
4624,c234,389
4625,c1,582
4626,c234,520
4627,c5,81
4628,c5,681
4629,c5,48
4630,c5,131
4631,c234,311
4632,c5,160
4633,c234,385
4634,c5,213
4635,c234,190
4636,c1,534
4637,c1,125
4638,c5,379
4639,c234,854
4640,c1,53
4641,c234,57
4642,c1,287
4643,c1,53
4644,c1,199
4645,c5,197
4646,c234,496
4647,c234,619
4648,c1,11
4649,c5,100
4650,c1,342
4651,c5,37
4652,c5,94
4653,c1,181
4654,c234,81
4655,c5,439
4656,c234,100
4657,c234,397
4658,c1,488
4659,c234,70
4660,c5,211
4661,c234,1044
4662,c234,1230
4663,c5,847
4664,c234,54
4665,c5,517
4666,c234,473
4667,c1,211
4668,c5,666
4669,c1,220
4670,c234,98
4671,c5,134
4672,c5,15
4673,c1,309
4674,c234,523
4675,c234,121
4676,c234,1392
4677,c1,146
4678,c1,289
4679,c234,131
4680,c5,275
4681,c1,92
4682,c5,453
4683,c1,419
4684,c5,47
4685,c234,31
4686,c234,89
4687,c1,390
4688,c5,184
4689,c234,245
4690,c5,209
4691,c234,836
4692,c1,417
4693,c1,656
4694,c5,44
4695,c234,235
4696,c1,57
4697,c1,34
4698,c234,251
4699,c1,190
4700,c5,153
4701,c5,193
4702,c1,341
4703,c1,28
4704,c1,303
4705,c5,51
4706,c5,78
4707,c234,216
4708,c5,165
4709,c5,208
4710,c234,125
4711,c1,390
4712,c234,64
4713,c234,406
4714,c234,81
4715,c5,20
4716,c1,294
4717,c5,137
4718,c1,129
4719,c5,157
4720,c1,142
4721,c234,129
4722,c1,288
4723,c234,115
4724,c234,28
4725,c234,144
4726,c1,124
4727,c1,170
4728,c1,181
4729,c5,56
4730,c1,261
4731,c234,93
4732,c234,494
4733,c234,439
4734,c5,221
4735,c1,81
4736,c234,586
4737,c234,577
4738,c1,620
4739,c5,30
4740,c1,132
4741,c1,98
4742,c234,47
4743,c5,37
4744,c5,21
4745,c1,175
4746,c5,749
4747,c234,484
4748,c5,80
4749,c234,293
4750,c1,513
4751,c1,241
4752,c5,98
4753,c5,199
4754,c234,396
4755,c234,31
4756,c1,95
4757,c1,449
4758,c5,103
4759,c5,51
4760,c234,108
4761,c234,835
4762,c1,124
4763,c5,293
4764,c234,792
4765,c234,251
4766,c1,184
4767,c1,50
4768,c1,268
4769,c5,237
4770,c5,239
4771,c234,459
4772,c1,290
4773,c1,236
4774,c5,94
4775,c1,88
4776,c234,109
4777,c1,320
4778,c1,265
4779,c1,269
4780,c5,44
4781,c1,107
4782,c234,92
4783,c1,1510
4784,c234,676
4785,c5,333
4786,c5,248
4787,c234,211
4788,c234,236
4789,c1,186
4790,c1,745
4791,c234,122
4792,c234,127
4793,c234,70
4794,c5,208
4795,c5,87
4796,c234,221
4797,c1,29
4798,c234,361
4799,c234,84
4800,c5,20
4801,c1,265
4802,c5,35
4803,c1,230
4804,c5,289
4805,c1,164
4806,c1,24
4807,c5,69
4808,c1,348
4809,c1,380
4810,c5,332
4811,c1,264
4812,c1,212
4813,c234,260
4814,c1,833
4815,c5,375
4816,c5,24
4817,c5,246
4818,c1,36
4819,c5,492
4820,c234,401
4821,c1,337
4822,c234,78
4823,c234,292
4824,c1,243
4825,c5,36
4826,c1,32
4827,c1,341
4828,c234,57
4829,c1,94
4830,c1,290
4831,c1,299
4832,c1,466
4833,c234,430
4834,c234,452
4835,c5,194
4836,c234,60
4837,c5,16
4838,c1,45
4839,c5,153
4840,c234,91
4841,c234,511
4842,c5,53
4843,c1,832
4844,c5,88
4845,c5,362
4846,c234,757
4847,c5,141
4848,c1,81
4849,c234,81
4850,c234,316
4851,c5,118
4852,c5,131
4853,c1,143
4854,c234,431
4855,c5,71
4856,c5,530
4857,c234,47
4858,c5,20
4859,c1,217
4860,c1,552
4861,c234,8
4862,c234,295
4863,c234,340
4864,c234,353
4865,c1,67
4866,c5,103
4867,c5,81
4868,c5,259
4869,c5,286
4870,c1,157
4871,c1,187
4872,c234,460
4873,c234,136
4874,c1,447
4875,c1,90
4876,c5,26
4877,c1,96
4878,c1,10
4879,c234,256
4880,c5,80
4881,c234,48
4882,c1,139
4883,c1,514
4884,c1,458
4885,c234,214
4886,c234,496
4887,c5,194
4888,c234,27
4889,c234,81
4890,c5,274
4891,c234,53
4892,c1,29
4893,c234,288
4894,c234,321
4895,c1,230
4896,c5,12
4897,c234,134
4898,c5,314
4899,c1,54
4900,c1,15
4901,c234,45
4902,c5,146
4903,c1,287
4904,c1,773
4905,c234,371
4906,c234,27
4907,c1,578
4908,c5,299
4909,c5,178
4910,c1,159
4911,c5,195
4912,c234,57
4913,c5,30
4914,c5,132
4915,c5,95
4916,c234,160
4917,c5,146
4918,c234,63
4919,c234,239
4920,c1,501
4921,c1,538
4922,c1,425
4923,c1,94
4924,c1,302
4925,c5,315
4926,c1,374
4927,c234,869
4928,c234,111
4929,c234,413
4930,c1,37
4931,c5,713
4932,c5,12
4933,c1,81
4934,c5,37
4935,c5,9
4936,c234,289
4937,c1,23
4938,c234,103
4939,c5,208
4940,c1,48
4941,c234,619
4942,c5,116
4943,c234,562
4944,c1,533
4945,c5,274
4946,c1,299
4947,c5,153
4948,c5,55
4949,c5,76
4950,c234,193
4951,c234,606
4952,c1,33
4953,c234,20
4954,c234,266
4955,c1,260
4956,c5,288
4957,c234,139
4958,c234,190
4959,c1,515
4960,c234,27
4961,c1,239
4962,c234,54
4963,c234,1015
4964,c5,170
4965,c234,119
4966,c5,34
4967,c5,80
4968,c1,295
4969,c234,77
4970,c1,238
4971,c234,548
4972,c1,140
4973,c5,114
4974,c1,73
4975,c5,52
4976,c5,58
4977,c5,113
4978,c1,190
4979,c1,645
4980,c234,775
4981,c234,240
4982,c234,62
4983,c234,553
4984,c234,404
4985,c5,85
4986,c5,235
4987,c5,145
4988,c1,123
4989,c5,131
4990,c1,52
4991,c234,183
4992,c234,103
4993,c5,422
4994,c234,326
4995,c1,195
4996,c234,93
4997,c234,126
4998,c5,1647
4999,c5,108
5000,c1,199
5001,c1,746
5002,c5,503
5003,c1,180
5004,c1,153
5005,c1,797
5006,c1,93
5007,c5,219
5008,c234,103
5009,c1,52
5010,c234,87
5011,c5,197
5012,c5,33
5013,c234,593
5014,c234,331
5015,c1,282
5016,c234,370
5017,c1,269
5018,c1,135
5019,c5,232
5020,c5,170
5021,c5,28
5022,c234,341
5023,c5,293
5024,c5,137
5025,c5,105
5026,c1,7
5027,c1,335
5028,c1,282
5029,c1,47
5030,c234,56
5031,c5,611
5032,c1,330
5033,c1,122
5034,c234,222
5035,c5,293
5036,c1,417
5037,c1,119
5038,c5,35
5039,c5,469
5040,c1,118
5041,c1,70
5042,c234,409
5043,c234,268
5044,c1,116
5045,c234,72
5046,c5,52
5047,c1,55
5048,c1,24
5049,c5,256
5050,c5,107
5051,c1,32
5052,c5,276
5053,c5,37
5054,c234,130
5055,c234,58
5056,c1,293
5057,c234,112
5058,c1,86
5059,c234,442
5060,c1,90
5061,c1,282
5062,c234,407
5063,c5,69
5064,c234,129
5065,c1,48
5066,c234,46
5067,c1,376
5068,c1,96
5069,c234,721
5070,c234,594
5071,c1,53
5072,c234,82
5073,c5,16
5074,c1,47
5075,c234,201
5076,c5,301
5077,c234,270
5078,c234,341
5079,c234,347
5080,c5,490
5081,c234,141
5082,c5,146
5083,c1,191
5084,c1,184
5085,c1,29
5086,c5,29
5087,c1,226
5088,c1,199
5089,c234,518
5090,c234,346
5091,c5,261
5092,c1,167
5093,c234,489
5094,c5,70
5095,c1,573
5096,c234,443
5097,c5,230
5098,c1,805
5099,c234,282
5100,c1,483
5101,c1,29
5102,c234,401
5103,c5,233
5104,c1,396
5105,c234,167
5106,c234,509
5107,c5,450
5108,c234,265
5109,c1,329
5110,c1,480
5111,c1,184
5112,c234,28
5113,c5,270
5114,c5,306
5115,c1,297
5116,c1,421
5117,c5,279
5118,c5,89
5119,c234,47
5120,c5,118
5121,c5,54
5122,c234,117
5123,c5,21
5124,c1,211
5125,c234,222
5126,c5,170
5127,c234,25
5128,c234,156
5129,c5,108
5130,c234,46
5131,c234,351
5132,c5,37
5133,c234,280
5134,c5,215
5135,c1,34
5136,c5,151
5137,c1,23
5138,c1,121
5139,c234,178
5140,c5,240
5141,c1,1115
5142,c5,324
5143,c5,501
5144,c1,356
5145,c5,145
5146,c1,463
5147,c234,162
5148,c234,448
5149,c5,67
5150,c234,240
5151,c1,244
5152,c234,275
5153,c234,172
5154,c234,173
5155,c234,269
5156,c5,64
5157,c1,152
5158,c5,108
5159,c234,267
5160,c234,140
5161,c5,54
5162,c234,49
5163,c234,207
5164,c234,207
5165,c5,406
5166,c1,86
5167,c5,205
5168,c234,175
5169,c234,162
5170,c1,42
5171,c234,268
5172,c5,46
5173,c1,331
5174,c5,959
5175,c5,150
5176,c234,121
5177,c1,483
5178,c1,99
5179,c1,62
5180,c234,100
5181,c234,104
5182,c234,31
5183,c1,191
5184,c1,104
5185,c1,96
5186,c234,212
5187,c234,309
5188,c234,362
5189,c5,180
5190,c234,190
5191,c5,435
5192,c1,60
5193,c234,638
5194,c1,50
5195,c5,488
5196,c5,327
5197,c1,174
5198,c234,461
5199,c1,62
5200,c234,77
5201,c1,15
5202,c5,543
5203,c5,244
5204,c1,118
5205,c1,266
5206,c234,100
5207,c5,122
5208,c5,185
5209,c234,256
5210,c1,2220
5211,c1,293
5212,c234,221
5213,c234,359
5214,c1,95
5215,c234,402
5216,c5,139
5217,c5,217
5218,c5,109
5219,c234,215
5220,c5,103
5221,c5,2009
5222,c5,41
5223,c5,530
5224,c1,9
5225,c5,111
5226,c5,132
5227,c1,351
5228,c1,284
5229,c5,280
5230,c5,47
5231,c1,172
5232,c234,304
5233,c5,96
5234,c5,434
5235,c1,548
5236,c1,545
5237,c1,293
5238,c234,179
5239,c1,35
5240,c234,37
5241,c1,95
5242,c1,350
5243,c5,151
5244,c1,213
5245,c1,18
5246,c1,29
5247,c5,227
5248,c1,463
5249,c5,233
5250,c1,88
5251,c234,869
5252,c5,117
5253,c234,6
5254,c1,166
5255,c1,236
5256,c1,485
5257,c234,53
5258,c1,805
5259,c5,122
5260,c1,59
5261,c5,52
5262,c1,234
5263,c1,146
5264,c5,246
5265,c5,9
5266,c1,290
5267,c234,145
5268,c5,124
5269,c5,212
5270,c5,372
5271,c5,35
5272,c1,14
5273,c5,163
5274,c5,27
5275,c5,44
5276,c5,605
5277,c1,437
5278,c5,157
5279,c234,127
5280,c5,172
5281,c234,151
5282,c5,769
5283,c5,505
5284,c234,379
5285,c234,289
5286,c1,100
5287,c1,143
5288,c1,208
5289,c1,48
5290,c234,252
5291,c5,278
5292,c234,48
5293,c234,315
5294,c5,47
5295,c234,673
5296,c5,127
5297,c5,194
5298,c1,53
5299,c5,515
5300,c5,422
5301,c1,117
5302,c5,47
5303,c234,369
5304,c1,343
5305,c1,144
5306,c5,177
5307,c234,291
5308,c1,150
5309,c1,55
5310,c1,96
5311,c1,209
5312,c234,742
5313,c1,262
5314,c5,174
5315,c1,807
5316,c5,151
5317,c1,157
5318,c234,17
5319,c1,229
5320,c5,53
5321,c234,811
5322,c1,101
5323,c234,10
5324,c234,478
5325,c234,38
5326,c5,149
5327,c1,796
5328,c1,81
5329,c234,195
5330,c234,241
5331,c5,349
5332,c234,445
5333,c234,553
5334,c1,92
5335,c234,71
5336,c5,28
5337,c1,81
5338,c5,150
5339,c5,418
5340,c1,139
5341,c234,63
5342,c234,141
5343,c5,35
5344,c234,58
5345,c1,9
5346,c1,810
5347,c234,59
5348,c5,1515
5349,c234,324
5350,c5,147
5351,c1,168
5352,c1,125
5353,c234,357
5354,c5,103
5355,c1,48
5356,c234,436
5357,c234,428
5358,c234,322
5359,c1,146
5360,c234,45
5361,c234,167
5362,c5,182
5363,c1,224
5364,c5,70
5365,c234,104
5366,c1,303
5367,c1,81
5368,c1,266
5369,c5,32
5370,c234,1322
5371,c1,385
5372,c1,133
5373,c5,41
5374,c1,236
5375,c1,167
5376,c5,92
5377,c5,14
5378,c234,80
5379,c234,109
5380,c234,243
5381,c1,6
5382,c234,292
5383,c1,62
5384,c234,121
5385,c1,572
5386,c234,493
5387,c234,209
5388,c234,151
5389,c5,402
5390,c5,337
5391,c234,81
5392,c1,391
5393,c1,79
5394,c234,976
5395,c5,440
5396,c1,67
5397,c5,264
5398,c5,1020
5399,c5,68
5400,c234,251
5401,c234,210
5402,c234,149
5403,c1,99
5404,c1,141
5405,c1,140
5406,c1,154
5407,c234,282
5408,c1,119
5409,c234,20
5410,c1,475
5411,c5,185
5412,c1,36
5413,c1,376
5414,c5,669
5415,c234,566
5416,c1,321
5417,c5,209
5418,c1,403
5419,c234,413
5420,c234,204
5421,c1,66
5422,c234,174
5423,c234,125
5424,c1,232
5425,c1,271
5426,c5,148
5427,c5,117
5428,c1,213
5429,c5,128
5430,c234,69
5431,c5,154
5432,c5,60
5433,c5,9
5434,c1,448
5435,c234,280
5436,c234,304
5437,c1,37
5438,c1,248
5439,c5,216
5440,c1,419
5441,c234,108
5442,c234,128
5443,c234,27
5444,c5,63
5445,c1,478
5446,c5,347
5447,c1,80
5448,c5,314
5449,c1,265
5450,c5,21
5451,c5,1482
5452,c1,125
5453,c5,511
5454,c234,60
5455,c5,80
5456,c234,62
5457,c234,172
5458,c1,401
5459,c1,15
5460,c1,788
5461,c5,262
5462,c1,179
5463,c1,80
5464,c1,115
5465,c1,170
5466,c5,134
5467,c234,75
5468,c1,421
5469,c1,555
5470,c1,67
5471,c234,55
5472,c234,222
5473,c1,424
5474,c234,287
5475,c1,951
5476,c234,130
5477,c234,13
5478,c1,265
5479,c234,690
5480,c5,137
5481,c5,337
5482,c5,23
5483,c234,102
5484,c234,88
5485,c234,150
5486,c1,580
5487,c5,227
5488,c5,249
5489,c1,229
5490,c1,359
5491,c1,412
5492,c234,216
5493,c1,68
5494,c5,67
5495,c1,152
5496,c234,602
5497,c5,606
5498,c5,165
5499,c1,695
5500,c5,54
5501,c234,419
5502,c234,41
5503,c234,365
5504,c5,342
5505,c5,99
5506,c5,469
5507,c5,48
5508,c5,29
5509,c234,189
5510,c234,1082
5511,c1,1126
5512,c234,96
5513,c234,665
5514,c5,110
5515,c5,490
5516,c234,381
5517,c234,215
5518,c5,279
5519,c1,1062
5520,c234,436
5521,c234,100
5522,c234,323
5523,c1,138
5524,c5,824
5525,c1,75
5526,c1,1154
5527,c1,396
5528,c5,61
5529,c5,232
5530,c234,153
5531,c234,237
5532,c5,30
5533,c1,964
5534,c5,192
5535,c5,192
5536,c234,448
5537,c1,269
5538,c5,28
5539,c234,283
5540,c234,471
5541,c234,155
5542,c234,523
5543,c234,409
5544,c234,227
5545,c234,579
5546,c5,161
5547,c234,132
5548,c1,118
5549,c5,270
5550,c1,244
5551,c5,138
5552,c234,372
5553,c234,150
5554,c1,82
5555,c1,50
5556,c1,758
5557,c5,61
5558,c1,29
5559,c234,195
5560,c1,126
5561,c5,228
5562,c1,65
5563,c234,191
5564,c234,84
5565,c234,333
5566,c1,763
5567,c1,305
5568,c1,19
5569,c1,31
5570,c1,232
5571,c5,114
5572,c5,226
5573,c5,81
5574,c5,137
5575,c5,370
5576,c5,144
5577,c234,264
5578,c234,161
5579,c234,81
5580,c234,342
5581,c5,82
5582,c234,322
5583,c234,192
5584,c1,304
5585,c1,81
5586,c5,191
5587,c5,30
5588,c1,1053
5589,c234,239
5590,c234,163
5591,c5,38
5592,c234,267
5593,c5,63
5594,c234,390
5595,c5,142
5596,c1,217
5597,c234,165
5598,c1,145
5599,c234,750
5600,c234,350
5601,c5,374
5602,c234,81
5603,c5,260
5604,c5,449
5605,c1,1075
5606,c5,44
5607,c5,352
5608,c5,296
5609,c234,82
5610,c234,238
5611,c234,76
5612,c1,17
5613,c1,99
5614,c1,330
5615,c234,209
5616,c1,29
5617,c234,278
5618,c234,329
5619,c5,95
5620,c1,246
5621,c5,51
5622,c5,268
5623,c234,104
5624,c234,144
5625,c234,169
5626,c234,81
5627,c5,97
5628,c5,307
5629,c234,311
5630,c5,155
5631,c234,93
5632,c234,247
5633,c5,117
5634,c5,25
5635,c1,34
5636,c5,48
5637,c1,18
5638,c1,128
5639,c5,81
5640,c234,408
5641,c234,557
5642,c1,229
5643,c1,29
5644,c1,286
5645,c5,178
5646,c234,155
5647,c234,346
5648,c5,445
5649,c5,431
5650,c1,231
5651,c1,262
5652,c1,139
5653,c234,389
5654,c1,81
5655,c234,42
5656,c234,173
5657,c234,66
5658,c234,194
5659,c1,389
5660,c234,88
5661,c234,101
5662,c234,66
5663,c1,244
5664,c5,244
5665,c234,424
5666,c5,334
5667,c1,80
5668,c234,212
5669,c1,215
5670,c5,478
5671,c1,150
5672,c234,180
5673,c234,715
5674,c1,757
5675,c1,290
5676,c5,243
5677,c234,42
5678,c5,244
5679,c5,56
5680,c5,185
5681,c234,138
5682,c1,6
5683,c5,796
5684,c1,216
5685,c1,270
5686,c5,54
5687,c234,175
5688,c5,13
5689,c5,113
5690,c5,162
5691,c234,22
5692,c5,168
5693,c234,185
5694,c234,107
5695,c5,27
5696,c1,9
5697,c234,290
5698,c5,32
5699,c234,183
5700,c5,123
5701,c5,218
5702,c1,173
5703,c234,23
5704,c5,330
5705,c234,317
5706,c1,81
5707,c5,1497
5708,c234,840
5709,c5,562
5710,c234,788
5711,c234,124
5712,c5,35
5713,c5,367
5714,c234,15
5715,c1,53
5716,c1,55
5717,c1,242
5718,c1,50
5719,c234,216
5720,c234,218
5721,c5,147
5722,c5,114
5723,c1,116
5724,c1,355
5725,c234,88
5726,c234,422
5727,c234,64
5728,c1,268
5729,c5,93
5730,c1,379
5731,c234,277
5732,c5,390
5733,c234,40
5734,c1,389
5735,c1,531
5736,c1,168
5737,c1,321
5738,c1,299
5739,c234,30
5740,c1,194
5741,c5,559
5742,c5,104
5743,c5,96
5744,c234,77
5745,c234,50
5746,c1,224
5747,c1,1073
5748,c234,230
5749,c5,329
5750,c5,150
5751,c234,1408
5752,c1,387
5753,c5,207
5754,c1,438
5755,c234,85
5756,c5,151
5757,c234,42
5758,c234,367
5759,c234,265
5760,c5,697
5761,c234,124
5762,c5,48
5763,c5,284
5764,c5,188
5765,c5,182
5766,c5,314
5767,c234,1668
5768,c234,319
5769,c5,128
5770,c234,550
5771,c1,17
5772,c1,408
5773,c1,170
5774,c5,91
5775,c5,317
5776,c234,103
5777,c5,82
5778,c234,53
5779,c1,68
5780,c5,486
5781,c1,239
5782,c234,383
5783,c5,43
5784,c234,259
5785,c5,57
5786,c5,75
5787,c234,509
5788,c1,42
5789,c5,233
5790,c234,579
5791,c1,85
5792,c234,1366
5793,c1,225
5794,c5,188
5795,c1,167
5796,c234,581
5797,c1,263
5798,c5,527
5799,c5,24
5800,c234,269
5801,c1,138
5802,c5,266
5803,c234,246
5804,c5,54
5805,c234,24
5806,c5,181
5807,c1,144
5808,c1,611
5809,c1,110
5810,c1,233
5811,c5,296
5812,c5,559
5813,c1,546
5814,c234,148
5815,c234,263
5816,c234,141
5817,c1,194
5818,c5,219
5819,c1,291
5820,c1,567
5821,c234,232
5822,c1,200
5823,c5,310
5824,c234,609
5825,c1,336
5826,c234,42
5827,c5,69
5828,c1,71
5829,c5,28
5830,c1,73
5831,c1,237
5832,c1,428
5833,c234,29
5834,c234,97
5835,c5,154
5836,c1,390
5837,c234,26
5838,c234,381
5839,c234,182
5840,c1,35
5841,c1,367
5842,c234,228
5843,c234,282
5844,c234,333
5845,c1,582
5846,c234,252
5847,c5,612
5848,c234,139
5849,c1,610
5850,c234,62
5851,c5,235
5852,c234,1044
5853,c5,63
5854,c234,740
5855,c1,625
5856,c5,41
5857,c5,136
5858,c5,66
5859,c1,84
5860,c234,171
5861,c1,503
5862,c5,64
5863,c234,234
5864,c1,189
5865,c1,52
5866,c1,93
5867,c5,217
5868,c5,257
5869,c5,150
5870,c5,284
5871,c1,216
5872,c1,24
5873,c5,100
5874,c5,42
5875,c234,348
5876,c1,152
5877,c234,99
5878,c1,268
5879,c5,124
5880,c5,390
5881,c234,203
5882,c234,81
5883,c5,99
5884,c5,152
5885,c5,300
5886,c5,40
5887,c1,1519
5888,c1,657
5889,c5,401
5890,c234,206
5891,c1,582
5892,c5,339
5893,c1,502
5894,c234,632
5895,c234,34
5896,c234,680
5897,c234,365
5898,c1,303
5899,c5,219
5900,c234,173
5901,c1,26
5902,c234,646
5903,c5,86
5904,c234,117
5905,c5,55
5906,c5,164
5907,c1,157
5908,c1,37
5909,c1,32
5910,c1,441
5911,c5,185
5912,c1,143
5913,c234,277
5914,c1,353
5915,c5,107
5916,c5,368
5917,c234,341
5918,c234,133
5919,c1,148
5920,c5,79
5921,c5,247
5922,c5,49
5923,c1,197
5924,c234,254
5925,c5,205
5926,c5,50
5927,c234,192
5928,c1,25
5929,c1,110
5930,c5,215
5931,c234,61
5932,c5,211
5933,c1,181
5934,c1,138
5935,c234,208
5936,c5,286
5937,c5,51
5938,c1,135
5939,c234,53
5940,c1,669
5941,c1,275
5942,c234,870
5943,c234,52
5944,c234,305
5945,c234,232
5946,c234,157
5947,c1,297
5948,c234,445
5949,c1,1510
5950,c5,210
5951,c234,82
5952,c5,216
5953,c234,240
5954,c5,378
5955,c234,630
5956,c234,135
5957,c234,414
5958,c5,14
5959,c1,340
5960,c234,198
5961,c5,171
5962,c1,1176
5963,c1,20
5964,c5,102
5965,c1,63
5966,c5,127
5967,c234,169
5968,c5,143
5969,c5,93
5970,c1,145
5971,c1,276
5972,c234,644
5973,c234,82
5974,c5,298
5975,c234,441
5976,c234,837
5977,c1,89
5978,c1,1081
5979,c234,434
5980,c234,154
5981,c234,208
5982,c234,128
5983,c5,659
5984,c1,191
5985,c5,289
5986,c5,97
5987,c5,65
5988,c234,379
5989,c1,226
5990,c5,252
5991,c234,963
5992,c5,163
5993,c5,127
5994,c234,271
5995,c234,575
5996,c1,185
5997,c5,262
5998,c5,44
5999,c234,176
6000,c1,1429
6001,c1,83
6002,c5,288
6003,c5,70
6004,c5,252
6005,c234,564
6006,c234,79
6007,c1,273
6008,c234,247
6009,c5,65
6010,c234,315
6011,c1,1098
6012,c234,52
6013,c5,254
6014,c5,90
6015,c234,254
6016,c234,337
6017,c5,462
6018,c5,879
6019,c234,121
6020,c5,302
6021,c5,337
6022,c5,432
6023,c5,114
6024,c234,264
6025,c234,381
6026,c234,423
6027,c5,285
6028,c1,136
6029,c1,124
6030,c234,151
6031,c234,18
6032,c1,120
6033,c5,49
6034,c1,235
6035,c1,218
6036,c1,45
6037,c5,27
6038,c234,778
6039,c234,473
6040,c5,118
6041,c5,110
6042,c5,55
6043,c5,19
6044,c5,266
6045,c234,152
6046,c1,285
6047,c234,98
6048,c234,295
6049,c234,370
6050,c5,312
6051,c234,654
6052,c234,139
6053,c234,298
6054,c5,32
6055,c5,374
6056,c1,121
6057,c234,354
6058,c234,257
6059,c5,22
6060,c1,694
6061,c5,291
6062,c1,189
6063,c234,513
6064,c5,98
6065,c5,427
6066,c234,172
6067,c1,32
6068,c1,1291
6069,c234,185
6070,c5,34
6071,c1,218
6072,c234,688
6073,c234,45
6074,c5,167
6075,c1,167
6076,c234,242
6077,c234,132
6078,c5,709
6079,c1,283
6080,c234,1818
6081,c234,84
6082,c234,81
6083,c5,178
6084,c5,58
6085,c1,395
6086,c5,119
6087,c5,38
6088,c234,42
6089,c234,247
6090,c5,58
6091,c234,977
6092,c5,168
6093,c5,79
6094,c5,18
6095,c234,268
6096,c234,98
6097,c234,66
6098,c5,27
6099,c5,754
6100,c5,171
6101,c234,259
6102,c234,52
6103,c5,249
6104,c5,691
6105,c5,233
6106,c5,34
6107,c1,157
6108,c5,137
6109,c1,9
6110,c5,86
6111,c234,72
6112,c1,1004
6113,c5,20
6114,c234,183
6115,c1,16
6116,c234,274
6117,c1,43
6118,c234,365
6119,c1,321
6120,c234,26
6121,c5,404
6122,c234,131
6123,c234,188
6124,c1,966
6125,c5,172
6126,c234,92
6127,c234,258
6128,c5,779
6129,c1,114
6130,c1,179
6131,c234,243
6132,c1,165
6133,c5,79
6134,c5,244
6135,c234,498
6136,c5,78
6137,c5,83
6138,c234,197
6139,c1,211
6140,c5,28
6141,c234,579
6142,c5,184
6143,c234,205
6144,c5,432
6145,c1,560
6146,c5,356
6147,c234,215
6148,c234,274
6149,c1,132
6150,c5,384
6151,c1,145
6152,c234,201
6153,c1,100
6154,c1,580
6155,c5,291
6156,c234,56
6157,c1,200
6158,c5,129
6159,c234,296
6160,c1,226
6161,c5,233
6162,c5,301
6163,c1,509
6164,c5,720
6165,c234,81
6166,c5,98
6167,c5,573
6168,c1,89
6169,c234,539
6170,c5,105
6171,c1,66
6172,c5,232
6173,c234,56
6174,c5,283
6175,c1,39
6176,c1,65
6177,c5,29
6178,c5,280
6179,c5,31
6180,c1,304
6181,c1,59
6182,c234,1043
6183,c5,49
6184,c234,160
6185,c1,398
6186,c5,99
6187,c5,50
6188,c234,554
6189,c1,451
6190,c5,266
6191,c1,120
6192,c234,309
6193,c1,746
6194,c234,407
6195,c1,96
6196,c1,454
6197,c1,276
6198,c234,12
6199,c5,218
6200,c5,46
6201,c1,265
6202,c5,859
6203,c1,140
6204,c5,44
6205,c5,448
6206,c234,34
6207,c1,313
6208,c234,129
6209,c1,263
6210,c234,47
6211,c1,279
6212,c1,571
6213,c5,222
6214,c234,333
6215,c234,166
6216,c1,236
6217,c234,47
6218,c234,350
6219,c234,308
6220,c1,30
6221,c5,254
6222,c234,282
6223,c234,87
6224,c1,224
6225,c1,334
6226,c1,600
6227,c5,282
6228,c1,185
6229,c5,162
6230,c5,162
6231,c5,32
6232,c5,144
6233,c5,96
6234,c1,948
6235,c234,109
6236,c234,32
6237,c5,185
6238,c5,540
6239,c1,71
6240,c1,73
6241,c234,1052
6242,c1,116
6243,c1,81
6244,c234,369
6245,c234,48
6246,c234,551
6247,c5,144
6248,c234,292
6249,c1,90
6250,c234,679
6251,c5,127
6252,c5,44
6253,c5,211
6254,c1,57
6255,c1,466
6256,c234,243
6257,c234,99
6258,c234,67
6259,c234,207
6260,c234,640
6261,c234,81
6262,c5,326
6263,c234,572
6264,c1,78
6265,c1,73
6266,c5,120
6267,c1,709
6268,c1,15
6269,c1,278
6270,c234,168
6271,c234,207
6272,c234,255
6273,c5,13
6274,c1,113
6275,c1,166
6276,c1,82
6277,c234,465
6278,c1,36
6279,c5,99
6280,c1,310
6281,c234,82
6282,c234,15
6283,c1,514
6284,c234,157
6285,c5,313
6286,c5,320
6287,c5,160
6288,c234,91
6289,c5,17
6290,c5,193
6291,c1,118
6292,c234,234
6293,c234,174
6294,c5,62
6295,c5,186
6296,c5,260
6297,c5,117
6298,c5,181
6299,c234,158
6300,c234,304
6301,c5,82
6302,c1,139
6303,c5,114
6304,c5,54
6305,c234,266
6306,c1,87
6307,c1,251
6308,c5,39
6309,c5,97
6310,c5,342
6311,c1,291
6312,c234,21
6313,c234,324
6314,c5,36
6315,c234,92
6316,c234,22
6317,c1,283
6318,c234,751
6319,c1,256
6320,c1,96
6321,c5,160
6322,c234,79
6323,c1,289
6324,c234,715
6325,c234,51
6326,c234,300
6327,c5,465
6328,c1,1254
6329,c234,486
6330,c234,585
6331,c1,302
6332,c234,112
6333,c234,198
6334,c5,53
6335,c1,251
6336,c5,167
6337,c5,306
6338,c234,233
6339,c5,187
6340,c5,120
6341,c5,15
6342,c5,211
6343,c5,159
6344,c234,72
6345,c5,64
6346,c1,186
6347,c234,95
6348,c234,346
6349,c5,763
6350,c5,215
6351,c234,33
6352,c5,180
6353,c1,16
6354,c5,393
6355,c5,7
6356,c5,130
6357,c234,289
6358,c234,63
6359,c1,65
6360,c1,106
6361,c234,1636
6362,c5,20
6363,c5,138
6364,c5,41
6365,c1,51
6366,c234,157
6367,c1,279
6368,c5,87
6369,c1,170
6370,c1,794
6371,c1,130
6372,c234,442
6373,c1,97
6374,c1,99
6375,c5,49
6376,c1,326
6377,c234,46
6378,c5,297
6379,c234,204
6380,c234,401
6381,c234,434
6382,c5,256
6383,c1,401
6384,c5,25
6385,c1,615
6386,c234,294
6387,c5,36
6388,c234,381
6389,c1,351
6390,c5,81
6391,c234,490
6392,c5,732
6393,c5,296
6394,c234,142
6395,c5,145
6396,c1,125
6397,c234,475
6398,c5,746
6399,c234,207
6400,c5,119
6401,c5,230
6402,c5,122
6403,c5,41
6404,c1,171
6405,c1,668
6406,c234,247
6407,c5,281
6408,c234,330
6409,c5,129
6410,c5,246
6411,c234,912
6412,c5,200
6413,c5,133
6414,c5,216
6415,c1,333
6416,c234,208
6417,c234,396
6418,c234,703
6419,c234,279
6420,c234,80
6421,c234,185
6422,c1,383
6423,c1,53
6424,c1,295
6425,c234,757
6426,c5,221
6427,c5,26
6428,c1,193
6429,c5,283
6430,c5,626
6431,c234,96
6432,c1,588
6433,c5,28
6434,c234,140
6435,c234,98
6436,c5,94
6437,c5,144
6438,c5,129
6439,c234,787
6440,c5,397
6441,c234,900
6442,c5,221
6443,c5,116
6444,c1,79
6445,c1,27
6446,c5,167
6447,c5,318
6448,c234,70
6449,c234,170
6450,c1,379
6451,c234,245
6452,c234,89
6453,c234,234
6454,c5,42
6455,c5,142
6456,c234,154
6457,c5,259
6458,c234,186
6459,c1,122
6460,c5,131
6461,c234,364
6462,c234,204
6463,c5,73
6464,c5,78
6465,c234,637
6466,c5,217
6467,c5,248
6468,c5,961
6469,c1,24
6470,c5,69
6471,c5,233
6472,c1,129
6473,c1,15
6474,c1,588
6475,c1,401
6476,c5,422
6477,c5,311
6478,c1,316
6479,c1,734
6480,c5,125
6481,c234,683
6482,c5,81
6483,c5,353
6484,c5,153
6485,c5,82
6486,c1,63
6487,c1,155
6488,c5,159
6489,c234,342
6490,c5,391
6491,c234,201
6492,c234,43
6493,c1,1042
6494,c5,727
6495,c1,402
6496,c1,531
6497,c5,824
6498,c1,289
6499,c1,293
6500,c1,49
6501,c1,308
6502,c1,120
6503,c5,118
6504,c5,176
6505,c234,82
6506,c234,361
6507,c5,106
6508,c1,89
6509,c5,140
6510,c234,212
6511,c234,9
6512,c5,286
6513,c5,72
6514,c1,401
6515,c5,324
6516,c5,109
6517,c1,283
6518,c5,78
6519,c1,7
6520,c1,294
6521,c234,151
6522,c1,129
6523,c5,1059
6524,c1,290
6525,c234,351
6526,c5,15
6527,c1,81
6528,c1,35
6529,c1,202
6530,c1,63
6531,c234,559
6532,c234,471
6533,c1,159
6534,c234,301
6535,c5,187
6536,c1,1098
6537,c234,45
6538,c5,149
6539,c5,180
6540,c234,1150
6541,c5,663
6542,c1,460
6543,c5,568
6544,c1,150
6545,c234,608
6546,c234,17
6547,c234,290
6548,c1,6
6549,c1,651
6550,c234,92
6551,c5,217
6552,c1,291
6553,c234,382
6554,c1,217
6555,c1,795
6556,c1,86
6557,c5,240
6558,c234,347
6559,c234,132
6560,c1,59
6561,c1,10
6562,c5,65
6563,c1,356
6564,c5,156
6565,c1,86
6566,c5,232
6567,c1,684
6568,c5,184
6569,c5,154
6570,c1,192
6571,c5,290
6572,c1,224
6573,c5,250
6574,c1,198
6575,c5,187
6576,c1,141
6577,c1,816
6578,c234,24
6579,c5,64
6580,c234,265
6581,c1,352
6582,c5,184
6583,c5,635
6584,c1,81
6585,c1,133
6586,c234,240
6587,c1,98
6588,c1,234
6589,c234,234
6590,c1,34
6591,c1,797
6592,c234,291
6593,c1,88
6594,c5,309
6595,c234,163
6596,c1,421
6597,c1,313
6598,c5,150
6599,c1,976
6600,c5,460
6601,c234,90
6602,c1,93
6603,c1,129
6604,c5,23
6605,c1,23
6606,c234,204
6607,c234,376
6608,c1,18
6609,c234,145
6610,c1,162
6611,c234,579
6612,c234,81
6613,c5,22
6614,c234,831
6615,c1,25
6616,c5,157
6617,c1,81
6618,c234,1517
6619,c1,101
6620,c5,134
6621,c5,24
6622,c5,51
6623,c5,205
6624,c5,75
6625,c5,61
6626,c1,189
6627,c5,220
6628,c1,13
6629,c5,709
6630,c5,530
6631,c1,253
6632,c234,223
6633,c5,16
6634,c234,492
6635,c5,205
6636,c5,32
6637,c234,7
6638,c5,112
6639,c234,435
6640,c234,523
6641,c1,99
6642,c234,706
6643,c234,274
6644,c1,290
6645,c1,81
6646,c234,22
6647,c5,389
6648,c1,35
6649,c1,44
6650,c5,563
6651,c1,306
6652,c5,290
6653,c5,285
6654,c5,42
6655,c1,285
6656,c234,481
6657,c5,130
6658,c234,596
6659,c5,54
6660,c5,265
6661,c234,536
6662,c234,63
6663,c234,221
6664,c234,448
6665,c1,282
6666,c1,131
6667,c1,151
6668,c234,245
6669,c234,406
6670,c1,81
6671,c234,118
6672,c234,435
6673,c234,170
6674,c5,444
6675,c234,299
6676,c5,211
6677,c1,311
6678,c1,663
6679,c234,846
6680,c1,278
6681,c1,25
6682,c5,211
6683,c234,606
6684,c1,258
6685,c234,20
6686,c1,398
6687,c234,131
6688,c5,53
6689,c5,172
6690,c234,60
6691,c234,230
6692,c234,334
6693,c1,176
6694,c5,230
6695,c5,20
6696,c1,200
6697,c234,132
6698,c5,92
6699,c1,228
6700,c234,187
6701,c234,286
6702,c1,348
6703,c5,73
6704,c5,229
6705,c1,210
6706,c5,452
6707,c5,253
6708,c1,287
6709,c1,619
6710,c234,233
6711,c234,82
6712,c234,69
6713,c234,152
6714,c1,531
6715,c234,227
6716,c234,541
6717,c234,39
6718,c5,27
6719,c5,423
6720,c5,23
6721,c5,160
6722,c1,316
6723,c1,81
6724,c234,274
6725,c5,409
6726,c1,138
6727,c5,32
6728,c234,421
6729,c1,29
6730,c5,295
6731,c234,144
6732,c5,113
6733,c1,819
6734,c5,552
6735,c234,97
6736,c1,334
6737,c1,27
6738,c5,179
6739,c1,352
6740,c1,192
6741,c234,127
6742,c1,325
6743,c234,484
6744,c234,224
6745,c5,127
6746,c1,191
6747,c1,215
6748,c1,426
6749,c1,22
6750,c5,116
6751,c1,447
6752,c5,181
6753,c1,25
6754,c234,543
6755,c5,180
6756,c1,179
6757,c1,170
6758,c234,318
6759,c234,110
6760,c1,149
6761,c234,20
6762,c5,377
6763,c234,320
6764,c5,260
6765,c234,666
6766,c1,1247
6767,c234,441
6768,c1,598
6769,c5,146
6770,c234,621
6771,c5,123
6772,c5,59
6773,c234,266
6774,c5,87
6775,c234,180
6776,c234,462
6777,c1,277
6778,c1,103
6779,c234,43
6780,c5,71
6781,c5,43
6782,c5,34
6783,c234,125
6784,c5,662
6785,c1,190
6786,c234,32
6787,c234,306
6788,c234,229
6789,c5,21
6790,c1,31
6791,c1,190
6792,c234,85
6793,c1,425
6794,c1,485
6795,c234,497
6796,c234,65
6797,c234,43
6798,c234,213
6799,c1,124
6800,c5,158
6801,c1,509
6802,c1,274
6803,c1,559
6804,c5,471
6805,c1,158
6806,c234,64
6807,c5,570
6808,c5,94
6809,c5,386
6810,c5,154
6811,c1,58
6812,c234,76
6813,c1,97
6814,c5,254
6815,c5,230
6816,c234,387
6817,c234,86
6818,c234,240
6819,c234,358
6820,c5,201
6821,c1,50
6822,c234,648
6823,c1,109
6824,c1,265
6825,c234,276
6826,c1,421
6827,c234,115
6828,c1,57
6829,c234,105
6830,c1,275
6831,c1,62
6832,c5,309
6833,c1,19
6834,c1,25
6835,c234,105
6836,c234,290
6837,c234,465
6838,c5,177
6839,c1,88
6840,c1,338
6841,c234,108
6842,c234,161
6843,c1,154
6844,c234,333
6845,c5,32
6846,c234,616
6847,c234,954
6848,c234,570
6849,c1,262
6850,c1,49
6851,c5,323
6852,c1,748
6853,c5,375
6854,c1,877
6855,c5,90
6856,c5,100
6857,c5,190
6858,c1,347
6859,c234,518
6860,c1,56
6861,c1,431
6862,c234,46
6863,c234,260
6864,c5,691
6865,c5,46
6866,c5,161
6867,c5,418
6868,c234,218
6869,c5,250
6870,c1,131
6871,c5,150
6872,c234,376
6873,c5,161
6874,c5,21
6875,c5,120
6876,c5,58
6877,c234,662
6878,c1,69
6879,c1,302
6880,c5,112
6881,c5,78
6882,c5,831
6883,c234,20
6884,c5,143
6885,c1,237
6886,c234,84
6887,c1,66
6888,c5,327
6889,c1,31
6890,c5,98
6891,c5,104
6892,c1,105
6893,c1,441
6894,c1,368
6895,c1,119
6896,c234,101
6897,c234,486
6898,c5,94
6899,c1,59
6900,c234,278
6901,c1,58
6902,c5,251
6903,c5,256
6904,c234,566
6905,c1,88
6906,c234,112
6907,c5,199
6908,c5,142
6909,c234,140
6910,c1,15
6911,c5,270
6912,c1,488
6913,c234,93
6914,c5,124
6915,c234,58
6916,c1,150
6917,c1,236
6918,c1,117
6919,c5,183
6920,c234,474
6921,c234,461
6922,c1,152
6923,c1,128
6924,c5,610
6925,c1,239
6926,c5,121
6927,c1,282
6928,c1,53
6929,c234,471
6930,c234,191
6931,c1,8
6932,c5,137
6933,c5,59
6934,c234,761
6935,c5,32
6936,c234,329
6937,c234,1501
6938,c5,190
6939,c234,404
6940,c5,503
6941,c1,251
6942,c234,486
6943,c234,236
6944,c1,185
6945,c1,134
6946,c1,162
6947,c5,212
6948,c5,120
6949,c234,106
6950,c5,210
6951,c5,314
6952,c5,232
6953,c1,545
6954,c234,43
6955,c1,204
6956,c234,253
6957,c5,640
6958,c234,74
6959,c1,42
6960,c5,125
6961,c1,105
6962,c5,731
6963,c5,510
6964,c1,7
6965,c1,90
6966,c234,101
6967,c234,89
6968,c5,160
6969,c1,41
6970,c234,485
6971,c1,100
6972,c5,204
6973,c1,59
6974,c234,169
6975,c1,108
6976,c1,156
6977,c234,156
6978,c1,24
6979,c5,63
6980,c5,320
6981,c1,43
6982,c5,116
6983,c1,77
6984,c234,233
6985,c234,145
6986,c5,197
6987,c5,1441
6988,c1,673
6989,c234,542
6990,c5,581
6991,c1,147
6992,c1,93
6993,c1,44
6994,c234,235
6995,c5,434
6996,c234,424
6997,c5,84
6998,c5,1238
6999,c1,209
7000,c5,9
7001,c5,91
7002,c5,224
7003,c5,190
7004,c1,798
7005,c5,376
7006,c1,319
7007,c5,143
7008,c234,463
7009,c234,61
7010,c1,215
7011,c5,37
7012,c5,506
7013,c234,460
7014,c5,318
7015,c1,240
7016,c234,76
7017,c5,282
7018,c1,159
7019,c5,248
7020,c5,169
7021,c234,589
7022,c5,124
7023,c5,90
7024,c5,37
7025,c234,24
7026,c1,829
7027,c234,229
7028,c1,561
7029,c5,9
7030,c1,61
7031,c1,62
7032,c234,190
7033,c1,257
7034,c1,667
7035,c5,150
7036,c1,533
7037,c5,202
7038,c234,290
7039,c5,259
7040,c1,328
7041,c5,433
7042,c1,182
7043,c1,436
7044,c5,320
7045,c1,284
7046,c234,161
7047,c1,52
7048,c1,99
7049,c234,468
7050,c234,71
7051,c5,106
7052,c5,28
7053,c234,207
7054,c234,422
7055,c5,118
7056,c234,97
7057,c234,165
7058,c1,5
7059,c234,239
7060,c234,313
7061,c5,114
7062,c5,231
7063,c1,32
7064,c234,216
7065,c5,193
7066,c5,249
7067,c5,109
7068,c234,210
7069,c1,369
7070,c5,65
7071,c234,624
7072,c234,842
7073,c234,8
7074,c1,194
7075,c1,165
7076,c1,72
7077,c234,220
7078,c234,163
7079,c5,181
7080,c234,108
7081,c234,728
7082,c5,288
7083,c5,227
7084,c1,139
7085,c234,165
7086,c5,271
7087,c234,114
7088,c1,620
7089,c1,2001
7090,c5,184
7091,c5,293
7092,c234,81
7093,c234,238
7094,c234,499
7095,c234,80
7096,c1,140
7097,c1,316
7098,c234,28
7099,c5,123
7100,c1,403
7101,c234,39
7102,c1,40
7103,c234,650
7104,c5,316
7105,c5,138
7106,c234,168
7107,c234,299
7108,c5,186
7109,c5,157
7110,c234,654
7111,c234,264
7112,c234,337
7113,c1,401
7114,c5,199
7115,c234,301
7116,c5,517
7117,c234,531
7118,c234,62
7119,c5,82
7120,c1,865
7121,c234,234
7122,c5,43
7123,c1,248
7124,c5,372
7125,c5,81
7126,c5,127
7127,c5,135
7128,c234,82
7129,c1,153
7130,c234,873
7131,c5,241
7132,c5,75
7133,c1,62
7134,c1,345
7135,c234,41
7136,c234,476
7137,c1,1301
7138,c1,151
7139,c234,370
7140,c5,375
7141,c5,227
7142,c1,861
7143,c1,639
7144,c234,436
7145,c5,15
7146,c5,93
7147,c1,191
7148,c1,149
7149,c234,129
7150,c5,127
7151,c1,119
7152,c1,132
7153,c1,55
7154,c1,80
7155,c234,70
7156,c1,535
7157,c5,152
7158,c1,529
7159,c1,273
7160,c1,71
7161,c5,90
7162,c234,159
7163,c5,115
7164,c234,646
7165,c5,343
7166,c234,413
7167,c1,82
7168,c234,326
7169,c1,12
7170,c5,354
7171,c234,594
7172,c234,256
7173,c5,27
7174,c234,178
7175,c234,47
7176,c234,97
7177,c234,191
7178,c234,96
7179,c5,77
7180,c234,498
7181,c234,144
7182,c234,290
7183,c5,75
7184,c234,754
7185,c234,57
7186,c5,112
7187,c1,426
7188,c1,319
7189,c1,270
7190,c1,59
7191,c1,97
7192,c234,239
7193,c1,1147
7194,c5,613
7195,c234,52
7196,c5,391
7197,c5,112
7198,c1,210
7199,c234,197
7200,c5,322
7201,c234,38
7202,c234,162
7203,c5,271
7204,c5,515
7205,c234,100
7206,c5,118
7207,c1,178
7208,c1,138
7209,c1,21
7210,c5,130
7211,c5,715
7212,c5,407
7213,c1,96
7214,c234,125
7215,c1,483
7216,c5,113
7217,c234,132
7218,c1,796
7219,c1,186
7220,c234,135
7221,c234,630
7222,c1,76
7223,c5,115
7224,c234,780
7225,c234,430
7226,c234,593
7227,c234,168
7228,c5,134
7229,c234,330
7230,c5,329
7231,c234,79
7232,c234,183
7233,c1,265
7234,c234,51
7235,c234,579
7236,c234,152
7237,c5,27
7238,c1,282
7239,c5,230
7240,c1,196
7241,c5,122
7242,c5,56
7243,c1,536
7244,c5,160
7245,c5,30
7246,c1,327
7247,c234,306
7248,c1,172
7249,c5,59
7250,c234,142
7251,c5,40
7252,c234,586
7253,c1,109
7254,c1,123
7255,c5,186
7256,c1,59
7257,c5,31
7258,c234,47
7259,c5,64
7260,c234,81
7261,c234,31
7262,c234,518
7263,c234,51
7264,c234,124
7265,c234,334
7266,c1,275
7267,c5,333
7268,c234,41
7269,c1,148
7270,c5,219
7271,c5,212
7272,c234,381
7273,c1,200
7274,c5,125
7275,c234,76
7276,c1,17
7277,c5,495
7278,c5,221
7279,c5,329
7280,c5,159
7281,c234,131
7282,c234,130
7283,c234,124
7284,c234,207
7285,c5,172
7286,c5,38
7287,c234,32
7288,c234,49
7289,c234,396
7290,c5,604
7291,c234,794
7292,c1,589
7293,c5,195
7294,c234,294
7295,c5,139
7296,c5,7
7297,c1,623
7298,c5,65
7299,c1,440
7300,c234,182
7301,c1,113
7302,c5,323
7303,c1,260
7304,c234,599
7305,c234,202
7306,c5,56
7307,c1,43
7308,c5,38
7309,c5,48
7310,c5,364
7311,c1,149
7312,c5,257
7313,c1,226
7314,c234,127
7315,c1,75
7316,c234,250
7317,c1,376
7318,c234,138
7319,c5,63
7320,c1,16
7321,c1,501
7322,c1,30
7323,c5,263
7324,c234,435
7325,c234,109
7326,c234,80
7327,c234,130
7328,c234,131
7329,c1,81
7330,c5,70
7331,c1,17
7332,c234,58
7333,c234,346
7334,c5,111
7335,c1,201
7336,c234,407
7337,c234,650
7338,c5,152
7339,c234,147
7340,c5,9
7341,c5,489
7342,c1,118
7343,c5,211
7344,c234,91
7345,c234,218
7346,c234,50
7347,c5,69
7348,c5,45
7349,c1,207
7350,c5,242
7351,c1,316
7352,c234,326
7353,c234,620
7354,c5,166
7355,c234,59
7356,c5,281
7357,c5,531
7358,c5,44
7359,c1,237
7360,c1,60
7361,c1,109
7362,c5,49
7363,c1,246
7364,c5,204
7365,c234,176
7366,c5,120
7367,c1,94
7368,c5,75
7369,c5,205
7370,c5,66
7371,c234,84
7372,c5,96
7373,c234,387
7374,c5,83
7375,c234,506
7376,c1,220
7377,c234,40
7378,c1,391
7379,c1,559
7380,c1,78
7381,c1,388
7382,c234,207
7383,c5,119
7384,c234,198
7385,c5,130
7386,c5,154
7387,c1,928
7388,c234,160
7389,c234,87
7390,c1,145
7391,c1,41
7392,c1,313
7393,c234,28
7394,c5,333
7395,c1,559
7396,c234,402
7397,c234,393
7398,c1,224
7399,c234,23
7400,c1,1415
7401,c5,37
7402,c5,763
7403,c234,438
7404,c1,173
7405,c234,49
7406,c5,547
7407,c5,75
7408,c1,591
7409,c1,176
7410,c1,325
7411,c1,265
7412,c1,52
7413,c5,86
7414,c5,536
7415,c1,164
7416,c234,509
7417,c1,127
7418,c5,66
7419,c5,292
7420,c1,431
7421,c5,42
7422,c234,11
7423,c1,640
7424,c1,400
7425,c234,275
7426,c1,396
7427,c234,364
7428,c5,128
7429,c5,155
7430,c5,143
7431,c234,316
7432,c5,195
7433,c1,327
7434,c1,341
7435,c234,251
7436,c1,94
7437,c5,45
7438,c5,337
7439,c234,419
7440,c1,204
7441,c5,35
7442,c5,198
7443,c1,579
7444,c234,155
7445,c234,401
7446,c234,1496
7447,c1,100
7448,c5,171
7449,c5,513
7450,c1,285
7451,c5,87
7452,c1,257
7453,c234,1129
7454,c1,44
7455,c1,254
7456,c5,145
7457,c5,141
7458,c5,294
7459,c5,236
7460,c1,333
7461,c234,151
7462,c5,344
7463,c5,230
7464,c234,153
7465,c1,200
7466,c1,264
7467,c5,438
7468,c1,140
7469,c234,12
7470,c5,131
7471,c234,370
7472,c1,81
7473,c1,192
7474,c1,214
7475,c234,316
7476,c1,94
7477,c1,115
7478,c5,166
7479,c5,243
7480,c234,251
7481,c234,160
7482,c234,851
7483,c5,398
7484,c1,90
7485,c5,351
7486,c1,140
7487,c234,1292
7488,c1,81
7489,c234,61
7490,c234,540
7491,c234,91
7492,c234,108
7493,c1,145
7494,c5,157
7495,c1,187
7496,c1,496
7497,c1,11
7498,c1,25
7499,c234,35
7500,c1,426
7501,c234,157
7502,c234,432
7503,c5,284
7504,c1,391
7505,c234,285
7506,c1,752
7507,c5,196
7508,c5,261
7509,c234,125
7510,c234,395
7511,c1,61
7512,c5,298
7513,c5,67
7514,c234,45
7515,c1,927
7516,c1,517
7517,c5,178
7518,c5,450
7519,c1,98
7520,c1,339
7521,c1,457
7522,c234,24
7523,c1,32
7524,c5,371
7525,c1,72
7526,c1,179
7527,c234,246
7528,c5,56
7529,c5,586
7530,c234,1097
7531,c1,455
7532,c5,58
7533,c234,362
7534,c5,341
7535,c234,118
7536,c1,715
7537,c5,65
7538,c5,111
7539,c1,157
7540,c234,452
7541,c5,49
7542,c1,24
7543,c234,397
7544,c5,86
7545,c234,601
7546,c234,290
7547,c5,298
7548,c1,459
7549,c5,167
7550,c5,467
7551,c5,551
7552,c1,101
7553,c234,48
7554,c234,66
7555,c234,54
7556,c5,107
7557,c5,191
7558,c234,96
7559,c234,1281
7560,c234,288
7561,c1,204
7562,c5,271
7563,c5,269
7564,c5,178
7565,c234,91
7566,c5,120
7567,c1,525
7568,c234,1536
7569,c1,152
7570,c1,281
7571,c5,40
7572,c234,335
7573,c1,405
7574,c5,155
7575,c234,91
7576,c1,92
7577,c234,251
7578,c1,235
7579,c234,63
7580,c234,86
7581,c234,21
7582,c234,728
7583,c234,36
7584,c234,493
7585,c5,353
7586,c5,212
7587,c1,32
7588,c5,38
7589,c234,23
7590,c234,482
7591,c5,172
7592,c5,25
7593,c5,162
7594,c234,246
7595,c5,63
7596,c5,340
7597,c1,260
7598,c5,97
7599,c5,145
7600,c5,296
7601,c5,251
7602,c234,292
7603,c5,137
7604,c1,396
7605,c5,72
7606,c1,560
7607,c1,334
7608,c1,148
7609,c5,58
7610,c1,24
7611,c5,137
7612,c1,185
7613,c1,413
7614,c5,13
7615,c234,200
7616,c234,296
7617,c1,123
7618,c5,237
7619,c5,148
7620,c5,495
7621,c5,216
7622,c1,247
7623,c234,101
7624,c5,46
7625,c234,180
7626,c234,180
7627,c234,223
7628,c5,169
7629,c234,1028
7630,c5,1710
7631,c5,185
7632,c234,137
7633,c5,42
7634,c5,394
7635,c1,473
7636,c1,29
7637,c234,135
7638,c1,594
7639,c1,76
7640,c5,450
7641,c234,325
7642,c5,50
7643,c234,806
7644,c1,54
7645,c5,621
7646,c5,118
7647,c234,119
7648,c234,1147
7649,c5,159
7650,c234,383
7651,c1,138
7652,c234,27
7653,c234,329
7654,c234,92
7655,c5,41
7656,c1,244
7657,c1,119
7658,c1,149
7659,c5,102
7660,c1,395
7661,c5,318
7662,c5,120
7663,c234,20
7664,c234,158
7665,c1,82
7666,c234,417
7667,c1,531
7668,c5,482
7669,c1,191
7670,c1,418
7671,c234,29
7672,c1,412
7673,c5,155
7674,c1,545
7675,c5,377
7676,c234,401
7677,c1,714
7678,c234,193
7679,c1,393
7680,c5,240
7681,c1,1418
7682,c234,638
7683,c5,121
7684,c234,294
7685,c1,458
7686,c5,102
7687,c1,403
7688,c5,110
7689,c234,24
7690,c5,186
7691,c5,81
7692,c234,1145
7693,c234,291
7694,c1,325
7695,c5,56
7696,c5,615
7697,c234,279
7698,c1,142
7699,c234,1245
7700,c1,283
7701,c1,11
7702,c234,513
7703,c5,334
7704,c234,127
7705,c5,127
7706,c1,152
7707,c1,130
7708,c234,78
7709,c1,466
7710,c234,483
7711,c5,198
7712,c1,402
7713,c234,138
7714,c5,452
7715,c5,76
7716,c5,164
7717,c1,196
7718,c1,186
7719,c1,655
7720,c5,28
7721,c5,211
7722,c234,641
7723,c5,358
7724,c1,267
7725,c5,169
7726,c234,214
7727,c5,119
7728,c5,294
7729,c1,19
7730,c1,360
7731,c1,125
7732,c1,166
7733,c234,658
7734,c1,245
7735,c234,141
7736,c1,42
7737,c234,290
7738,c1,166
7739,c1,291
7740,c234,114
7741,c5,524
7742,c1,932
7743,c5,48
7744,c234,371
7745,c234,419
7746,c5,212
7747,c1,324
7748,c5,213
7749,c5,142
7750,c1,86
7751,c1,80
7752,c234,313
7753,c234,520
7754,c1,41
7755,c5,207
7756,c234,304
7757,c1,1056
7758,c5,58
7759,c5,28
7760,c5,14
7761,c1,511
7762,c234,63
7763,c234,76
7764,c234,913
7765,c5,1501
7766,c1,105
7767,c5,53
7768,c1,149
7769,c5,189
7770,c234,326
7771,c1,47
7772,c234,372
7773,c1,42
7774,c234,76
7775,c234,217
7776,c5,185
7777,c1,260
7778,c234,95
7779,c5,48
7780,c234,81
7781,c1,87
7782,c5,38
7783,c5,262
7784,c1,310
7785,c1,282
7786,c234,96
7787,c5,1470
7788,c234,282
7789,c1,88
7790,c5,317
7791,c5,109
7792,c5,60
7793,c5,219
7794,c1,115
7795,c5,49
7796,c234,565
7797,c234,582
7798,c5,90
7799,c234,133
7800,c234,413
7801,c1,154
7802,c1,242
7803,c1,212
7804,c5,122
7805,c234,59
7806,c1,160
7807,c234,275
7808,c1,961
7809,c5,35
7810,c1,50
7811,c5,80
7812,c234,584
7813,c1,108
7814,c5,372
7815,c5,120
7816,c5,303
7817,c5,132
7818,c1,87
7819,c234,1454
7820,c1,238
7821,c5,124
7822,c234,229
7823,c5,157
7824,c234,221
7825,c1,393
7826,c1,120
7827,c234,259
7828,c234,597
7829,c234,53
7830,c5,224
7831,c5,86
7832,c1,236
7833,c5,183
7834,c234,122
7835,c234,58
7836,c234,136
7837,c5,110
7838,c5,172
7839,c234,293
7840,c5,39
7841,c1,371
7842,c234,137
7843,c234,228
7844,c1,985
7845,c5,28
7846,c234,124
7847,c234,117
7848,c234,206
7849,c5,30
7850,c234,110
7851,c5,282
7852,c1,253
7853,c5,119
7854,c1,97
7855,c234,92
7856,c1,398
7857,c5,116
7858,c234,42
7859,c1,261
7860,c5,327
7861,c1,229
7862,c5,25
7863,c234,21
7864,c5,51
7865,c5,167
7866,c1,373
7867,c234,740
7868,c1,358
7869,c5,39
7870,c5,248
7871,c234,85
7872,c1,119
7873,c234,22
7874,c1,91
7875,c1,398
7876,c234,274
7877,c234,182
7878,c5,130
7879,c234,155
7880,c5,77
7881,c1,1715
7882,c234,359
7883,c234,1238
7884,c5,58
7885,c5,124
7886,c1,246
7887,c1,559
7888,c5,179
7889,c234,533
7890,c5,88
7891,c5,251
7892,c5,355
7893,c1,537
7894,c1,145
7895,c1,339
7896,c234,757
7897,c234,25
7898,c1,293
7899,c234,467
7900,c1,458
7901,c234,270
7902,c5,174
7903,c1,290
7904,c5,243
7905,c1,170
7906,c5,28
7907,c5,112
7908,c1,42
7909,c234,265
7910,c5,392
7911,c1,240
7912,c5,113
7913,c234,219
7914,c1,394
7915,c5,94
7916,c5,271
7917,c5,35
7918,c5,187
7919,c234,250
7920,c1,105
7921,c5,130
7922,c5,227
7923,c234,244
7924,c1,267
7925,c5,238
7926,c1,372
7927,c1,205
7928,c5,257
7929,c1,209
7930,c5,436
7931,c1,49
7932,c5,91
7933,c234,204
7934,c234,38
7935,c5,308
7936,c234,122
7937,c5,385
7938,c1,363
7939,c1,1368
7940,c1,129
7941,c234,536
7942,c5,116
7943,c1,414
7944,c234,150
7945,c5,31
7946,c234,228
7947,c234,254
7948,c5,176
7949,c234,79
7950,c1,58
7951,c1,315
7952,c234,81
7953,c5,52
7954,c1,40
7955,c234,60
7956,c234,520
7957,c234,10
7958,c5,121
7959,c234,251
7960,c234,210
7961,c5,283
7962,c5,514
7963,c5,163
7964,c234,47
7965,c5,351
7966,c5,92
7967,c1,416
7968,c5,229
7969,c5,106
7970,c5,75
7971,c234,168
7972,c5,471
7973,c5,52
7974,c1,56
7975,c5,88
7976,c234,239
7977,c234,261
7978,c5,321
7979,c234,252
7980,c1,385
7981,c234,390
7982,c234,221
7983,c234,300
7984,c234,246
7985,c5,144
7986,c234,473
7987,c1,149
7988,c5,418
7989,c234,271
7990,c1,70
7991,c234,779
7992,c1,65
7993,c1,118
7994,c234,259
7995,c234,53
7996,c234,92
7997,c5,85
7998,c1,65
7999,c5,342
8000,c1,683
8001,c1,409
8002,c5,553
8003,c234,232
8004,c1,191
8005,c5,152
8006,c234,186
8007,c1,287
8008,c234,272
8009,c234,68
8010,c5,66
8011,c1,214
8012,c5,31
8013,c1,13
8014,c234,171
8015,c234,149
8016,c5,379
8017,c234,337
8018,c234,170
8019,c234,328
8020,c1,256
8021,c234,64
8022,c5,84
8023,c1,527
8024,c1,735
8025,c5,591
8026,c1,27
8027,c234,275
8028,c1,22
8029,c234,244
8030,c5,359
8031,c1,182
8032,c1,355
8033,c1,89
8034,c234,48
8035,c5,771
8036,c5,71
8037,c234,365
8038,c1,153
8039,c5,205
8040,c5,46
8041,c234,165
8042,c234,83
8043,c5,253
8044,c234,196
8045,c1,226
8046,c5,97
8047,c5,12
8048,c1,265
8049,c5,166
8050,c1,163
8051,c1,7
8052,c1,331
8053,c5,393
8054,c234,82
8055,c1,58
8056,c5,121
8057,c234,401
8058,c1,134
8059,c234,201
8060,c5,288
8061,c5,148
8062,c234,777
8063,c5,156
8064,c5,75
8065,c5,62
8066,c234,18
8067,c1,84
8068,c5,114
8069,c234,84
8070,c234,165
8071,c234,54
8072,c234,319
8073,c1,573
8074,c234,127
8075,c5,43
8076,c234,411
8077,c1,197
8078,c1,116
8079,c1,356
8080,c5,95
8081,c234,36
8082,c5,221
8083,c1,1551
8084,c5,283
8085,c234,94
8086,c1,151
8087,c1,694
8088,c5,78
8089,c5,427
8090,c1,548
8091,c234,342
8092,c1,99
8093,c5,62
8094,c234,275
8095,c234,60
8096,c5,30
8097,c5,345
8098,c234,99
8099,c5,201
8100,c1,86
8101,c5,135
8102,c5,83
8103,c1,145
8104,c1,512
8105,c5,149
8106,c1,122
8107,c234,349
8108,c1,301
8109,c5,369
8110,c234,87
8111,c234,393
8112,c1,233
8113,c5,78
8114,c234,452
8115,c234,337
8116,c5,93
8117,c5,207
8118,c5,367
8119,c5,207
8120,c1,288
8121,c234,118
8122,c234,183
8123,c5,258
8124,c234,186
8125,c5,310
8126,c234,175
8127,c234,100
8128,c234,226
8129,c234,342
8130,c5,40
8131,c5,191
8132,c234,33
8133,c234,183
8134,c234,243
8135,c1,629
8136,c1,57
8137,c234,53
8138,c5,148
8139,c5,207
8140,c5,201
8141,c1,261
8142,c1,515
8143,c234,621
8144,c5,74
8145,c1,232
8146,c5,100
8147,c1,81
8148,c5,97
8149,c234,264
8150,c234,502
8151,c1,141
8152,c1,121
8153,c234,358
8154,c5,104
8155,c234,330
8156,c5,484
8157,c234,693
8158,c1,157
8159,c5,364
8160,c5,48
8161,c5,172
8162,c1,188
8163,c5,48
8164,c5,103
8165,c5,136
8166,c234,49
8167,c1,303
8168,c234,468
8169,c1,415
8170,c5,408
8171,c1,81
8172,c5,441
8173,c234,76
8174,c1,111
8175,c1,292
8176,c1,368
8177,c1,169
8178,c1,121
8179,c234,388
8180,c5,49
8181,c1,339
8182,c1,87
8183,c5,173
8184,c1,786
8185,c5,104
8186,c1,86
8187,c5,266
8188,c1,413
8189,c234,272
8190,c234,397
8191,c234,78
8192,c234,58
8193,c1,551
8194,c5,119
8195,c5,192
8196,c234,381
8197,c234,23
8198,c1,55
8199,c1,243
8200,c5,261
8201,c5,184
8202,c1,464
8203,c234,30
8204,c5,621
8205,c1,226
8206,c1,135
8207,c1,59
8208,c1,127
8209,c234,170
8210,c234,318
8211,c234,185
8212,c1,147
8213,c234,118
8214,c234,378
8215,c234,107
8216,c1,273
8217,c5,859
8218,c5,101
8219,c1,140
8220,c5,223
8221,c5,197
8222,c234,19
8223,c234,352
8224,c234,114
8225,c1,131
8226,c234,61
8227,c234,9
8228,c1,530
8229,c5,445
8230,c5,66
8231,c5,257
8232,c5,145
8233,c234,73
8234,c234,98
8235,c234,320
8236,c1,200
8237,c5,9
8238,c1,45
8239,c5,57
8240,c1,80
8241,c5,288
8242,c234,374
8243,c1,15
8244,c234,575
8245,c5,382
8246,c5,72
8247,c234,380
8248,c234,253
8249,c234,42
8250,c234,373
8251,c1,538
8252,c234,628
8253,c5,401
8254,c234,134
8255,c1,171
8256,c234,177
8257,c234,359
8258,c234,94
8259,c1,300
8260,c1,241
8261,c5,152
8262,c1,42
8263,c234,224
8264,c234,573
8265,c234,348
8266,c5,112
8267,c1,492
8268,c1,510
8269,c5,276
8270,c5,163
8271,c1,26
8272,c1,288
8273,c234,153
8274,c234,91
8275,c1,288
8276,c1,290
8277,c1,517
8278,c1,149
8279,c1,392
8280,c234,122
8281,c5,561
8282,c1,47
8283,c5,271
8284,c5,16
8285,c234,200
8286,c5,57
8287,c234,745
8288,c234,56
8289,c5,1065
8290,c5,129
8291,c234,50
8292,c234,356
8293,c234,40
8294,c234,162
8295,c1,86
8296,c5,240
8297,c1,797
8298,c1,290
8299,c1,118
8300,c234,737
8301,c234,330
8302,c234,166
8303,c234,124
8304,c234,77
8305,c234,277
8306,c1,279
8307,c234,15
8308,c5,88
8309,c5,32
8310,c5,95
8311,c1,256
8312,c5,152
8313,c234,231
8314,c1,59
8315,c1,224
8316,c234,276
8317,c234,216
8318,c1,56
8319,c234,307
8320,c5,25
8321,c5,61
8322,c1,282
8323,c5,136
8324,c5,467
8325,c1,19
8326,c1,187
8327,c1,101
8328,c234,249
8329,c1,5
8330,c5,111
8331,c5,250
8332,c1,1162
8333,c5,307
8334,c5,146
8335,c5,824
8336,c234,228
8337,c1,68
8338,c5,243
8339,c234,459
8340,c1,79
8341,c5,51
8342,c234,82
8343,c5,197
8344,c1,478
8345,c5,258
8346,c1,296
8347,c1,274
8348,c234,178
8349,c1,668
8350,c1,1069
8351,c1,29
8352,c1,391
8353,c5,47
8354,c234,195
8355,c5,96
8356,c5,39
8357,c5,416
8358,c234,309
8359,c5,112
8360,c1,221
8361,c234,336
8362,c234,87
8363,c234,296
8364,c5,331
8365,c1,321
8366,c1,296
8367,c5,24
8368,c5,47
8369,c5,201
8370,c5,399
8371,c234,210
8372,c1,52
8373,c234,57
8374,c5,64
8375,c234,226
8376,c5,171
8377,c5,219
8378,c234,29
8379,c5,27
8380,c234,347
8381,c5,76
8382,c1,60
8383,c5,307
8384,c1,289
8385,c234,805
8386,c234,171
8387,c234,36
8388,c1,322
8389,c234,490
8390,c1,1970
8391,c1,432
8392,c5,461
8393,c234,287
8394,c1,199
8395,c234,477
8396,c5,167
8397,c234,30
8398,c234,466
8399,c234,125
8400,c1,849
8401,c234,179
8402,c5,193
8403,c1,53
8404,c234,316
8405,c1,280
8406,c234,158
8407,c1,73
8408,c5,238
8409,c1,456
8410,c1,114
8411,c1,340
8412,c5,85
8413,c234,236
8414,c5,120
8415,c1,446
8416,c1,214
8417,c5,75
8418,c5,53
8419,c1,155
8420,c234,35
8421,c1,231
8422,c1,325
8423,c1,81
8424,c234,31
8425,c1,1081
8426,c1,184
8427,c1,324
8428,c234,522
8429,c5,418
8430,c234,646
8431,c1,345
8432,c5,483
8433,c234,296
8434,c1,87
8435,c234,193
8436,c234,283
8437,c234,150
8438,c1,375
8439,c234,280
8440,c5,335
8441,c234,156
8442,c234,645
8443,c1,1070
8444,c5,32
8445,c1,125
8446,c1,65
8447,c234,47
8448,c5,103
8449,c5,76
8450,c1,243
8451,c234,132
8452,c5,212
8453,c234,124
8454,c5,40
8455,c1,27
8456,c5,563
8457,c234,326
8458,c5,93
8459,c5,220
8460,c234,76
8461,c5,189
8462,c234,7
8463,c5,214
8464,c234,600
8465,c234,223
8466,c5,322
8467,c1,281
8468,c234,290
8469,c234,288
8470,c1,167
8471,c5,33
8472,c5,376
8473,c1,66
8474,c5,288
8475,c1,282
8476,c234,57
8477,c5,224
8478,c5,171
8479,c234,10
8480,c234,130
8481,c5,200
8482,c1,189
8483,c5,31
8484,c234,428
8485,c234,387
8486,c1,188
8487,c5,93
8488,c5,661
8489,c1,359
8490,c234,477
8491,c1,120
8492,c5,55
8493,c5,78
8494,c234,160
8495,c5,128
8496,c234,290
8497,c5,163
8498,c1,121
8499,c5,450
8500,c234,218
8501,c1,210
8502,c1,212
8503,c234,32
8504,c1,388
8505,c234,179
8506,c234,510
8507,c5,333
8508,c5,43
8509,c5,97
8510,c1,100
8511,c1,374
8512,c5,42
8513,c234,1119
8514,c1,198
8515,c5,158
8516,c1,244
8517,c5,168
8518,c1,1063
8519,c5,385
8520,c234,246
8521,c234,55
8522,c1,273
8523,c234,113
8524,c1,324
8525,c1,211
8526,c5,319
8527,c5,148
8528,c234,53
8529,c1,39
8530,c1,127
8531,c234,146
8532,c1,260
8533,c234,210
8534,c5,255
8535,c1,106
8536,c5,159
8537,c5,732
8538,c234,123
8539,c234,423
8540,c5,430
8541,c1,456
8542,c1,88
8543,c1,174
8544,c1,399
8545,c1,379
8546,c234,229
8547,c5,38
8548,c5,1362
8549,c5,356
8550,c5,96
8551,c5,293
8552,c5,435
8553,c5,338
8554,c234,305
8555,c234,266
8556,c5,172
8557,c234,244
8558,c1,29
8559,c5,611
8560,c234,284
8561,c234,15
8562,c1,181
8563,c5,118
8564,c5,81
8565,c234,27
8566,c1,612
8567,c234,165
8568,c5,85
8569,c1,33
8570,c1,326
8571,c234,156
8572,c1,32
8573,c234,173
8574,c1,745
8575,c234,238
8576,c234,301
8577,c5,34
8578,c1,324
8579,c234,401
8580,c1,499
8581,c5,51
8582,c5,75
8583,c234,279
8584,c5,1193
8585,c5,109
8586,c234,216
8587,c234,418
8588,c234,124
8589,c234,331
8590,c5,21
8591,c5,141
8592,c1,113
8593,c1,165
8594,c234,201
8595,c5,530
8596,c5,77
8597,c5,59
8598,c5,113
8599,c5,47
8600,c1,27
8601,c234,929
8602,c1,440
8603,c5,509
8604,c234,256
8605,c234,647
8606,c1,96
8607,c234,63
8608,c5,775
8609,c234,341
8610,c1,349
8611,c5,40
8612,c5,154
8613,c234,289
8614,c5,131
8615,c234,81
8616,c1,231
8617,c5,86
8618,c234,673
8619,c234,28
8620,c1,170
8621,c5,87
8622,c234,139
8623,c5,71
8624,c234,928
8625,c5,144
8626,c234,403
8627,c5,1250
8628,c5,124
8629,c234,342
8630,c5,58
8631,c5,371
8632,c5,43
8633,c234,19
8634,c1,83
8635,c1,308
8636,c1,544
8637,c1,103
8638,c1,24
8639,c5,265
8640,c1,53
8641,c234,43
8642,c5,257
8643,c234,471
8644,c1,102
8645,c5,149
8646,c234,36
8647,c1,797
8648,c5,174
8649,c5,334
8650,c5,216
8651,c1,254
8652,c1,126
8653,c234,70
8654,c234,292
8655,c5,70
8656,c234,282
8657,c234,11
8658,c5,262
8659,c1,393
8660,c234,110
8661,c1,217
8662,c234,108
8663,c5,185
8664,c5,74
8665,c234,914
8666,c1,174
8667,c5,217
8668,c5,64
8669,c5,111
8670,c5,192
8671,c234,388
8672,c1,342
8673,c1,201
8674,c234,40
8675,c1,10
8676,c234,563
8677,c1,324
8678,c234,383
8679,c234,67
8680,c234,222
8681,c234,32
8682,c234,72
8683,c234,161
8684,c234,321
8685,c1,361
8686,c1,2409
8687,c234,157
8688,c234,332
8689,c234,83
8690,c1,24
8691,c5,291
8692,c1,440
8693,c5,81
8694,c5,563
8695,c1,61
8696,c1,157
8697,c1,127
8698,c5,310
8699,c1,39
8700,c5,524
8701,c234,326
8702,c234,320
8703,c1,645
8704,c234,735
8705,c1,101
8706,c234,85
8707,c5,44
8708,c1,153
8709,c1,267
8710,c1,342
8711,c234,250
8712,c5,596
8713,c1,297
8714,c1,152
8715,c5,256
8716,c234,87
8717,c1,281
8718,c5,143
8719,c1,252
8720,c5,172
8721,c234,749
8722,c234,583
8723,c1,796
8724,c5,30
8725,c5,107
8726,c1,76
8727,c5,39
8728,c1,796
8729,c1,81
8730,c1,564
8731,c234,254
8732,c234,290
8733,c1,63
8734,c5,133
8735,c234,275
8736,c234,397
8737,c1,247
8738,c5,112
8739,c5,1593
8740,c234,265
8741,c234,220
8742,c1,66
8743,c1,50
8744,c5,106
8745,c234,194
8746,c234,1075
8747,c5,57
8748,c234,172
8749,c5,173
8750,c5,392
8751,c234,82
8752,c234,299
8753,c1,84
8754,c234,38
8755,c5,785
8756,c1,151
8757,c234,9
8758,c234,62
8759,c5,624
8760,c234,288
8761,c5,7
8762,c5,28
8763,c5,162
8764,c5,307
8765,c1,1116
8766,c5,217
8767,c234,318
8768,c234,35
8769,c234,929
8770,c5,49
8771,c5,81
8772,c5,75
8773,c5,146
8774,c5,38
8775,c234,208
8776,c1,53
8777,c5,31
8778,c5,37
8779,c1,119
8780,c1,265
8781,c5,1577
8782,c5,213
8783,c1,140
8784,c5,77
8785,c5,225
8786,c234,134
8787,c5,243
8788,c1,169
8789,c1,450
8790,c1,252
8791,c1,240
8792,c1,236
8793,c5,170
8794,c5,368
8795,c5,200
8796,c5,47
8797,c1,290
8798,c1,410
8799,c5,32
8800,c234,590
8801,c234,84
8802,c1,577
8803,c234,271
8804,c1,494
8805,c5,50
8806,c234,279
8807,c234,89
8808,c234,189
8809,c5,218
8810,c1,142
8811,c234,225
8812,c1,189
8813,c1,324
8814,c1,27
8815,c1,358
8816,c234,81
8817,c234,386
8818,c234,268
8819,c1,909
8820,c1,563
8821,c1,112
8822,c5,188
8823,c5,622
8824,c5,637
8825,c5,649
8826,c1,702
8827,c234,367
8828,c5,30
8829,c1,26
8830,c234,65
8831,c1,380
8832,c1,1279
8833,c234,184
8834,c5,105
8835,c5,402
8836,c5,1884
8837,c5,450
8838,c5,70
8839,c1,184
8840,c234,37
8841,c5,18
8842,c234,146
8843,c5,1011
8844,c234,382
8845,c234,424
8846,c234,457
8847,c1,257
8848,c1,193
8849,c234,357
8850,c234,127
8851,c5,212
8852,c5,92
8853,c5,69
8854,c1,159
8855,c234,634
8856,c1,445
8857,c5,52
8858,c234,382
8859,c5,172
8860,c234,251
8861,c234,306
8862,c234,32
8863,c234,231
8864,c5,233
8865,c5,310
8866,c1,154
8867,c5,95
8868,c5,116
8869,c234,30
8870,c5,254
8871,c5,399
8872,c234,419
8873,c5,407
8874,c5,25
8875,c1,210
8876,c5,212
8877,c234,295
8878,c1,195
8879,c234,350
8880,c234,50
8881,c234,270
8882,c1,163
8883,c5,51
8884,c1,615
8885,c234,153
8886,c5,139
8887,c5,104
8888,c5,301
8889,c1,154
8890,c1,396
8891,c234,98
8892,c234,491
8893,c5,108
8894,c1,41
8895,c234,38
8896,c234,69
8897,c234,132
8898,c234,67
8899,c234,558
8900,c1,116
8901,c234,156
8902,c234,851
8903,c1,137
8904,c234,232
8905,c5,239
8906,c234,36
8907,c234,357
8908,c1,37
8909,c1,89
8910,c1,79
8911,c5,82
8912,c234,579
8913,c1,133
8914,c1,60
8915,c234,564
8916,c1,273
8917,c1,122
8918,c234,289
8919,c234,96
8920,c1,226
8921,c5,150
8922,c1,685
8923,c5,78
8924,c234,77
8925,c234,88
8926,c5,91
8927,c1,418
8928,c5,279
8929,c234,126
8930,c234,350
8931,c234,273
8932,c5,55
8933,c5,93
8934,c234,193
8935,c1,243
8936,c5,70
8937,c1,96
8938,c1,162
8939,c234,209
8940,c1,289
8941,c5,238
8942,c1,386
8943,c234,37
8944,c234,935
8945,c234,214
8946,c1,203
8947,c234,68
8948,c1,84
8949,c234,271
8950,c1,381
8951,c1,160
8952,c5,21
8953,c1,283
8954,c1,127
8955,c5,322
8956,c5,210
8957,c234,217
8958,c5,87
8959,c5,418
8960,c234,167
8961,c5,1353
8962,c1,263
8963,c234,27
8964,c5,111
8965,c234,30
8966,c234,330
8967,c1,62
8968,c5,54
8969,c234,171
8970,c234,75
8971,c5,68
8972,c1,343
8973,c1,134
8974,c1,87
8975,c234,427
8976,c5,145
8977,c1,98
8978,c1,286
8979,c234,44
8980,c234,158
8981,c234,660
8982,c234,304
8983,c234,30
8984,c1,91
8985,c234,214
8986,c1,503
8987,c1,51
8988,c5,70
8989,c1,513
8990,c5,84
8991,c1,214
8992,c1,366
8993,c5,653
8994,c1,858
8995,c1,29
8996,c5,41
8997,c234,352
8998,c1,54
8999,c234,87
9000,c234,127
9001,c234,541
9002,c234,168
9003,c1,285
9004,c5,45
9005,c5,192
9006,c234,438
9007,c5,35
9008,c234,94
9009,c5,106
9010,c1,390
9011,c5,27
9012,c5,823
9013,c234,221
9014,c5,127
9015,c234,112
9016,c1,218
9017,c1,299
9018,c5,99
9019,c1,204
9020,c1,154
9021,c1,19
9022,c5,250
9023,c1,53
9024,c234,104
9025,c1,32
9026,c234,237
9027,c234,83
9028,c1,259
9029,c234,95
9030,c1,71
9031,c1,125
9032,c234,132
9033,c1,564
9034,c1,73
9035,c1,138
9036,c5,296
9037,c5,249
9038,c5,89
9039,c234,674
9040,c234,129
9041,c1,24
9042,c1,265
9043,c5,108
9044,c5,282
9045,c234,251
9046,c234,509
9047,c1,275
9048,c1,79
9049,c234,439
9050,c234,682
9051,c234,219
9052,c1,30
9053,c5,91
9054,c234,109
9055,c5,273
9056,c234,44
9057,c1,214
9058,c1,538
9059,c1,97
9060,c234,1080
9061,c1,97
9062,c1,640
9063,c1,447
9064,c234,193
9065,c234,99
9066,c5,81
9067,c5,77
9068,c5,315
9069,c5,133
9070,c234,133
9071,c5,356
9072,c234,917
9073,c5,82
9074,c5,17
9075,c234,249
9076,c234,443
9077,c234,374
9078,c1,194
9079,c1,73
9080,c234,867
9081,c234,98
9082,c234,972
9083,c234,683
9084,c1,37
9085,c1,199
9086,c1,152
9087,c5,265
9088,c234,396
9089,c234,331
9090,c1,633
9091,c234,828
9092,c234,556
9093,c5,29
9094,c5,595
9095,c1,265
9096,c1,248
9097,c1,551
9098,c234,220
9099,c1,270
9100,c1,427
9101,c5,175
9102,c234,432
9103,c1,111
9104,c234,296
9105,c5,632
9106,c5,72
9107,c234,186
9108,c234,254
9109,c234,172
9110,c234,77
9111,c1,334
9112,c1,6
9113,c234,667
9114,c5,316
9115,c234,40
9116,c5,191
9117,c1,816
9118,c234,392
9119,c5,207
9120,c234,524
9121,c1,81
9122,c234,195
9123,c1,230
9124,c1,317
9125,c234,120
9126,c234,298
9127,c234,391
9128,c5,28
9129,c5,137
9130,c234,292
9131,c1,435
9132,c234,347
9133,c1,395
9134,c234,119
9135,c5,165
9136,c5,35
9137,c234,158
9138,c234,526
9139,c5,147
9140,c234,58
9141,c1,145
9142,c5,427
9143,c234,84
9144,c1,34
9145,c5,493
9146,c5,485
9147,c1,179
9148,c234,300
9149,c234,907
9150,c234,323
9151,c1,1533
9152,c1,60
9153,c234,21
9154,c5,775
9155,c1,586
9156,c234,40
9157,c234,381
9158,c5,90
9159,c1,133
9160,c234,555
9161,c1,287
9162,c1,204
9163,c234,153
9164,c5,188
9165,c1,124
9166,c5,545
9167,c1,174
9168,c1,232
9169,c234,46
9170,c234,357
9171,c5,278
9172,c5,299
9173,c1,37
9174,c5,168
9175,c234,133
9176,c234,243
9177,c234,139
9178,c234,283
9179,c5,115
9180,c5,405
9181,c1,29
9182,c1,364
9183,c5,50
9184,c1,533
9185,c234,401
9186,c1,282
9187,c1,153
9188,c234,204
9189,c234,403
9190,c1,30
9191,c5,101
9192,c5,140
9193,c1,48
9194,c5,172
9195,c5,400
9196,c234,832
9197,c234,119
9198,c1,127
9199,c234,522
9200,c1,380
9201,c5,93
9202,c1,259
9203,c234,349
9204,c234,73
9205,c5,12
9206,c5,363
9207,c1,352
9208,c1,358
9209,c5,41
9210,c5,82
9211,c1,530
9212,c1,469
9213,c5,98
9214,c1,147
9215,c1,613
9216,c5,87
9217,c234,165
9218,c5,8
9219,c1,125
9220,c5,60
9221,c5,376
9222,c5,97
9223,c5,267
9224,c5,243
9225,c5,134
9226,c234,125
9227,c234,379
9228,c5,31
9229,c1,356
9230,c5,198
9231,c5,154
9232,c234,407
9233,c1,31
9234,c234,347
9235,c5,80
9236,c5,367
9237,c5,356
9238,c1,94
9239,c1,776
9240,c5,55
9241,c234,411
9242,c5,213
9243,c5,389
9244,c1,36
9245,c1,336
9246,c234,927
9247,c1,323
9248,c1,25
9249,c234,56
9250,c5,72
9251,c5,199
9252,c234,1826
9253,c5,38
9254,c5,279
9255,c234,133
9256,c1,199
9257,c1,142
9258,c5,88
9259,c1,481
9260,c5,187
9261,c5,156
9262,c1,416
9263,c234,92
9264,c1,192
9265,c5,137
9266,c234,380
9267,c1,265
9268,c234,250
9269,c1,53
9270,c1,845
9271,c5,368
9272,c5,176
9273,c1,90
9274,c234,62
9275,c5,508
9276,c1,189
9277,c1,299
9278,c5,169
9279,c234,270
9280,c5,38
9281,c234,112
9282,c234,456
9283,c5,86
9284,c234,52
9285,c234,173
9286,c234,136
9287,c1,146
9288,c234,224
9289,c234,21
9290,c5,401
9291,c1,316
9292,c234,334
9293,c5,95
9294,c5,207
9295,c1,29
9296,c234,78
9297,c1,159
9298,c5,62
9299,c5,254
9300,c1,611
9301,c234,213
9302,c1,397
9303,c5,32
9304,c234,370
9305,c234,45
9306,c5,207
9307,c234,367
9308,c5,53
9309,c5,317
9310,c1,186
9311,c1,761
9312,c5,44
9313,c234,147
9314,c234,657
9315,c5,229
9316,c5,58
9317,c5,105
9318,c5,148
9319,c1,250
9320,c234,581
9321,c1,97
9322,c5,292
9323,c5,342
9324,c234,405
9325,c5,42
9326,c5,655
9327,c234,106
9328,c1,214
9329,c1,40
9330,c5,347
9331,c1,9
9332,c5,75
9333,c1,277
9334,c1,88
9335,c234,152
9336,c5,206
9337,c1,409
9338,c1,382
9339,c234,147
9340,c234,1847
9341,c234,280
9342,c5,61
9343,c5,89
9344,c5,147
9345,c1,109
9346,c1,1790
9347,c5,207
9348,c1,358
9349,c234,281
9350,c234,155
9351,c5,372
9352,c234,452
9353,c234,188
9354,c234,890
9355,c234,429
9356,c1,92
9357,c5,176
9358,c234,131
9359,c1,62
9360,c234,225
9361,c5,1092
9362,c1,559
9363,c234,68
9364,c1,132
9365,c234,100
9366,c5,124
9367,c1,362
9368,c1,544
9369,c5,42
9370,c5,208
9371,c1,223
9372,c234,115
9373,c1,245
9374,c5,219
9375,c234,190
9376,c1,318
9377,c234,388
9378,c1,321
9379,c234,135
9380,c234,173
9381,c5,59
9382,c5,59
9383,c1,160
9384,c1,216
9385,c234,99
9386,c1,177
9387,c1,396
9388,c234,110
9389,c1,277
9390,c5,151
9391,c234,213
9392,c1,185
9393,c1,13
9394,c1,159
9395,c1,665
9396,c1,44
9397,c1,96
9398,c1,37
9399,c234,30
9400,c5,201
9401,c5,171
9402,c1,412
9403,c5,114
9404,c1,220
9405,c234,419
9406,c5,215
9407,c5,410
9408,c234,310
9409,c234,601
9410,c5,113
9411,c5,402
9412,c234,331
9413,c5,57
9414,c1,77
9415,c5,68
9416,c234,203
9417,c1,231
9418,c5,96
9419,c1,378
9420,c5,129
9421,c5,155
9422,c1,152
9423,c1,280
9424,c234,316
9425,c1,359
9426,c5,192
9427,c5,189
9428,c5,92
9429,c234,301
9430,c5,349
9431,c234,19
9432,c1,96
9433,c234,815
9434,c234,228
9435,c1,282
9436,c234,1161
9437,c1,155
9438,c1,221
9439,c1,356
9440,c5,172
9441,c5,290
9442,c234,35
9443,c5,119
9444,c234,93
9445,c1,6
9446,c5,134
9447,c5,268
9448,c234,432
9449,c234,74
9450,c1,81
9451,c234,1747
9452,c5,101
9453,c5,217
9454,c234,152
9455,c1,77
9456,c1,98
9457,c1,968
9458,c234,77
9459,c234,76
9460,c1,48
9461,c5,263
9462,c1,282
9463,c5,150
9464,c234,319
9465,c1,122
9466,c234,33
9467,c234,298
9468,c1,81
9469,c5,187
9470,c5,292
9471,c5,112
9472,c234,104
9473,c234,150
9474,c234,453
9475,c5,100
9476,c5,42
9477,c5,95
9478,c1,188
9479,c1,36
9480,c5,204
9481,c1,245
9482,c5,17
9483,c234,136
9484,c234,127
9485,c5,96
9486,c5,33
9487,c5,79
9488,c1,235
9489,c1,282
9490,c234,56
9491,c234,282
9492,c5,77
9493,c1,187
9494,c1,52
9495,c1,181
9496,c5,24
9497,c5,303
9498,c5,180
9499,c234,378
9500,c5,133
9501,c234,60
9502,c5,175
9503,c5,84
9504,c1,21
9505,c1,53
9506,c234,12
9507,c5,440
9508,c1,314
9509,c5,282
9510,c234,436
9511,c5,190
9512,c5,145
9513,c1,273
9514,c234,198
9515,c1,162
9516,c5,34
9517,c234,161
9518,c234,40
9519,c5,241
9520,c1,415
9521,c1,257
9522,c1,147
9523,c234,318
9524,c1,102
9525,c5,77
9526,c1,255
9527,c5,218
9528,c1,482
9529,c234,735
9530,c5,202
9531,c1,321
9532,c1,504
9533,c1,229
9534,c5,65
9535,c5,135
9536,c234,147
9537,c1,64
9538,c5,287
9539,c1,205
9540,c234,385
9541,c234,505
9542,c234,719
9543,c234,103
9544,c234,274
9545,c234,148
9546,c5,607
9547,c234,328
9548,c1,30
9549,c234,112
9550,c1,319
9551,c1,559
9552,c1,15
9553,c1,171
9554,c1,92
9555,c1,577
9556,c1,941
9557,c1,618
9558,c1,291
9559,c234,361
9560,c234,401
9561,c5,114
9562,c5,243
9563,c5,242
9564,c234,100
9565,c5,126
9566,c5,249
9567,c234,105
9568,c5,66
9569,c5,332
9570,c5,61
9571,c5,681
9572,c5,175
9573,c1,102
9574,c5,162
9575,c5,34
9576,c5,50
9577,c5,194
9578,c5,23
9579,c234,39
9580,c1,141
9581,c234,69
9582,c234,374
9583,c1,488
9584,c234,300
9585,c234,290
9586,c1,745
9587,c5,297
9588,c1,693
9589,c1,662
9590,c1,150
9591,c234,478
9592,c1,836
9593,c1,31
9594,c5,155
9595,c5,95
9596,c234,661
9597,c1,21
9598,c234,259
9599,c5,240
9600,c5,319
9601,c234,274
9602,c1,595
9603,c1,857
9604,c234,42
9605,c5,22
9606,c234,405
9607,c234,131
9608,c5,175
9609,c234,186
9610,c5,72
9611,c5,160
9612,c5,359
9613,c1,389
9614,c1,135
9615,c5,214
9616,c1,754
9617,c234,559
9618,c234,497
9619,c234,92
9620,c5,230
9621,c5,222
9622,c5,117
9623,c234,89
9624,c5,97
9625,c1,92
9626,c234,251
9627,c234,414
9628,c5,190
9629,c234,214
9630,c234,1186
9631,c5,297
9632,c5,274
9633,c1,47
9634,c1,34
9635,c5,36
9636,c234,67
9637,c234,44
9638,c234,422
9639,c1,424
9640,c1,570
9641,c5,59
9642,c5,237
9643,c234,339
9644,c1,671
9645,c234,312
9646,c234,182
9647,c5,225
9648,c1,22
9649,c5,288
9650,c234,73
9651,c234,57
9652,c5,102
9653,c5,407
9654,c234,65
9655,c234,160
9656,c1,632
9657,c234,81
9658,c1,176
9659,c234,29
9660,c5,21
9661,c1,166
9662,c1,538
9663,c5,225
9664,c5,224
9665,c5,148
9666,c234,785
9667,c5,320
9668,c1,339
9669,c1,96
9670,c234,31
9671,c5,41
9672,c5,610
9673,c1,254
9674,c5,259
9675,c5,60
9676,c5,313
9677,c1,290
9678,c5,171
9679,c234,26
9680,c1,83
9681,c1,401
9682,c5,155
9683,c5,307
9684,c5,87
9685,c5,326
9686,c234,353
9687,c1,256
9688,c1,88
9689,c1,117
9690,c5,58
9691,c1,366
9692,c1,53
9693,c234,130
9694,c5,176
9695,c5,249
9696,c234,118
9697,c5,862
9698,c234,203
9699,c5,152
9700,c234,88
9701,c5,82
9702,c1,66
9703,c234,117
9704,c234,70
9705,c5,55
9706,c234,471
9707,c1,276
9708,c1,80
9709,c1,348
9710,c234,161
9711,c234,179
9712,c1,519
9713,c234,256
9714,c5,169
9715,c1,308
9716,c234,130
9717,c5,343
9718,c234,73
9719,c1,212
9720,c234,481
9721,c234,119
9722,c5,280
9723,c5,77
9724,c1,389
9725,c234,9
9726,c234,261
9727,c5,674
9728,c1,26
9729,c5,247
9730,c5,230
9731,c5,36
9732,c234,163
9733,c234,76
9734,c5,270
9735,c1,164
9736,c1,86
9737,c234,32
9738,c234,147
9739,c234,210
9740,c5,43
9741,c1,92
9742,c234,363
9743,c234,530
9744,c1,732
9745,c234,8
9746,c5,647
9747,c234,193
9748,c5,179
9749,c1,22
9750,c1,457
9751,c234,180
9752,c1,370
9753,c5,60
9754,c1,82
9755,c5,202
9756,c234,206
9757,c1,267
9758,c5,381
9759,c234,401
9760,c234,78
9761,c234,193
9762,c234,314
9763,c5,178
9764,c234,133
9765,c1,134
9766,c234,428
9767,c5,236
9768,c234,780
9769,c5,718
9770,c1,141
9771,c1,254
9772,c5,314
9773,c234,192
9774,c234,257
9775,c1,260
9776,c5,98
9777,c234,81
9778,c1,205
9779,c1,234
9780,c1,143
9781,c234,307
9782,c234,15
9783,c234,864
9784,c234,159
9785,c5,91
9786,c5,276
9787,c234,111
9788,c234,812
9789,c234,426
9790,c5,66
9791,c234,1641
9792,c5,100
9793,c1,397
9794,c234,401
9795,c234,267
9796,c234,134
9797,c5,324
9798,c5,29
9799,c1,199
9800,c5,583
9801,c1,489
9802,c1,332
9803,c5,340
9804,c5,196
9805,c1,253
9806,c5,26
9807,c1,202
9808,c234,90
9809,c5,48
9810,c234,107
9811,c1,114
9812,c5,15
9813,c1,72
9814,c234,382
9815,c5,132
9816,c1,220
9817,c5,158
9818,c1,247
9819,c234,195
9820,c234,190
9821,c1,100
9822,c5,126
9823,c1,778
9824,c5,349
9825,c234,62
9826,c1,101
9827,c5,298
9828,c5,322
9829,c5,190
9830,c234,84
9831,c1,114
9832,c234,68
9833,c1,712
9834,c5,787
9835,c1,247
9836,c5,71
9837,c5,245
9838,c234,169
9839,c1,116
9840,c234,612
9841,c234,7
9842,c234,55
9843,c234,37
9844,c5,49
9845,c234,174
9846,c1,68
9847,c1,295
9848,c5,51
9849,c5,334
9850,c5,2009
9851,c234,34
9852,c234,457
9853,c5,195
9854,c234,28
9855,c234,215
9856,c234,36
9857,c5,400
9858,c234,194
9859,c234,350
9860,c1,151
9861,c5,167
9862,c234,192
9863,c234,113
9864,c5,169
9865,c5,274
9866,c5,99
9867,c5,344
9868,c1,169
9869,c5,323
9870,c1,1492
9871,c1,1080
9872,c5,93
9873,c5,111
9874,c1,23
9875,c1,251
9876,c234,78
9877,c5,235
9878,c5,63
9879,c1,843
9880,c234,840
9881,c1,539
9882,c5,29
9883,c5,174
9884,c234,526
9885,c234,141
9886,c234,330
9887,c234,34
9888,c234,206
9889,c1,19
9890,c1,97
9891,c234,553
9892,c5,12
9893,c234,193
9894,c1,53
9895,c1,472
9896,c1,378
9897,c1,8
9898,c234,82
9899,c1,77
9900,c1,116
9901,c234,122
9902,c5,108
9903,c1,126
9904,c234,449
9905,c234,143
9906,c5,232
9907,c234,82
9908,c234,246
9909,c234,179
9910,c1,407
9911,c234,96
9912,c234,44
9913,c234,90
9914,c5,168
9915,c234,105
9916,c1,207
9917,c5,121
9918,c5,193
9919,c1,492
9920,c234,419
9921,c234,400
9922,c1,242
9923,c1,542
9924,c1,239
9925,c5,220
9926,c234,197
9927,c1,375
9928,c1,85
9929,c234,24
9930,c234,190
9931,c1,265
9932,c5,91
9933,c5,398
9934,c5,160
9935,c1,524
9936,c234,33
9937,c5,32
9938,c1,265
9939,c234,73
9940,c234,216
9941,c5,244
9942,c1,23
9943,c234,297
9944,c234,229
9945,c1,395
9946,c5,136
9947,c1,314
9948,c234,81
9949,c5,399
9950,c1,341
9951,c1,510
9952,c1,4046
9953,c234,286
9954,c5,117
9955,c234,64
9956,c1,279
9957,c234,372
9958,c5,48
9959,c234,228
9960,c1,265
9961,c234,229
9962,c1,336
9963,c234,511
9964,c234,59
9965,c234,732
9966,c234,177
9967,c1,29
9968,c5,179
9969,c5,62
9970,c234,282
9971,c1,87
9972,c234,325
9973,c1,125
9974,c1,200
9975,c5,191
9976,c1,675
9977,c1,667
9978,c234,125
9979,c5,86
9980,c5,531
9981,c1,192
9982,c234,119
9983,c5,204
9984,c1,95
9985,c5,204
9986,c1,468
9987,c234,83
9988,c234,76
9989,c1,51
9990,c1,224
9991,c5,51
9992,c1,44
9993,c234,53
9994,c1,151
9995,c234,55
9996,c1,106
9997,c234,99
9998,c1,97
9999,c234,332
10000,c1,82
10001,c234,44
10002,c1,886
10003,c234,1502
10004,c1,356
10005,c234,532
10006,c5,85
10007,c5,89
10008,c234,61
10009,c1,17
10010,c5,153
10011,c234,343
10012,c234,13
10013,c5,66
10014,c5,366
10015,c5,63
10016,c234,608
10017,c1,189
10018,c5,346
10019,c234,251
10020,c5,187
10021,c5,182
10022,c1,26
10023,c1,224
10024,c234,82
10025,c1,66
10026,c1,25
10027,c234,86
10028,c234,268
10029,c234,65
10030,c234,521
10031,c5,475
10032,c1,215
10033,c5,325
10034,c1,401
10035,c1,595
10036,c5,367
10037,c234,105
10038,c5,145
10039,c1,285
10040,c5,312
10041,c5,190
10042,c5,580
10043,c1,162
10044,c5,16
10045,c1,93
10046,c1,804
10047,c1,279
10048,c5,326
10049,c234,299
10050,c1,45
10051,c1,53
10052,c5,34
10053,c234,51
10054,c5,124
10055,c1,467
10056,c5,297
10057,c234,436
10058,c234,183
10059,c5,95
10060,c5,94
10061,c5,21
10062,c1,374
10063,c1,418
10064,c1,20
10065,c1,556
10066,c234,323
10067,c5,184
10068,c1,328
10069,c234,447
10070,c1,81
10071,c1,164
10072,c5,375
10073,c5,256
10074,c234,162
10075,c5,234
10076,c234,120
10077,c1,567
10078,c234,57
10079,c1,526
10080,c5,241
10081,c5,60
10082,c5,281
10083,c234,89
10084,c234,66
10085,c234,62
10086,c1,79
10087,c234,488
10088,c234,190
10089,c1,1051
10090,c234,311
10091,c5,130
10092,c1,363
10093,c5,516
10094,c234,391
10095,c1,265
10096,c5,217
10097,c5,293
10098,c5,18
10099,c234,233
10100,c1,42
10101,c234,53
10102,c234,20
10103,c5,80
10104,c5,121
10105,c234,8
10106,c234,136
10107,c1,77
10108,c5,264
10109,c234,334
10110,c234,15
10111,c234,189
10112,c5,188
10113,c1,664
10114,c234,280
10115,c5,143
10116,c5,437
10117,c1,281
10118,c1,97
10119,c234,474
10120,c1,201
10121,c234,345
10122,c234,512
10123,c234,444
10124,c5,264
10125,c1,124
10126,c5,86
10127,c1,110
10128,c1,59
10129,c5,47
10130,c234,321
10131,c234,100
10132,c1,338
10133,c5,176
10134,c1,668
10135,c5,904
10136,c1,66
10137,c234,139
10138,c1,436
10139,c234,303
10140,c1,81
10141,c5,223
10142,c5,388
10143,c1,412
10144,c234,245
10145,c5,93
10146,c1,30
10147,c234,95
10148,c5,432
10149,c234,66
10150,c5,39
10151,c5,281
10152,c5,175
10153,c5,84
10154,c234,661
10155,c234,894
10156,c1,689
10157,c234,97
10158,c1,505
10159,c234,480
10160,c234,468
10161,c234,371
10162,c5,35
10163,c5,276
10164,c5,196
10165,c5,107
10166,c234,115
10167,c1,176
10168,c1,248
10169,c5,551
10170,c5,88
10171,c234,73
10172,c1,101
10173,c1,247
10174,c234,131
10175,c234,107
10176,c234,237
10177,c234,448
10178,c5,280
10179,c234,518
10180,c1,563
10181,c5,55
10182,c5,83
10183,c5,327
10184,c1,12
10185,c1,155
10186,c1,402
10187,c1,241
10188,c1,276
10189,c1,139
10190,c234,180
10191,c1,728
10192,c1,481
10193,c234,378
10194,c1,401
10195,c1,1242
10196,c1,163
10197,c234,47
10198,c234,37
10199,c5,50
10200,c234,176
10201,c234,277
10202,c234,254
10203,c1,52
10204,c1,249
10205,c1,517
10206,c1,125
10207,c1,128
10208,c234,101
10209,c5,113
10210,c234,167
10211,c1,71
10212,c234,81
10213,c5,266
10214,c5,151
10215,c5,245
10216,c1,48
10217,c1,213
10218,c1,130
10219,c5,428
10220,c1,290
10221,c1,147
10222,c1,228
10223,c5,97
10224,c1,468
10225,c234,361
10226,c1,603
10227,c5,143
10228,c5,256
10229,c5,52
10230,c5,116
10231,c1,1170
10232,c1,100
10233,c234,185
10234,c5,164
10235,c1,224
10236,c1,456
10237,c5,257
10238,c5,76
10239,c234,44
10240,c5,168
10241,c234,65
10242,c1,81
10243,c234,538
10244,c1,95
10245,c234,86
10246,c5,192
10247,c234,202
10248,c1,360
10249,c1,381
10250,c5,542
10251,c5,139
10252,c5,401
10253,c234,437
10254,c5,365
10255,c1,251
10256,c1,110
10257,c5,563
10258,c1,313
10259,c234,1229
10260,c5,28
10261,c5,34
10262,c234,325
10263,c1,402
10264,c234,252
10265,c1,105
10266,c1,1173
10267,c234,245
10268,c234,407
10269,c234,101
10270,c5,165
10271,c234,39
10272,c234,179
10273,c1,87
10274,c234,64
10275,c5,576
10276,c1,244
10277,c5,126
10278,c234,319
10279,c5,592
10280,c5,132
10281,c5,41
10282,c5,219
10283,c5,68
10284,c1,506
10285,c1,112
10286,c5,58
10287,c234,28
10288,c5,300
10289,c5,233
10290,c5,142
10291,c234,343
10292,c1,261
10293,c234,121
10294,c1,180
10295,c1,294
10296,c1,131
10297,c1,75
10298,c1,95
10299,c5,55
10300,c1,91
10301,c5,63
10302,c1,479
10303,c5,95
10304,c234,41
10305,c5,107
10306,c1,603
10307,c1,389
10308,c234,772
10309,c5,158
10310,c234,338
10311,c5,46
10312,c5,336
10313,c234,262
10314,c5,262
10315,c5,62
10316,c234,112
10317,c5,73
10318,c5,64
10319,c234,128
10320,c1,256
10321,c234,847
10322,c1,889
10323,c5,98
10324,c5,137
10325,c234,169
10326,c5,83
10327,c5,35
10328,c234,332
10329,c234,158
10330,c5,270
10331,c234,334
10332,c234,398
10333,c234,378
10334,c5,78
10335,c1,683
10336,c234,205
10337,c1,488
10338,c5,290
10339,c5,219
10340,c234,385
10341,c234,168
10342,c234,386
10343,c234,380
10344,c234,663
10345,c5,190
10346,c5,158
10347,c5,333
10348,c5,727
10349,c1,200
10350,c1,104
10351,c5,65
10352,c1,493
10353,c234,151
10354,c234,157
10355,c5,23
10356,c5,28
10357,c5,370
10358,c234,149
10359,c5,161
10360,c5,163
10361,c5,223
10362,c234,563
10363,c1,300
10364,c234,535
10365,c234,14
10366,c5,444
10367,c1,212
10368,c5,120
10369,c234,169
10370,c1,144
10371,c234,364
10372,c5,547
10373,c1,321
10374,c234,343
10375,c5,23
10376,c234,151
10377,c234,572
10378,c1,183
10379,c1,771
10380,c5,343
10381,c1,207
10382,c234,43
10383,c1,221
10384,c234,420
10385,c234,159
10386,c234,141
10387,c234,168
10388,c234,202
10389,c1,147
10390,c234,99
10391,c1,54
10392,c1,487
10393,c1,169
10394,c1,329
10395,c234,490
10396,c234,70
10397,c234,482
10398,c1,169
10399,c1,531
10400,c1,242
10401,c5,735
10402,c1,12
10403,c5,28
10404,c1,172
10405,c234,392
10406,c5,186
10407,c5,300
10408,c5,46
10409,c1,245
10410,c1,341
10411,c5,1043
10412,c234,383
10413,c5,218
10414,c1,117
10415,c5,72
10416,c234,553
10417,c234,211
10418,c234,455
10419,c234,498
10420,c1,52
10421,c1,99
10422,c1,190
10423,c234,91
10424,c1,287
10425,c234,306
10426,c5,574
10427,c5,108
10428,c1,796
10429,c5,29
10430,c5,62
10431,c234,181
10432,c234,123
10433,c5,93
10434,c234,435
10435,c1,96
10436,c234,440
10437,c234,165
10438,c234,22
10439,c1,43
10440,c5,47
10441,c5,165
10442,c5,30
10443,c5,144
10444,c1,221
10445,c234,250
10446,c1,426
10447,c234,140
10448,c5,118
10449,c5,970
10450,c5,199
10451,c5,96
10452,c234,522
10453,c1,245
10454,c1,67
10455,c1,82
10456,c1,156
10457,c234,401
10458,c234,346
10459,c5,754
10460,c5,71
10461,c5,221
10462,c234,629
10463,c1,360
10464,c5,635
10465,c5,589
10466,c1,495
10467,c5,125
10468,c1,111
10469,c5,195
10470,c5,148
10471,c1,36
10472,c234,538
10473,c5,100
10474,c5,133
10475,c5,424
10476,c234,56
10477,c5,80
10478,c1,103
10479,c234,324
10480,c5,103
10481,c234,30
10482,c1,705
10483,c5,55
10484,c1,28
10485,c5,432
10486,c1,384
10487,c5,165
10488,c234,401
10489,c1,203
10490,c5,94
10491,c1,391
10492,c234,531
10493,c1,731
10494,c1,78
10495,c5,84
10496,c5,111
10497,c234,1354
10498,c5,131
10499,c234,81
10500,c5,29
10501,c5,85
10502,c1,32
10503,c5,426
10504,c234,189
10505,c234,841
10506,c5,60
10507,c1,330
10508,c5,140
10509,c234,193
10510,c5,142
10511,c1,389
10512,c1,417
10513,c234,62
10514,c234,552
10515,c5,113
10516,c1,28
10517,c1,559
10518,c234,317
10519,c1,55
10520,c5,102
10521,c234,98
10522,c5,124
10523,c5,571
10524,c5,29
10525,c5,630
10526,c5,1416
10527,c234,171
10528,c234,145
10529,c1,40
10530,c234,570
10531,c5,34
10532,c1,51
10533,c5,113
10534,c1,76
10535,c5,292
10536,c5,1358
10537,c234,418
10538,c1,566
10539,c1,82
10540,c5,721
10541,c234,195
10542,c1,92
10543,c234,124
10544,c5,41
10545,c234,77
10546,c5,149
10547,c5,69
10548,c1,160
10549,c5,23
10550,c234,122
10551,c234,381
10552,c1,122
10553,c234,232
10554,c1,240
10555,c234,81
10556,c5,207
10557,c1,249
10558,c234,147
10559,c5,85
10560,c5,265
10561,c1,515
10562,c234,575
10563,c1,24
10564,c1,285
10565,c5,67
10566,c234,672
10567,c234,637
10568,c5,203
10569,c5,40
10570,c5,47
10571,c5,449
10572,c234,534
10573,c234,131
10574,c1,343
10575,c5,402
10576,c234,75
10577,c234,173
10578,c1,110
10579,c1,111
10580,c234,559
10581,c5,9
10582,c5,139
10583,c1,1120
10584,c1,219
10585,c1,796
10586,c5,66
10587,c234,1200
10588,c1,165
10589,c234,190
10590,c1,75
10591,c5,127
10592,c234,355
10593,c5,205
10594,c5,46
10595,c234,113
10596,c1,806
10597,c5,205
10598,c234,588
10599,c5,37
10600,c5,188
10601,c5,95
10602,c234,88
10603,c5,8
10604,c234,559
10605,c5,66
10606,c1,73
10607,c5,364
10608,c5,158
10609,c234,1907
10610,c5,129
10611,c234,76
10612,c5,78
10613,c1,350
10614,c1,610
10615,c234,383
10616,c5,58
10617,c1,114
10618,c5,108
10619,c1,588
10620,c1,325
10621,c5,67
10622,c1,417
10623,c5,58
10624,c1,109
10625,c5,153
10626,c5,242
10627,c5,206
10628,c234,117
10629,c5,62
10630,c1,298
10631,c1,528
10632,c5,164
10633,c5,462
10634,c1,188
10635,c234,439
10636,c234,1194
10637,c5,137
10638,c234,72
10639,c234,123
10640,c234,341
10641,c1,433
10642,c1,82
10643,c234,396
10644,c234,407
10645,c5,30
10646,c5,300
10647,c1,492
10648,c1,547
10649,c1,37
10650,c5,539
10651,c5,665
10652,c1,93
10653,c234,58
10654,c1,298
10655,c1,75
10656,c1,84
10657,c5,113
10658,c1,94
10659,c1,27
10660,c1,636
10661,c234,120
10662,c5,264
10663,c234,609
10664,c5,64
10665,c5,349
10666,c234,299
10667,c5,187
10668,c1,314
10669,c234,43
10670,c1,394
10671,c1,177
10672,c5,310
10673,c234,282
10674,c5,549
10675,c1,34
10676,c1,390
10677,c1,214
10678,c1,49
10679,c234,82
10680,c5,278
10681,c234,94
10682,c5,123
10683,c5,299
10684,c234,117
10685,c234,453
10686,c1,292
10687,c1,571
10688,c1,41
10689,c234,51
10690,c1,148
10691,c234,51
10692,c234,251
10693,c234,24
10694,c5,331
10695,c234,1210
10696,c234,395
10697,c234,227
10698,c5,149
10699,c234,616
10700,c234,125
10701,c1,350
10702,c234,208
10703,c5,49
10704,c234,36
10705,c1,72
10706,c5,195
10707,c5,71
10708,c5,135
10709,c1,287
10710,c1,253
10711,c234,192
10712,c1,331
10713,c5,176
10714,c1,125
10715,c5,287
10716,c234,402
10717,c5,31
10718,c1,179
10719,c5,595
10720,c1,78
10721,c1,433
10722,c1,887
10723,c234,123
10724,c5,131
10725,c234,258
10726,c234,80
10727,c234,93
10728,c1,229
10729,c5,402
10730,c234,524
10731,c234,96
10732,c1,265
10733,c234,401
10734,c234,555
10735,c234,160
10736,c5,241
10737,c234,316
10738,c234,231
10739,c5,431
10740,c1,196
10741,c1,137
10742,c234,251
10743,c1,559
10744,c234,653
10745,c234,32
10746,c5,152
10747,c5,118
10748,c234,323
10749,c234,8
10750,c1,581
10751,c1,1449
10752,c5,425
10753,c1,342
10754,c1,519
10755,c234,62
10756,c1,241
10757,c1,83
10758,c5,103
10759,c5,124
10760,c1,19
10761,c234,716
10762,c1,14
10763,c234,609
10764,c5,211
10765,c234,384
10766,c5,23
10767,c1,67
10768,c1,956
10769,c234,220
10770,c234,95
10771,c234,141
10772,c1,822
10773,c5,392
10774,c234,51
10775,c234,276
10776,c234,754
10777,c1,142
10778,c5,70
10779,c234,217
10780,c234,265
10781,c234,391
10782,c234,282
10783,c5,255
10784,c234,544
10785,c5,641
10786,c234,807
10787,c1,613
10788,c5,48
10789,c1,292
10790,c1,79
10791,c5,41
10792,c5,439
10793,c234,967
10794,c234,414
10795,c1,344
10796,c5,250
10797,c234,597
10798,c1,77
10799,c234,820
10800,c234,269
10801,c1,40
10802,c5,73
10803,c1,84
10804,c1,506
10805,c234,197
10806,c234,121
10807,c234,57
10808,c1,119
10809,c234,187
10810,c234,428
10811,c234,32
10812,c234,670
10813,c1,603
10814,c234,538
10815,c1,56
10816,c234,317
10817,c234,321
10818,c5,871
10819,c234,657
10820,c1,240
10821,c5,147
10822,c5,13
10823,c1,251
10824,c1,54
10825,c5,346
10826,c1,479
10827,c234,19
10828,c5,179
10829,c5,10
10830,c234,393
10831,c234,234
10832,c234,130
10833,c5,120
10834,c5,329
10835,c1,54
10836,c5,37
10837,c1,155
10838,c234,68
10839,c5,64
10840,c5,573
10841,c1,176
10842,c234,40
10843,c1,30
10844,c234,194
10845,c1,51
10846,c5,222
10847,c1,333
10848,c5,99
10849,c1,125
10850,c1,79
10851,c234,147
10852,c234,120
10853,c234,979
10854,c1,298
10855,c234,179
10856,c1,73
10857,c234,13
10858,c1,111
10859,c1,281
10860,c234,31
10861,c5,86
10862,c5,198
10863,c1,143
10864,c234,335
10865,c5,245
10866,c1,372
10867,c234,204
10868,c5,182
10869,c1,150
10870,c1,517
10871,c234,159
10872,c5,27
10873,c5,276
10874,c234,444
10875,c234,31
10876,c5,230
10877,c1,290
10878,c234,525
10879,c5,171
10880,c234,175
10881,c234,62
10882,c234,40
10883,c1,216
10884,c5,273
10885,c234,21
10886,c234,242
10887,c1,67
10888,c1,336
10889,c5,63
10890,c234,157
10891,c234,95
10892,c1,106
10893,c5,71
10894,c1,489
10895,c5,57
10896,c5,330
10897,c1,70
10898,c5,38
10899,c1,80
10900,c234,410
10901,c234,294
10902,c5,391
10903,c5,172
10904,c234,248
10905,c5,389
10906,c234,128
10907,c5,274
10908,c5,456
10909,c1,253
10910,c5,278
10911,c5,46
10912,c5,37
10913,c234,123
10914,c234,179
10915,c1,248
10916,c234,32
10917,c234,99
10918,c1,151
10919,c5,304
10920,c1,288
10921,c234,1699
10922,c5,69
10923,c234,195
10924,c1,77
10925,c234,401
10926,c1,115
10927,c234,72
10928,c234,1240
10929,c234,231
10930,c1,81
10931,c234,131
10932,c5,57
10933,c1,49
10934,c1,439
10935,c1,128
10936,c234,93
10937,c1,259
10938,c234,197
10939,c5,942
10940,c234,422
10941,c5,241
10942,c1,240
10943,c5,80
10944,c5,281
10945,c234,332
10946,c234,151
10947,c5,290
10948,c234,440
10949,c234,82
10950,c1,235
10951,c1,356
10952,c5,140
10953,c1,221
10954,c234,69
10955,c1,211
10956,c234,136
10957,c234,58
10958,c234,151
10959,c234,144
10960,c234,367
10961,c1,466
10962,c1,59
10963,c5,559
10964,c234,125
10965,c1,1065
10966,c1,418
10967,c1,757
10968,c234,292
10969,c234,468
10970,c1,665
10971,c234,477
10972,c234,394
10973,c5,528
10974,c234,635
10975,c5,247
10976,c1,275
10977,c1,242
10978,c1,390
10979,c5,442
10980,c234,65
10981,c5,59
10982,c1,1383
10983,c234,233
10984,c1,48
10985,c5,67
10986,c5,652
10987,c5,77
10988,c5,32
10989,c5,732
10990,c234,516
10991,c5,205
10992,c1,313
10993,c234,30
10994,c234,57
10995,c1,469
10996,c1,470
10997,c234,262
10998,c1,145
10999,c5,175
11000,c1,764
11001,c234,128
11002,c5,184
11003,c1,97
11004,c234,127
11005,c234,254
11006,c5,13
11007,c1,95
11008,c5,559
11009,c5,49
11010,c234,158
11011,c1,21
11012,c5,77
11013,c234,554
11014,c234,149
11015,c234,198
11016,c1,96
11017,c5,187
11018,c5,103
11019,c5,385
11020,c5,23
11021,c5,311
11022,c1,90
11023,c1,470
11024,c1,247
11025,c5,202
11026,c234,353
11027,c5,114
11028,c5,401
11029,c5,315
11030,c5,22
11031,c1,252
11032,c5,24
11033,c1,148
11034,c5,211
11035,c234,587
11036,c234,418
11037,c5,428
11038,c234,56
11039,c234,81
11040,c5,90
11041,c234,302
11042,c234,186
11043,c1,117
11044,c1,9
11045,c234,34
11046,c1,713
11047,c5,151
11048,c234,111
11049,c234,97
11050,c234,278
11051,c234,386
11052,c5,169
11053,c5,422
11054,c1,144
11055,c5,23
11056,c1,279
11057,c5,198
11058,c1,225
11059,c234,1242
11060,c1,125
11061,c5,23
11062,c5,284
11063,c5,410
11064,c234,230
11065,c5,144
11066,c234,116
11067,c234,143
11068,c5,71
11069,c5,146
11070,c5,418
11071,c5,37
11072,c234,522
11073,c5,470
11074,c234,365
11075,c5,97
11076,c1,997
11077,c1,303
11078,c1,290
11079,c1,73
11080,c5,217
11081,c5,138
11082,c234,685
11083,c1,422
11084,c5,95
11085,c1,460
11086,c234,594
11087,c5,256
11088,c234,1038
11089,c5,54
11090,c1,133
11091,c1,390
11092,c5,639
11093,c1,143
11094,c1,273
11095,c1,818
11096,c1,97
11097,c1,266
11098,c5,300
11099,c1,269
11100,c234,238
11101,c1,6
11102,c5,63
11103,c234,120
11104,c5,279
11105,c5,42
11106,c1,87
11107,c5,201
11108,c5,183
11109,c1,170
11110,c5,107
11111,c5,30
11112,c234,173
11113,c234,75
11114,c1,348
11115,c1,71
11116,c234,240
11117,c5,46
11118,c234,131
11119,c1,9
11120,c5,369
11121,c234,404
11122,c234,432
11123,c1,118
11124,c1,106
11125,c234,35
11126,c234,453
11127,c1,361
11128,c234,986
11129,c5,149
11130,c1,88
11131,c5,195
11132,c1,92
11133,c5,464
11134,c5,148
11135,c1,531
11136,c1,29
11137,c1,510
11138,c1,170
11139,c5,40
11140,c234,74
11141,c1,129
11142,c1,1857
11143,c1,167
11144,c234,266
11145,c5,289
11146,c1,172
11147,c5,35
11148,c234,78
11149,c234,360
11150,c5,580
11151,c1,723
11152,c5,179
11153,c1,299
11154,c1,215
11155,c1,42
11156,c5,228
11157,c5,114
11158,c5,277
11159,c1,502
11160,c234,295
11161,c1,827
11162,c234,800
11163,c5,160
11164,c5,95
11165,c234,238
11166,c5,735
11167,c1,282
11168,c1,470
11169,c1,220
11170,c5,11
11171,c5,47
11172,c234,140
11173,c234,264
11174,c5,439
11175,c1,44
11176,c1,1241
11177,c5,84
11178,c5,487
11179,c5,63
11180,c234,172
11181,c1,50
11182,c5,49
11183,c234,508
11184,c1,149
11185,c234,182
11186,c1,401
11187,c1,87
11188,c5,178
11189,c234,545
11190,c1,159
11191,c234,500
11192,c5,234
11193,c1,105
11194,c1,273
11195,c1,397
11196,c234,593
11197,c1,50
11198,c5,416
11199,c1,399
11200,c234,324
11201,c5,344
11202,c1,399
11203,c5,167
11204,c234,344
11205,c5,81
11206,c1,606
11207,c1,567
11208,c5,26
11209,c234,399
11210,c234,78
11211,c1,1614
11212,c1,1103
11213,c234,212
11214,c234,706
11215,c234,86
11216,c234,50
11217,c1,230
11218,c5,103
11219,c234,178
11220,c234,251
11221,c234,90
11222,c5,138
11223,c5,338
11224,c1,475
11225,c234,295
11226,c1,485
11227,c1,168
11228,c234,143
11229,c1,309
11230,c1,118
11231,c234,1310
11232,c5,107
11233,c5,162
11234,c234,232
11235,c234,169
11236,c1,225
11237,c5,92
11238,c1,105
11239,c5,439
11240,c1,197
11241,c1,96
11242,c5,71
11243,c234,29
11244,c234,113
11245,c5,374
11246,c5,373
11247,c1,321
11248,c5,400
11249,c1,241
11250,c1,183
11251,c5,150
11252,c234,138
11253,c1,316
11254,c1,193
11255,c1,87
11256,c1,368
11257,c5,136
11258,c1,720
11259,c5,25
11260,c5,311
11261,c1,122
11262,c1,34
11263,c5,207
11264,c234,60
11265,c1,74
11266,c1,290
11267,c1,116
11268,c1,218
11269,c234,308
11270,c234,141
11271,c234,799
11272,c234,81
11273,c234,355
11274,c5,761
11275,c234,806
11276,c234,41
11277,c5,147
11278,c5,141
11279,c5,46
11280,c1,315
11281,c5,440
11282,c234,28
11283,c234,388
11284,c5,205
11285,c1,176
11286,c5,21
11287,c5,24
11288,c5,32
11289,c234,118
11290,c5,196
11291,c1,261
11292,c5,379
11293,c5,113
11294,c1,1019
11295,c1,402
11296,c1,282
11297,c5,243
11298,c1,152
11299,c234,1427
11300,c234,383
11301,c1,23
11302,c5,358
11303,c5,75
11304,c1,66
11305,c1,206
11306,c1,287
11307,c234,190
11308,c234,76
11309,c5,321
11310,c234,69
11311,c234,358
11312,c234,281
11313,c1,81
11314,c1,558
11315,c5,598
11316,c234,489
11317,c5,146
11318,c234,98
11319,c234,49
11320,c234,1291
11321,c5,526
11322,c234,219
11323,c234,38
11324,c5,765
11325,c5,293
11326,c234,144
11327,c5,35
11328,c234,263
11329,c5,204
11330,c1,77
11331,c234,30
11332,c234,454
11333,c5,383
11334,c1,265
11335,c234,773
11336,c234,288
11337,c5,180
11338,c5,319
11339,c234,724
11340,c1,5
11341,c1,593
11342,c234,260
11343,c234,296
11344,c5,132
11345,c234,388
11346,c5,82
11347,c1,489
11348,c5,63
11349,c234,158
11350,c5,111
11351,c234,108
11352,c5,106
11353,c1,211
11354,c5,212
11355,c5,77
11356,c5,1369
11357,c234,436
11358,c1,104
11359,c234,83
11360,c234,50
11361,c234,362
11362,c234,121
11363,c5,260
11364,c1,52
11365,c5,118
11366,c1,216
11367,c5,94
11368,c1,254
11369,c1,37
11370,c234,324
11371,c1,145
11372,c5,29
11373,c1,414
11374,c1,20
11375,c5,89
11376,c1,1574
11377,c1,197
11378,c1,121
11379,c234,123
11380,c1,285
11381,c1,171
11382,c1,72
11383,c234,149
11384,c1,720
11385,c1,89
11386,c1,845
11387,c234,27
11388,c1,1135
11389,c234,189
11390,c1,169
11391,c5,66
11392,c1,1050
11393,c234,596
11394,c234,409
11395,c234,678
11396,c5,93
11397,c234,340
11398,c234,296
11399,c1,401
11400,c1,441
11401,c234,113
11402,c5,348
11403,c1,145
11404,c1,72
11405,c5,50
11406,c1,309
11407,c5,43
11408,c234,251
11409,c234,244
11410,c1,80
11411,c234,304
11412,c234,619
11413,c1,577
11414,c234,8
11415,c5,579
11416,c1,214
11417,c1,35
11418,c1,228
11419,c5,111
11420,c1,754
11421,c1,282
11422,c234,71
11423,c5,420
11424,c1,149
11425,c5,153
11426,c1,81
11427,c5,87
11428,c234,56
11429,c234,289
11430,c5,155
11431,c5,51
11432,c234,356
11433,c234,188
11434,c5,144
11435,c5,24
11436,c234,126
11437,c234,1148
11438,c1,216
11439,c5,95
11440,c234,795
11441,c1,470
11442,c1,489
11443,c1,480
11444,c5,273
11445,c234,194
11446,c1,211
11447,c1,313
11448,c5,95
11449,c5,48
11450,c5,526
11451,c5,795
11452,c5,243
11453,c5,81
11454,c1,133
11455,c234,44
11456,c5,147
11457,c1,140
11458,c234,400
11459,c1,159
11460,c1,33
11461,c1,25
11462,c5,66
11463,c234,193
11464,c234,104
11465,c234,253
11466,c5,197
11467,c234,136
11468,c1,433
11469,c234,67
11470,c5,60
11471,c234,271
11472,c234,39
11473,c5,34
11474,c234,296
11475,c1,797
11476,c1,265
11477,c234,294
11478,c1,78
11479,c234,122
11480,c1,797
11481,c5,16
11482,c234,423
11483,c234,222
11484,c5,40
11485,c234,151
11486,c1,129
11487,c5,131
11488,c5,175
11489,c234,113
11490,c1,300
11491,c234,391
11492,c234,433
11493,c234,7
11494,c1,669
11495,c5,188
11496,c234,40
11497,c1,399
11498,c234,422
11499,c5,210
11500,c234,408
11501,c1,321
11502,c1,352
11503,c5,146
11504,c234,356
11505,c234,452
11506,c5,134
11507,c1,361
11508,c234,125
11509,c1,100
11510,c5,409
11511,c234,479
11512,c1,320
11513,c234,120
11514,c1,213
11515,c234,621
11516,c5,154
11517,c1,415
11518,c5,240
11519,c1,299
11520,c234,316
11521,c234,141
11522,c5,35
11523,c1,102
11524,c5,143
11525,c5,245
11526,c1,299
11527,c1,23
11528,c234,130
11529,c1,169
11530,c1,259
11531,c5,17
11532,c234,113
11533,c1,115
11534,c5,116
11535,c234,251
11536,c5,178
11537,c5,108
11538,c5,55
11539,c1,202
11540,c234,113
11541,c234,46
11542,c234,93
11543,c5,152
11544,c234,150
11545,c5,454
11546,c234,277
11547,c5,416
11548,c1,56
11549,c5,88
11550,c5,547
11551,c234,289
11552,c1,9
11553,c234,315
11554,c234,343
11555,c5,64
11556,c1,330
11557,c234,133
11558,c5,83
11559,c5,62
11560,c1,76
11561,c1,44
11562,c1,154
11563,c1,120
11564,c234,181
11565,c1,200
11566,c234,109
11567,c1,200
11568,c234,531
11569,c234,85
11570,c234,67
11571,c5,457
11572,c5,99
11573,c1,21
11574,c5,129
11575,c1,220
11576,c1,1049
11577,c5,27
11578,c234,484
11579,c1,83
11580,c5,116
11581,c234,349
11582,c234,24
11583,c5,127
11584,c5,38
11585,c1,94
11586,c234,521
11587,c234,8
11588,c1,313
11589,c1,965
11590,c5,23
11591,c1,106
11592,c1,95
11593,c5,44
11594,c5,280
11595,c234,3103
11596,c1,131
11597,c5,354
11598,c234,654
11599,c1,499
11600,c1,159
11601,c234,151
11602,c1,227
11603,c5,127
11604,c1,311
11605,c5,68
11606,c5,555
11607,c234,472
11608,c1,50
11609,c1,174
11610,c1,388
11611,c234,580
11612,c1,100
11613,c1,39
11614,c1,288
11615,c234,38
11616,c5,251
11617,c1,310
11618,c234,637
11619,c5,42
11620,c5,274
11621,c234,112
11622,c1,436
11623,c234,81
11624,c234,192
11625,c1,1141
11626,c5,51
11627,c5,289
11628,c5,163
11629,c1,514
11630,c1,28
11631,c5,176
11632,c5,158
11633,c1,81
11634,c5,102
11635,c1,23
11636,c5,69
11637,c234,262
11638,c1,390
11639,c5,837
11640,c234,776
11641,c5,182
11642,c234,423
11643,c1,413
11644,c1,70
11645,c1,221
11646,c5,303
11647,c1,117
11648,c5,289
11649,c5,210
11650,c234,267
11651,c1,218
11652,c5,281
11653,c5,297
11654,c5,205
11655,c5,249
11656,c5,110
11657,c1,401
11658,c1,521
11659,c234,553
11660,c234,150
11661,c234,222
11662,c1,413
11663,c234,132
11664,c234,206
11665,c234,199
11666,c5,441
11667,c1,216
11668,c1,396
11669,c1,286
11670,c5,50
11671,c234,116
11672,c1,67
11673,c234,94
11674,c234,408
11675,c234,243
11676,c5,135
11677,c234,718
11678,c5,61
11679,c1,243
11680,c1,332
11681,c234,145
11682,c234,118
11683,c5,375
11684,c5,134
11685,c234,117
11686,c5,672
11687,c234,115
11688,c234,113
11689,c1,227
11690,c234,208
11691,c5,283
11692,c1,238
11693,c234,300
11694,c234,626
11695,c234,164
11696,c234,245
11697,c1,1532
11698,c234,276
11699,c234,521
11700,c234,154
11701,c234,740
11702,c234,522
11703,c234,123
11704,c5,139
11705,c234,486
11706,c1,240
11707,c5,1967
11708,c1,187
11709,c1,111
11710,c5,23
11711,c5,84
11712,c5,73
11713,c5,205
11714,c234,441
11715,c234,70
11716,c5,408
11717,c5,81
11718,c5,90
11719,c1,357
11720,c1,96
11721,c5,110
11722,c5,133
11723,c234,431
11724,c5,650
11725,c234,177
11726,c1,507
11727,c234,96
11728,c234,124
11729,c234,115
11730,c234,553
11731,c234,30
11732,c5,38
11733,c5,401
11734,c234,150
11735,c5,138
11736,c234,370
11737,c5,474
11738,c234,178
11739,c1,64
11740,c5,163
11741,c234,158
11742,c234,473
11743,c5,187
11744,c234,240
11745,c234,169
11746,c1,119
11747,c234,531
11748,c5,247
11749,c1,415
11750,c1,128
11751,c5,172
11752,c1,65
11753,c1,647
11754,c5,240
11755,c5,26
11756,c5,450
11757,c1,187
11758,c234,77
11759,c234,81
11760,c234,391
11761,c5,214
11762,c5,125
11763,c1,182
11764,c5,118
11765,c5,57
11766,c1,265
11767,c1,97
11768,c1,250
11769,c5,472
11770,c5,37
11771,c1,154
11772,c234,30
11773,c1,44
11774,c5,47
11775,c234,55
11776,c1,196
11777,c5,233
11778,c1,320
11779,c5,199
11780,c1,200
11781,c5,189
11782,c5,35
11783,c1,90
11784,c5,126
11785,c234,151
11786,c5,26
11787,c1,36
11788,c234,158
11789,c1,97
11790,c234,436
11791,c5,171
11792,c1,362
11793,c5,617
11794,c1,117
11795,c234,369
11796,c5,51
11797,c5,62
11798,c234,362
11799,c5,31
11800,c234,888
11801,c234,142
11802,c5,157
11803,c234,51
11804,c234,115
11805,c1,719
11806,c234,984
11807,c5,99
11808,c5,149
11809,c1,283
11810,c1,67
11811,c234,675
11812,c234,628
11813,c1,286
11814,c5,105
11815,c5,152
11816,c5,373
11817,c1,85
11818,c5,221
11819,c1,311
11820,c5,346
11821,c234,146
11822,c1,452
11823,c5,67
11824,c5,508
11825,c1,1218
11826,c5,54
11827,c1,122
11828,c234,94
11829,c5,476
11830,c5,21
11831,c1,84
11832,c1,126
11833,c1,206
11834,c1,121
11835,c5,261
11836,c5,128
11837,c234,38
11838,c1,47
11839,c1,153
11840,c1,24
11841,c1,161
11842,c234,195
11843,c1,46
11844,c234,238
11845,c1,171
11846,c1,302
11847,c5,22
11848,c234,116
11849,c234,199
11850,c1,71
11851,c1,290
11852,c1,198
11853,c5,496
11854,c5,1558
11855,c5,234
11856,c1,314
11857,c5,243
11858,c5,127
11859,c1,42
11860,c234,135
11861,c1,255
11862,c234,179
11863,c1,48
11864,c234,313
11865,c5,174
11866,c234,178
11867,c1,22
11868,c5,127
11869,c234,53
11870,c1,139
11871,c234,44
11872,c1,236
11873,c234,176
11874,c1,60
11875,c234,258
11876,c5,159
11877,c5,15
11878,c1,78
11879,c234,60
11880,c5,59
11881,c234,7
11882,c234,41
11883,c234,192
11884,c5,95
11885,c234,23
11886,c234,115
11887,c1,531
11888,c234,154
11889,c234,788
11890,c234,99
11891,c234,197
11892,c234,989
11893,c1,1361
11894,c234,208
11895,c5,572
11896,c1,378
11897,c1,394
11898,c5,354
11899,c1,193
11900,c234,250
11901,c234,718
11902,c1,116
11903,c1,164
11904,c1,71
11905,c234,171
11906,c1,286
11907,c1,339
11908,c234,197
11909,c234,104
11910,c5,449
11911,c234,113
11912,c5,53
11913,c5,360
11914,c1,115
11915,c5,130
11916,c5,314
11917,c1,116
11918,c5,245
11919,c5,312
11920,c1,1066
11921,c1,34
11922,c234,96
11923,c5,237
11924,c234,233
11925,c1,291
11926,c234,161
11927,c1,112
11928,c234,166
11929,c5,310
11930,c1,184
11931,c5,634
11932,c5,198
11933,c5,215
11934,c234,315
11935,c5,1403
11936,c1,50
11937,c5,551
11938,c1,385
11939,c5,47
11940,c234,19
11941,c5,643
11942,c1,282
11943,c234,293
11944,c5,79
11945,c1,269
11946,c5,149
11947,c5,711
11948,c1,509
11949,c234,94
11950,c234,315
11951,c5,382
11952,c234,177
11953,c234,171
11954,c5,38
11955,c1,446
11956,c1,174
11957,c234,314
11958,c1,29
11959,c5,34
11960,c1,359
11961,c1,318
11962,c5,376
11963,c1,196
11964,c1,201
11965,c234,130
11966,c5,71
11967,c1,191
11968,c5,136
11969,c5,285
11970,c234,451
11971,c5,245
11972,c1,122
11973,c1,423
11974,c5,295
11975,c234,54
11976,c1,166
11977,c234,415
11978,c5,83
11979,c234,65
11980,c234,220
11981,c5,238
11982,c1,51
11983,c1,507
11984,c234,679
11985,c234,259
11986,c1,456
11987,c5,113
11988,c5,455
11989,c1,163
11990,c5,565
11991,c5,302
11992,c234,1631
11993,c5,156
11994,c234,287
11995,c234,65
11996,c234,119
11997,c5,324
11998,c5,40
11999,c234,551
12000,c1,208
12001,c5,274
12002,c5,129
12003,c234,93
12004,c234,34
12005,c5,924
12006,c5,42
12007,c5,123
12008,c5,247
12009,c5,77
12010,c234,414
12011,c5,40
12012,c1,53
12013,c5,334
12014,c5,199
12015,c1,982
12016,c234,151
12017,c1,339
12018,c234,74
12019,c1,14
12020,c1,309
12021,c234,128
12022,c1,61
12023,c234,877
12024,c1,55
12025,c234,164
12026,c1,145
12027,c5,34
12028,c234,211
12029,c234,235
12030,c5,533
12031,c234,125
12032,c5,232
12033,c5,75
12034,c234,124
12035,c1,188
12036,c234,119
12037,c1,531
12038,c5,273
12039,c234,136
12040,c234,231
12041,c1,129
12042,c234,197
12043,c234,273
12044,c5,177
12045,c1,81
12046,c5,43
12047,c5,191
12048,c234,518
12049,c234,74
12050,c234,35
12051,c1,89
12052,c5,221
12053,c5,54
12054,c5,707
12055,c234,55
12056,c1,554
12057,c5,79
12058,c234,33
12059,c5,464
12060,c1,60
12061,c234,1062
12062,c234,234
12063,c234,302
12064,c5,65
12065,c234,117
12066,c234,421
12067,c5,111
12068,c234,249
12069,c234,299
12070,c234,46
12071,c5,26
12072,c234,46
12073,c5,54
12074,c1,144
12075,c1,259
12076,c234,105
12077,c5,535
12078,c1,493
12079,c234,287
12080,c5,49
12081,c1,390
12082,c234,260
12083,c5,148
12084,c234,166
12085,c234,23
12086,c5,77
12087,c5,268
12088,c234,193
12089,c1,530
12090,c5,220
12091,c1,390
12092,c234,125
12093,c1,215
12094,c234,244
12095,c234,119
12096,c5,248
12097,c234,81
12098,c234,627
12099,c5,64
12100,c5,716
12101,c5,119
12102,c1,155
12103,c1,258
12104,c1,388
12105,c1,414
12106,c234,291
12107,c1,429
12108,c5,76
12109,c234,200
12110,c234,66
12111,c1,189
12112,c234,158
12113,c234,182
12114,c234,272
12115,c1,554
12116,c5,384
12117,c1,110
12118,c234,139
12119,c234,126
12120,c5,169
12121,c234,425
12122,c1,15
12123,c234,375
12124,c1,16
12125,c5,113
12126,c5,31
12127,c1,216
12128,c234,190
12129,c234,477
12130,c5,29
12131,c234,347
12132,c234,91
12133,c234,167
12134,c5,160
12135,c1,175
12136,c5,38
12137,c5,197
12138,c5,56
12139,c1,208
12140,c234,513
12141,c1,297
12142,c1,386
12143,c234,704
12144,c234,152
12145,c5,16
12146,c234,310
12147,c5,86
12148,c1,509
12149,c234,26
12150,c5,1229
12151,c234,185
12152,c234,322
12153,c234,80
12154,c5,174
12155,c5,115
12156,c1,445
12157,c234,10
12158,c1,289
12159,c5,402
12160,c5,224
12161,c5,93
12162,c1,1012
12163,c5,82
12164,c5,63
12165,c234,1033
12166,c1,126
12167,c1,698
12168,c5,56
12169,c234,179
12170,c1,797
12171,c1,401
12172,c5,134
12173,c234,169
12174,c5,12
12175,c1,278
12176,c1,266
12177,c1,349
12178,c5,182
12179,c1,1064
12180,c234,132
12181,c5,280
12182,c234,279
12183,c5,51
12184,c1,281
12185,c234,185
12186,c234,228
12187,c5,66
12188,c5,137
12189,c234,127
12190,c5,644
12191,c234,539
12192,c5,88
12193,c234,81
12194,c5,71
12195,c1,328
12196,c234,886
12197,c1,429
12198,c1,110
12199,c1,122
12200,c234,212
12201,c234,279
12202,c5,89
12203,c5,60
12204,c5,226
12205,c234,686
12206,c1,439
12207,c5,245
12208,c234,197
12209,c5,179
12210,c234,457
12211,c1,402
12212,c234,22
12213,c234,163
12214,c1,455
12215,c1,128
12216,c234,10
12217,c5,180
12218,c234,168
12219,c1,20
12220,c234,168
12221,c5,375
12222,c234,335
12223,c5,120
12224,c5,122
12225,c5,416
12226,c5,154
12227,c5,104
12228,c234,100
12229,c5,371
12230,c1,35
12231,c1,43
12232,c5,246
12233,c5,248
12234,c234,128
12235,c234,382
12236,c1,396
12237,c5,77
12238,c5,351
12239,c5,213
12240,c234,1809
12241,c5,123
12242,c5,65
12243,c5,133
12244,c1,118
12245,c5,119
12246,c5,778
12247,c5,216
12248,c1,91
12249,c234,167
12250,c1,122
12251,c1,2088
12252,c1,675
12253,c234,326
12254,c1,100
12255,c234,631
12256,c1,281
12257,c234,264
12258,c1,19
12259,c1,420
12260,c5,119
12261,c234,51
12262,c1,22
12263,c234,708
12264,c5,375
12265,c1,145
12266,c234,54
12267,c1,41
12268,c234,96
12269,c234,336
12270,c1,124
12271,c1,76
12272,c5,652
12273,c5,174
12274,c234,319
12275,c234,113
12276,c234,324
12277,c1,459
12278,c5,639
12279,c5,251
12280,c1,284
12281,c1,290
12282,c234,1163
12283,c1,67
12284,c5,162
12285,c1,34
12286,c1,236
12287,c234,250
12288,c1,531
12289,c5,93
12290,c1,336
12291,c234,298
12292,c234,207
12293,c1,374
12294,c234,251
12295,c1,330
12296,c234,565
12297,c1,131
12298,c5,126
12299,c5,28
12300,c5,249
12301,c5,157
12302,c234,160
12303,c1,470
12304,c5,32
12305,c234,73
12306,c1,221
12307,c1,81
12308,c5,23
12309,c234,54
12310,c1,1277
12311,c1,28
12312,c234,401
12313,c1,30
12314,c234,289
12315,c234,32
12316,c234,140
12317,c1,19
12318,c5,126
12319,c1,81
12320,c5,32
12321,c1,77
12322,c234,170
12323,c234,278
12324,c234,486
12325,c5,318
12326,c1,99
12327,c234,29
12328,c1,127
12329,c234,215
12330,c5,82
12331,c1,145
12332,c1,252
12333,c5,495
12334,c5,116
12335,c5,121
12336,c5,193
12337,c234,392
12338,c1,50
12339,c5,438
12340,c5,267
12341,c5,539
12342,c1,273
12343,c1,340
12344,c5,108
12345,c5,253
12346,c234,188
12347,c5,138
12348,c5,85
12349,c1,26
12350,c5,897
12351,c5,193
12352,c234,95
12353,c5,622
12354,c5,48
12355,c5,205
12356,c234,48
12357,c5,56
12358,c1,27
12359,c5,160
12360,c1,71
12361,c234,118
12362,c234,612
12363,c1,569
12364,c1,782
12365,c5,24
12366,c1,49
12367,c1,58
12368,c5,46
12369,c234,230
12370,c5,22
12371,c234,19
12372,c234,9
12373,c234,165
12374,c234,216
12375,c5,942
12376,c1,224
12377,c5,46
12378,c5,124
12379,c1,13
12380,c5,206
12381,c234,62
12382,c234,246
12383,c1,279
12384,c5,206
12385,c234,22
12386,c234,197
12387,c1,219
12388,c1,527
12389,c5,24
12390,c5,24
12391,c1,229
12392,c5,91
12393,c234,157
12394,c1,22
12395,c5,30
12396,c5,11
12397,c5,171
12398,c234,153
12399,c5,283
12400,c5,129
12401,c234,56
12402,c5,130
12403,c1,128
12404,c5,68
12405,c5,20
12406,c234,185
12407,c234,101
12408,c234,229
12409,c5,85
12410,c234,41
12411,c234,23
12412,c1,239
12413,c234,186
12414,c5,83
12415,c5,26
12416,c1,418
12417,c5,105
12418,c234,471
12419,c5,62
12420,c5,700
12421,c1,338
12422,c234,251
12423,c1,44
12424,c1,520
12425,c1,738
12426,c234,282
12427,c1,22
12428,c1,42
12429,c5,584
12430,c1,59
12431,c5,50
12432,c1,144
12433,c234,49
12434,c234,496
12435,c5,370
12436,c5,387
12437,c1,111
12438,c5,136
12439,c5,179
12440,c5,499
12441,c234,417
12442,c5,315
12443,c234,372
12444,c5,793
12445,c234,341
12446,c5,198
12447,c1,132
12448,c1,263
12449,c5,249
12450,c234,30
12451,c234,519
12452,c1,39
12453,c5,55
12454,c5,204
12455,c1,169
12456,c234,661
12457,c234,350
12458,c5,1035
12459,c1,454
12460,c1,534
12461,c5,81
12462,c5,368
12463,c234,141
12464,c234,531
12465,c5,152
12466,c5,44
12467,c1,175
12468,c1,137
12469,c5,387
12470,c234,104
12471,c1,124
12472,c234,81
12473,c1,294
12474,c1,90
12475,c1,62
12476,c5,63
12477,c5,228
12478,c1,292
12479,c1,198
12480,c5,32
12481,c5,329
12482,c234,309
12483,c5,62
12484,c1,38
12485,c1,319
12486,c234,25
12487,c5,51
12488,c1,423
12489,c234,83
12490,c1,491
12491,c5,56
12492,c234,154
12493,c5,212
12494,c5,249
12495,c234,113
12496,c5,79
12497,c5,143
12498,c1,282
12499,c5,241
12500,c1,279
12501,c234,80
12502,c1,112
12503,c234,689
12504,c234,372
12505,c1,170
12506,c1,43
12507,c234,85
12508,c5,20
12509,c234,102
12510,c5,65
12511,c234,245
12512,c1,195
12513,c1,53
12514,c234,58
12515,c234,334
12516,c5,53
12517,c1,186
12518,c1,313
12519,c5,93
12520,c1,246
12521,c234,124
12522,c1,163
12523,c5,607
12524,c234,103
12525,c5,41
12526,c5,292
12527,c5,79
12528,c234,392
12529,c1,282
12530,c234,81
12531,c234,353
12532,c5,22
12533,c1,66
12534,c5,15
12535,c234,190
12536,c1,129
12537,c5,332
12538,c1,96
12539,c234,44
12540,c234,39
12541,c234,219
12542,c1,153
12543,c1,8
12544,c234,299
12545,c234,339
12546,c5,216
12547,c1,415
12548,c1,79
12549,c234,155
12550,c5,170
12551,c234,111
12552,c234,112
12553,c1,296
12554,c234,64
12555,c234,128
12556,c1,558
12557,c5,953
12558,c1,162
12559,c234,430
12560,c234,210
12561,c1,303
12562,c234,336
12563,c1,243
12564,c234,548
12565,c234,361
12566,c1,98
12567,c234,21
12568,c1,172
12569,c234,96
12570,c1,296
12571,c234,469
12572,c5,217
12573,c234,596
12574,c5,221
12575,c234,57
12576,c5,386
12577,c1,74
12578,c1,268
12579,c234,60
12580,c5,175
12581,c234,335
12582,c5,258
12583,c234,163
12584,c234,67
12585,c5,66
12586,c1,150
12587,c5,318
12588,c234,261
12589,c1,72
12590,c5,129
12591,c5,255
12592,c1,20
12593,c5,193
12594,c234,421
12595,c234,294
12596,c234,342
12597,c1,111
12598,c234,114
12599,c234,421
12600,c5,163
12601,c5,153
12602,c1,83
12603,c234,119
12604,c1,28
12605,c5,496
12606,c234,96
12607,c234,293
12608,c1,69
12609,c1,391
12610,c234,867
12611,c5,84
12612,c5,251
12613,c5,63
12614,c5,205
12615,c234,10
12616,c5,468
12617,c5,1010
12618,c5,60
12619,c5,150
12620,c234,223
12621,c5,87
12622,c234,294
12623,c5,124
12624,c5,39
12625,c1,55
12626,c1,216
12627,c5,43
12628,c5,147
12629,c1,192
12630,c1,382
12631,c234,133
12632,c1,159
12633,c5,124
12634,c5,137
12635,c234,281
12636,c5,53
12637,c1,19
12638,c5,402
12639,c234,141
12640,c1,153
12641,c234,70
12642,c1,372
12643,c5,407
12644,c5,337
12645,c5,81
12646,c1,541
12647,c5,169
12648,c5,424
12649,c5,124
12650,c234,25
12651,c5,616
12652,c1,454
12653,c5,44
12654,c234,161
12655,c1,411
12656,c1,201
12657,c5,33
12658,c1,236
12659,c234,342
12660,c234,134
12661,c5,284
12662,c1,65
12663,c1,42
12664,c5,40
12665,c1,54
12666,c234,32
12667,c5,113
12668,c234,54
12669,c5,114
12670,c5,172
12671,c234,276
12672,c5,308
12673,c5,970
12674,c5,419
12675,c5,256
12676,c234,210
12677,c5,135
12678,c5,602
12679,c5,74
12680,c5,34
12681,c5,179
12682,c5,171
12683,c5,264
12684,c5,164
12685,c234,226
12686,c5,104
12687,c5,24
12688,c5,637
12689,c5,135
12690,c234,112
12691,c1,179
12692,c1,281
12693,c234,639
12694,c234,69
12695,c1,30
12696,c1,247
12697,c5,109
12698,c234,427
12699,c5,597
12700,c5,128
12701,c1,162
12702,c5,93
12703,c5,76
12704,c1,75
12705,c5,270
12706,c234,132
12707,c1,1165
12708,c234,93
12709,c1,458
12710,c234,511
12711,c5,68
12712,c1,55
12713,c5,46
12714,c5,862
12715,c5,100
12716,c1,60
12717,c5,301
12718,c1,52
12719,c234,24
12720,c234,88
12721,c5,337
12722,c5,411
12723,c234,159
12724,c234,87
12725,c5,18
12726,c234,187
12727,c5,303
12728,c234,161
12729,c5,40
12730,c1,126
12731,c1,30
12732,c5,13
12733,c5,494
12734,c234,401
12735,c1,116
12736,c234,56
12737,c234,270
12738,c234,218
12739,c234,81
12740,c234,431
12741,c234,501
12742,c234,51
12743,c5,618
12744,c5,145
12745,c5,209
12746,c234,178
12747,c5,387
12748,c1,437
12749,c5,371
12750,c5,89
12751,c5,50
12752,c5,52
12753,c5,762
12754,c5,49
12755,c234,520
12756,c1,389
12757,c234,64
12758,c234,1849
12759,c1,96
12760,c1,338
12761,c234,183
12762,c234,82
12763,c1,159
12764,c234,391
12765,c1,94
12766,c5,339
12767,c5,256
12768,c1,174
12769,c1,428
12770,c234,54
12771,c1,746
12772,c234,65
12773,c1,189
12774,c1,158
12775,c1,203
12776,c5,377
12777,c1,418
12778,c5,46
12779,c5,89
12780,c234,213
12781,c5,109
12782,c5,201
12783,c1,352
12784,c5,209
12785,c1,218
12786,c234,196
12787,c1,179
12788,c1,17
12789,c234,98
12790,c1,76
12791,c1,202
12792,c1,73
12793,c1,120
12794,c5,137
12795,c234,382
12796,c5,917
12797,c234,57
12798,c1,81
12799,c234,175
12800,c5,44
12801,c1,22
12802,c1,222
12803,c5,226
12804,c1,153
12805,c5,289
12806,c5,1104
12807,c5,15
12808,c1,128
12809,c1,30
12810,c5,61
12811,c1,178
12812,c5,120
12813,c5,157
12814,c1,261
12815,c234,393
12816,c234,127
12817,c1,218
12818,c1,224
12819,c5,427
12820,c1,186
12821,c234,1678
12822,c1,413
12823,c234,375
12824,c1,260
12825,c5,403
12826,c1,769
12827,c5,153
12828,c5,541
12829,c234,122
12830,c1,345
12831,c234,176
12832,c234,45
12833,c234,57
12834,c234,96
12835,c1,84
12836,c234,260
12837,c5,97
12838,c5,63
12839,c5,166
12840,c5,133
12841,c5,119
12842,c234,143
12843,c1,151
12844,c5,220
12845,c1,106
12846,c5,23
12847,c234,96
12848,c1,968
12849,c5,243
12850,c5,288
12851,c234,175
12852,c1,174
12853,c1,159
12854,c5,1819
12855,c234,726
12856,c5,179
12857,c234,282
12858,c5,210
12859,c1,204
12860,c234,209
12861,c234,608
12862,c234,77
12863,c234,233
12864,c5,367
12865,c5,202
12866,c1,303
12867,c5,118
12868,c234,121
12869,c1,137
12870,c5,242
12871,c5,39
12872,c1,500
12873,c5,110
12874,c234,702
12875,c1,60
12876,c5,324
12877,c234,79
12878,c234,289
12879,c1,30
12880,c234,32
12881,c1,780
12882,c1,220
12883,c234,85
12884,c5,82
12885,c234,670
12886,c5,113
12887,c5,145
12888,c5,318
12889,c1,99
12890,c234,123
12891,c234,91
12892,c234,42
12893,c234,199
12894,c5,286
12895,c234,272
12896,c1,102
12897,c5,178
12898,c1,273
12899,c5,565
12900,c1,476
12901,c5,218
12902,c234,717
12903,c1,107
12904,c5,286
12905,c5,25
12906,c5,159
12907,c234,125
12908,c234,100
12909,c1,336
12910,c5,300
12911,c234,125
12912,c1,374
12913,c1,149
12914,c5,195
12915,c1,263
12916,c5,779
12917,c5,1370
12918,c5,262
12919,c1,244
12920,c5,33
12921,c5,370
12922,c1,681
12923,c1,1680
12924,c234,33
12925,c234,259
12926,c1,340
12927,c5,46
12928,c234,219
12929,c1,291
12930,c1,414
12931,c1,645
12932,c1,258
12933,c234,216
12934,c1,78
12935,c5,118
12936,c234,91
12937,c5,81
12938,c234,170
12939,c1,65
12940,c234,127
12941,c234,63
12942,c234,70
12943,c5,366
12944,c1,527
12945,c234,152
12946,c234,308
12947,c234,297
12948,c5,275
12949,c5,276
12950,c1,359
12951,c234,381
12952,c234,464
12953,c5,55
12954,c1,355
12955,c1,86
12956,c234,167
12957,c5,162
12958,c1,97
12959,c5,185
12960,c1,290
12961,c5,605
12962,c1,111
12963,c5,90
12964,c1,232
12965,c1,471
12966,c234,295
12967,c5,462
12968,c1,290
12969,c234,126
12970,c5,144
12971,c1,440
12972,c1,391
12973,c234,244
12974,c1,46
12975,c1,172
12976,c5,37
12977,c5,330
12978,c234,31
12979,c1,199
12980,c5,63
12981,c234,264
12982,c1,510
12983,c234,462
12984,c5,108
12985,c1,320
12986,c234,77
12987,c5,183
12988,c234,97
12989,c5,158
12990,c1,58
12991,c234,108
12992,c1,354
12993,c1,473
12994,c1,142
12995,c1,220
12996,c5,736
12997,c1,53
12998,c5,156
12999,c5,31
13000,c1,597
13001,c234,154
13002,c1,33
13003,c1,35
13004,c5,77
13005,c1,12
13006,c5,26
13007,c234,260
13008,c5,17
13009,c5,223
13010,c1,52
13011,c234,404
13012,c234,204
13013,c5,1049
13014,c234,262
13015,c234,51
13016,c1,178
13017,c234,360
13018,c5,178
13019,c5,189
13020,c1,293
13021,c234,294
13022,c1,587
13023,c5,829
13024,c1,116
13025,c1,188
13026,c5,137
13027,c234,142
13028,c1,58
13029,c1,24
13030,c5,233
13031,c5,449
13032,c234,670
13033,c234,47
13034,c234,82
13035,c5,254
13036,c234,356
13037,c5,253
13038,c5,8
13039,c5,326
13040,c5,232
13041,c5,386
13042,c234,443
13043,c1,40
13044,c234,49
13045,c234,324
13046,c5,42
13047,c5,115
13048,c234,192
13049,c5,133
13050,c1,126
13051,c5,45
13052,c234,133
13053,c5,106
13054,c5,118
13055,c234,161
13056,c234,258
13057,c5,193
13058,c1,312
13059,c234,3103
13060,c234,334
13061,c5,169
13062,c5,166
13063,c234,170
13064,c1,205
13065,c1,126
13066,c1,231
13067,c234,145
13068,c234,30
13069,c1,121
13070,c1,472
13071,c234,242
13072,c234,459
13073,c234,82
13074,c1,470
13075,c234,513
13076,c1,229
13077,c5,52
13078,c5,43
13079,c5,99
13080,c234,31
13081,c5,304
13082,c5,332
13083,c234,122
13084,c1,148
13085,c5,691
13086,c1,627
13087,c234,551
13088,c234,25
13089,c1,10
13090,c1,73
13091,c234,176
13092,c5,216
13093,c1,137
13094,c234,60
13095,c234,124
13096,c234,220
13097,c234,1519
13098,c234,648
13099,c1,548
13100,c1,28
13101,c1,282
13102,c5,501
13103,c1,356
13104,c5,337
13105,c1,81
13106,c234,248
13107,c1,168
13108,c5,254
13109,c234,181
13110,c1,132
13111,c5,482
13112,c234,459
13113,c234,207
13114,c234,310
13115,c5,159
13116,c5,729
13117,c234,773
13118,c5,171
13119,c5,70
13120,c5,110
13121,c234,898
13122,c5,203
13123,c234,197
13124,c5,77
13125,c234,175
13126,c5,584
13127,c234,185
13128,c5,70
13129,c5,89
13130,c5,311
13131,c5,136
13132,c5,176
13133,c5,256
13134,c234,703
13135,c1,105
13136,c5,310
13137,c5,489
13138,c5,77
13139,c234,709
13140,c234,509
13141,c1,356
13142,c234,46
13143,c5,121
13144,c1,132
13145,c5,104
13146,c5,348
13147,c234,398
13148,c5,426
13149,c234,125
13150,c1,439
13151,c234,461
13152,c1,47
13153,c1,94
13154,c234,37
13155,c1,176
13156,c1,443
13157,c5,114
13158,c234,138
13159,c1,84
13160,c1,172
13161,c5,94
13162,c1,394
13163,c1,216
13164,c5,9
13165,c234,597
13166,c5,103
13167,c1,137
13168,c5,527
13169,c1,673
13170,c1,194
13171,c1,493
13172,c1,267
13173,c1,81
13174,c5,41
13175,c234,134
13176,c1,260
13177,c5,52
13178,c234,365
13179,c5,116
13180,c1,401
13181,c234,718
13182,c234,324
13183,c1,53
13184,c5,27
13185,c1,57
13186,c1,382
13187,c234,68
13188,c5,126
13189,c5,51
13190,c5,257
13191,c234,316
13192,c234,208
13193,c234,32
13194,c5,136
13195,c234,30
13196,c234,1143
13197,c5,30
13198,c5,284
13199,c5,155
13200,c234,68
13201,c1,343
13202,c234,369
13203,c1,39
13204,c5,88
13205,c5,140
13206,c234,290
13207,c1,98
13208,c5,64
13209,c1,447
13210,c1,287
13211,c1,284
13212,c5,346
13213,c234,65
13214,c5,13
13215,c234,44
13216,c5,95
13217,c234,292
13218,c5,148
13219,c5,91
13220,c1,125
13221,c234,181
13222,c1,247
13223,c234,266
13224,c234,240
13225,c5,43
13226,c234,273
13227,c1,140
13228,c234,12
13229,c1,107
13230,c1,243
13231,c5,78
13232,c5,301
13233,c5,180
13234,c234,216
13235,c5,279
13236,c234,33
13237,c1,263
13238,c1,712
13239,c1,1045
13240,c5,15
13241,c5,364
13242,c234,59
13243,c1,25
13244,c1,803
13245,c1,331
13246,c234,32
13247,c5,138
13248,c234,183
13249,c1,36
13250,c1,150
13251,c1,492
13252,c5,16
13253,c5,23
13254,c5,39
13255,c1,92
13256,c234,157
13257,c5,54
13258,c234,184
13259,c1,649
13260,c5,150
13261,c1,355
13262,c1,287
13263,c1,513
13264,c1,135
13265,c1,82
13266,c5,104
13267,c5,56
13268,c5,354
13269,c1,793
13270,c234,214
13271,c5,63
13272,c5,371
13273,c5,35
13274,c234,112
13275,c5,296
13276,c5,698
13277,c5,236
13278,c1,262
13279,c5,9
13280,c1,32
13281,c234,526
13282,c5,418
13283,c1,28
13284,c5,169
13285,c234,41
13286,c5,241
13287,c234,328
13288,c1,92
13289,c234,74
13290,c5,251
13291,c5,189
13292,c234,449
13293,c5,723
13294,c234,66
13295,c5,183
13296,c5,1601
13297,c234,83
13298,c5,199
13299,c234,84
13300,c5,529
13301,c5,21
13302,c234,8
13303,c234,150
13304,c5,63
13305,c5,179
13306,c234,51
13307,c1,53
13308,c5,1578
13309,c5,149
13310,c5,150
13311,c1,98
13312,c1,1238
13313,c5,347
13314,c1,366
13315,c234,285
13316,c5,190
13317,c234,524
13318,c1,184
13319,c5,65
13320,c1,102
13321,c1,80
13322,c5,602
13323,c1,514
13324,c5,141
13325,c5,56
13326,c234,323
13327,c1,97
13328,c234,317
13329,c1,100
13330,c1,441
13331,c234,34
13332,c234,291
13333,c5,139
13334,c5,223
13335,c234,511
13336,c1,2278
13337,c1,49
13338,c5,84
13339,c1,44
13340,c5,134
13341,c1,1319
13342,c5,101
13343,c5,200
13344,c5,321
13345,c234,254
13346,c5,27
13347,c5,146
13348,c234,717
13349,c234,224
13350,c1,97
13351,c234,42
13352,c234,162
13353,c234,43
13354,c1,196
13355,c5,108
13356,c5,68
13357,c5,291
13358,c1,114
13359,c5,76
13360,c234,79
13361,c234,572
13362,c234,1019
13363,c234,151
13364,c1,139
13365,c5,91
13366,c1,278
13367,c234,240
13368,c5,151
13369,c5,248
13370,c1,330
13371,c1,630
13372,c234,414
13373,c234,213
13374,c5,370
13375,c234,22
13376,c5,63
13377,c5,11
13378,c234,449
13379,c1,31
13380,c234,421
13381,c234,119
13382,c234,130
13383,c5,220
13384,c234,422
13385,c5,155
13386,c5,63
13387,c234,272
13388,c234,327
13389,c5,344
13390,c234,311
13391,c1,359
13392,c5,100
13393,c5,232
13394,c234,531
13395,c1,180
13396,c5,343
13397,c1,72
13398,c1,299
13399,c5,157
13400,c234,396
13401,c5,269
13402,c234,54
13403,c234,345
13404,c5,25
13405,c5,645
13406,c5,164
13407,c1,200
13408,c5,278
13409,c234,345
13410,c234,262
13411,c1,203
13412,c234,9
13413,c5,65
13414,c5,109
13415,c234,367
13416,c5,294
13417,c1,65
13418,c1,751
13419,c234,512
13420,c234,28
13421,c234,23
13422,c1,232
13423,c5,33
13424,c234,349
13425,c5,163
13426,c1,147
13427,c5,71
13428,c1,624
13429,c1,244
13430,c1,689
13431,c234,126
13432,c234,245
13433,c1,76
13434,c234,554
13435,c1,79
13436,c5,10
13437,c234,82
13438,c234,218
13439,c5,168
13440,c234,230
13441,c5,6
13442,c234,665
13443,c234,28
13444,c5,113
13445,c234,82
13446,c5,2942
13447,c5,76
13448,c1,117
13449,c1,48
13450,c5,1343
13451,c234,467
13452,c5,50
13453,c234,356
13454,c234,406
13455,c234,118
13456,c234,122
13457,c5,100
13458,c5,270
13459,c5,103
13460,c234,811
13461,c5,213
13462,c234,104
13463,c234,65
13464,c234,290
13465,c5,135
13466,c5,191
13467,c5,159
13468,c234,70
13469,c234,343
13470,c1,29
13471,c5,350
13472,c5,1235
13473,c5,77
13474,c1,363
13475,c5,25
13476,c234,447
13477,c234,101
13478,c5,63
13479,c5,141
13480,c5,263
13481,c5,178
13482,c234,397
13483,c5,40
13484,c5,33
13485,c5,955
13486,c5,99
13487,c1,216
13488,c1,85
13489,c234,100
13490,c5,74
13491,c1,32
13492,c1,547
13493,c234,44
13494,c1,138
13495,c5,23
13496,c234,272
13497,c234,44
13498,c234,153
13499,c234,9
13500,c234,648
13501,c5,88
13502,c234,352
13503,c5,43
13504,c1,244
13505,c234,55
13506,c5,64
13507,c5,311
13508,c1,299
13509,c5,253
13510,c234,413
13511,c234,198
13512,c234,30
13513,c1,98
13514,c1,402
13515,c1,671
13516,c1,488
13517,c234,134
13518,c234,368
13519,c234,511
13520,c234,463
13521,c5,104
13522,c1,223
13523,c1,55
13524,c1,718
13525,c234,82
13526,c234,388
13527,c5,240
13528,c5,443
13529,c5,81
13530,c5,53
13531,c234,255
13532,c5,413
13533,c234,81
13534,c5,407
13535,c5,246
13536,c5,237
13537,c1,442
13538,c5,127
13539,c5,264
13540,c5,396
13541,c5,1004
13542,c5,102
13543,c1,260
13544,c234,81
13545,c234,255
13546,c234,169
13547,c5,194
13548,c1,222
13549,c5,263
13550,c5,57
13551,c5,235
13552,c234,88
13553,c5,244
13554,c5,31
13555,c5,292
13556,c234,81
13557,c234,480
13558,c5,178
13559,c234,87
13560,c234,188
13561,c234,322
13562,c234,100
13563,c234,760
13564,c1,284
13565,c1,82
13566,c1,146
13567,c5,798
13568,c234,226
13569,c234,696
13570,c234,217
13571,c1,121
13572,c1,450
13573,c234,116
13574,c5,184
13575,c1,174
13576,c234,279
13577,c234,670
13578,c234,341
13579,c1,117
13580,c234,116
13581,c1,101
13582,c234,57
13583,c5,166
13584,c1,311
13585,c234,306
13586,c5,537
13587,c5,220
13588,c234,130
13589,c234,344
13590,c5,110
13591,c234,407
13592,c5,61
13593,c234,279
13594,c5,44
13595,c5,44
13596,c5,49
13597,c5,436
13598,c1,66
13599,c234,112
13600,c1,52
13601,c5,29
13602,c5,294
13603,c1,513
13604,c1,242
13605,c234,73
13606,c234,54
13607,c1,231
13608,c5,232
13609,c1,52
13610,c234,83
13611,c234,101
13612,c5,406
13613,c5,66
13614,c1,43
13615,c234,87
13616,c234,265
13617,c5,41
13618,c234,119
13619,c5,236
13620,c234,1092
13621,c1,196
13622,c5,213
13623,c234,250
13624,c1,36
13625,c234,224
13626,c5,72
13627,c5,75
13628,c5,159
13629,c234,259
13630,c5,51
13631,c5,171
13632,c234,265
13633,c1,248
13634,c1,109
13635,c1,118
13636,c234,236
13637,c5,222
13638,c234,269
13639,c5,232
13640,c5,60
13641,c234,425
13642,c1,111
13643,c5,51
13644,c1,245
13645,c1,1611
13646,c1,468
13647,c234,243
13648,c234,177
13649,c1,401
13650,c5,126
13651,c5,296
13652,c1,449
13653,c1,130
13654,c5,156
13655,c234,690
13656,c1,125
13657,c234,248
13658,c5,227
13659,c5,177
13660,c5,312
13661,c1,222
13662,c234,92
13663,c5,873
13664,c5,98
13665,c234,437
13666,c1,137
13667,c5,342
13668,c5,44
13669,c234,367
13670,c1,41
13671,c234,167
13672,c1,347
13673,c5,549
13674,c234,66
13675,c5,112
13676,c5,34
13677,c1,363
13678,c5,339
13679,c234,650
13680,c234,391
13681,c5,70
13682,c1,46
13683,c234,225
13684,c1,573
13685,c1,780
13686,c1,715
13687,c234,85
13688,c1,202
13689,c234,89
13690,c5,12
13691,c234,31
13692,c234,320
13693,c5,167
13694,c234,453
13695,c234,295
13696,c5,351
13697,c5,206
13698,c1,71
13699,c1,341
13700,c5,69
13701,c5,310
13702,c1,307
13703,c1,164
13704,c234,935
13705,c5,325
13706,c234,481
13707,c5,103
13708,c1,715
13709,c5,658
13710,c1,481
13711,c5,207
13712,c5,194
13713,c234,150
13714,c234,290
13715,c1,505
13716,c5,93
13717,c5,82
13718,c1,48
13719,c1,365
13720,c5,40
13721,c1,431
13722,c5,653
13723,c5,442
13724,c1,325
13725,c1,91
13726,c5,135
13727,c5,119
13728,c234,122
13729,c5,81
13730,c1,104
13731,c5,619
13732,c5,52
13733,c1,124
13734,c234,85
13735,c5,95
13736,c1,195
13737,c5,101
13738,c234,136
13739,c234,492
13740,c5,80
13741,c234,673
13742,c1,621
13743,c5,188
13744,c234,133
13745,c1,230
13746,c1,444
13747,c5,207
13748,c234,143
13749,c5,217
13750,c234,54
13751,c1,290
13752,c234,157
13753,c5,130
13754,c1,282
13755,c5,341
13756,c1,148
13757,c234,95
13758,c234,331
13759,c234,287
13760,c5,62
13761,c234,204
13762,c234,113
13763,c1,82
13764,c1,93
13765,c1,98
13766,c1,168
13767,c5,389
13768,c5,246
13769,c234,60
13770,c234,317
13771,c234,365
13772,c234,127
13773,c234,362
13774,c5,531
13775,c1,90
13776,c234,170
13777,c234,28
13778,c1,241
13779,c5,140
13780,c1,337
13781,c234,282
13782,c5,118
13783,c234,598
13784,c1,128
13785,c234,6
13786,c1,398
13787,c234,133
13788,c1,79
13789,c5,39
13790,c234,364
13791,c5,8
13792,c234,334
13793,c234,161
13794,c5,61
13795,c1,296
13796,c1,205
13797,c5,238
13798,c1,113
13799,c5,183
13800,c5,538
13801,c234,292
13802,c234,299
13803,c1,869
13804,c1,45
13805,c234,208
13806,c1,204
13807,c5,69
13808,c1,1044
13809,c1,99
13810,c5,144
13811,c234,195
13812,c234,26
13813,c1,157
13814,c5,133
13815,c5,72
13816,c5,81
13817,c5,339
13818,c1,19
13819,c234,436
13820,c5,262
13821,c1,233
13822,c234,237
13823,c5,59
13824,c234,298
13825,c234,256
13826,c234,170
13827,c1,919
13828,c5,147
13829,c1,27
13830,c1,166
13831,c1,249
13832,c234,54
13833,c5,5
13834,c1,374
13835,c5,414
13836,c5,43
13837,c5,221
13838,c5,323
13839,c1,290
13840,c5,236
13841,c1,72
13842,c1,149
13843,c5,849
13844,c5,299
13845,c234,20
13846,c1,159
13847,c234,119
13848,c5,46
13849,c234,74
13850,c5,48
13851,c234,46
13852,c5,290
13853,c1,359
13854,c234,765
13855,c234,111
13856,c1,163
13857,c1,96
13858,c1,312
13859,c234,67
13860,c5,737
13861,c234,140
13862,c5,432
13863,c5,251
13864,c1,881
13865,c5,55
13866,c5,244
13867,c5,148
13868,c5,290
13869,c5,351
13870,c5,514
13871,c234,401
13872,c1,597
13873,c234,34
13874,c1,351
13875,c5,255
13876,c1,18
13877,c5,258
13878,c234,211
13879,c1,81
13880,c5,758
13881,c5,51
13882,c5,395
13883,c5,79
13884,c234,335
13885,c234,159
13886,c1,554
13887,c5,720
13888,c5,55
13889,c5,225
13890,c5,132
13891,c234,263
13892,c234,388
13893,c5,299
13894,c1,37
13895,c1,1060
13896,c1,403
13897,c5,204
13898,c5,35
13899,c234,337
13900,c234,225
13901,c234,32
13902,c234,48
13903,c1,97
13904,c234,228
13905,c234,43
13906,c1,46
13907,c1,417
13908,c5,406
13909,c234,29
13910,c5,674
13911,c234,212
13912,c234,53
13913,c5,865
13914,c5,44
13915,c1,406
13916,c5,178
13917,c234,52
13918,c1,160
13919,c234,362
13920,c5,209
13921,c1,33
13922,c5,51
13923,c5,138
13924,c1,287
13925,c5,494
13926,c5,130
13927,c5,444
13928,c1,182
13929,c5,147
13930,c234,46
13931,c1,418
13932,c1,96
13933,c234,108
13934,c234,67
13935,c234,80
13936,c5,210
13937,c5,35
13938,c234,81
13939,c5,290
13940,c1,52
13941,c234,160
13942,c1,397
13943,c234,454
13944,c5,513
13945,c5,62
13946,c1,459
13947,c1,1054
13948,c5,53
13949,c1,111
13950,c5,79
13951,c1,115
13952,c5,469
13953,c5,438
13954,c234,537
13955,c5,18
13956,c1,213
13957,c1,618
13958,c1,88
13959,c1,428
13960,c1,104
13961,c5,119
13962,c1,42
13963,c1,217
13964,c5,179
13965,c1,248
13966,c5,713
13967,c5,39
13968,c234,224
13969,c234,402
13970,c234,109
13971,c5,91
13972,c5,85
13973,c1,94
13974,c234,1793
13975,c234,355
13976,c234,72
13977,c1,290
13978,c1,99
13979,c1,39
13980,c234,78
13981,c234,61
13982,c1,125
13983,c234,165
13984,c5,223
13985,c234,397
13986,c234,24
13987,c234,63
13988,c5,292
13989,c5,758
13990,c1,91
13991,c234,51
13992,c5,86
13993,c1,217
13994,c234,31
13995,c5,156
13996,c234,238
13997,c234,275
13998,c1,553
13999,c5,76
14000,c5,287
14001,c5,298
14002,c1,44
14003,c234,81
14004,c234,614
14005,c234,1359
14006,c5,546
14007,c234,163
14008,c234,91
14009,c1,123
14010,c234,69
14011,c1,458
14012,c5,285
14013,c5,167
14014,c234,289
14015,c234,58
14016,c1,508
14017,c234,201
14018,c234,457
14019,c1,285
14020,c234,228
14021,c1,363
14022,c5,517
14023,c5,122
14024,c1,46
14025,c5,174
14026,c234,179
14027,c5,357
14028,c5,37
14029,c234,148
14030,c234,1559
14031,c1,165
14032,c234,306
14033,c234,27
14034,c1,608
14035,c1,117
14036,c1,188
14037,c5,229
14038,c234,44
14039,c5,9
14040,c5,106
14041,c1,43
14042,c1,254
14043,c5,138
14044,c234,171
14045,c1,50
14046,c5,330
14047,c234,377
14048,c1,560
14049,c234,301
14050,c5,88
14051,c234,47
14052,c1,585
14053,c1,487
14054,c5,136
14055,c1,320
14056,c5,288
14057,c234,8
14058,c1,255
14059,c234,234
14060,c1,227
14061,c234,48
14062,c5,332
14063,c1,133
14064,c5,63
14065,c234,571
14066,c1,300
14067,c1,43
14068,c234,160
14069,c1,722
14070,c1,185
14071,c5,52
14072,c234,77
14073,c234,322
14074,c234,252
14075,c1,533
14076,c1,188
14077,c1,145
14078,c5,244
14079,c1,418
14080,c5,402
14081,c1,143
14082,c5,135
14083,c5,350
14084,c5,112
14085,c234,34
14086,c1,120
14087,c1,285
14088,c5,131
14089,c1,34
14090,c5,336
14091,c1,566
14092,c5,94
14093,c5,125
14094,c234,223
14095,c234,323
14096,c1,132
14097,c1,662
14098,c5,1241
14099,c5,24
14100,c5,173
14101,c234,53
14102,c234,46
14103,c1,158
14104,c234,146
14105,c1,194
14106,c1,576
14107,c234,126
14108,c1,239
14109,c1,66
14110,c234,290
14111,c5,39
14112,c5,193
14113,c234,89
14114,c5,65
14115,c234,470
14116,c5,171
14117,c5,559
14118,c5,304
14119,c234,42
14120,c5,412
14121,c234,115
14122,c234,56
14123,c5,441
14124,c5,283
14125,c1,247
14126,c1,303
14127,c234,110
14128,c234,60
14129,c1,247
14130,c234,110
14131,c5,184
14132,c5,33
14133,c5,36
14134,c234,389
14135,c5,107
14136,c5,36
14137,c5,248
14138,c1,577
14139,c1,149
14140,c234,53
14141,c1,130
14142,c234,43
14143,c234,153
14144,c234,169
14145,c234,962
14146,c234,222
14147,c234,594
14148,c5,153
14149,c1,88
14150,c234,396
14151,c5,168
14152,c1,390
14153,c1,253
14154,c1,33
14155,c1,88
14156,c1,149
14157,c234,98
14158,c234,101
14159,c1,59
14160,c234,311
14161,c234,59
14162,c1,246
14163,c1,224
14164,c5,266
14165,c5,220
14166,c234,237
14167,c234,180
14168,c1,125
14169,c234,571
14170,c1,159
14171,c1,253
14172,c234,118
14173,c5,441
14174,c1,46
14175,c1,220
14176,c1,178
14177,c5,199
14178,c234,423
14179,c5,66
14180,c1,268
14181,c5,32
14182,c5,156
14183,c1,81
14184,c5,43
14185,c234,360
14186,c234,168
14187,c234,8
14188,c1,240
14189,c5,99
14190,c1,370
14191,c234,367
14192,c234,84
14193,c1,132
14194,c5,136
14195,c1,44
14196,c234,1182
14197,c1,193
14198,c1,143
14199,c1,25
14200,c1,263
14201,c234,73
14202,c1,47
14203,c5,150
14204,c5,39
14205,c1,66
14206,c5,28
14207,c1,153
14208,c5,157
14209,c234,404
14210,c1,77
14211,c1,857
14212,c1,632
14213,c1,51
14214,c5,109
14215,c5,56
14216,c234,42
14217,c5,138
14218,c5,220
14219,c1,287
14220,c234,205
14221,c1,104
14222,c234,436
14223,c1,83
14224,c234,224
14225,c1,47
14226,c234,296
14227,c5,372
14228,c1,421
14229,c5,521
14230,c234,85
14231,c234,446
14232,c1,328
14233,c5,41
14234,c1,266
14235,c234,131
14236,c234,94
14237,c5,183
14238,c1,407
14239,c5,315
14240,c5,532
14241,c234,376
14242,c234,315
14243,c1,27
14244,c5,312
14245,c5,61
14246,c5,68
14247,c1,105
14248,c5,159
14249,c5,64
14250,c234,137
14251,c234,277
14252,c1,683
14253,c1,596
14254,c5,169
14255,c1,280
14256,c234,168
14257,c234,440
14258,c1,240
14259,c1,82
14260,c1,62
14261,c1,1005
14262,c234,397
14263,c1,207
14264,c234,348
14265,c1,105
14266,c1,202
14267,c5,343
14268,c5,1056
14269,c1,577
14270,c5,44
14271,c1,39
14272,c1,626
14273,c234,156
14274,c5,81
14275,c5,40
14276,c1,85
14277,c5,37
14278,c1,241
14279,c234,129
14280,c5,591
14281,c5,303
14282,c234,1085
14283,c234,583
14284,c5,127
14285,c5,344
14286,c5,31
14287,c5,34
14288,c234,423
14289,c5,147
14290,c5,145
14291,c5,475
14292,c1,26
14293,c1,282
14294,c5,95
14295,c234,23
14296,c234,143
14297,c1,479
14298,c234,292
14299,c234,726
14300,c234,430
14301,c234,125
14302,c5,31
14303,c1,172
14304,c234,117
14305,c234,444
14306,c1,314
14307,c234,1832
14308,c1,1767
14309,c234,114
14310,c234,97
14311,c5,338
14312,c5,195
14313,c234,92
14314,c1,229
14315,c234,143
14316,c1,34
14317,c5,72
14318,c234,110
14319,c5,296
14320,c234,166
14321,c5,5
14322,c234,1507
14323,c234,15
14324,c234,112
14325,c1,44
14326,c5,109
14327,c5,628
14328,c1,66
14329,c1,262
14330,c234,396
14331,c5,88
14332,c234,336
14333,c1,405
14334,c1,441
14335,c5,128
14336,c1,763
14337,c5,106
14338,c234,1197
14339,c5,112
14340,c1,154
14341,c5,162
14342,c234,457
14343,c1,395
14344,c234,2881
14345,c1,121
14346,c234,155
14347,c234,313
14348,c1,256
14349,c234,186
14350,c1,85
14351,c5,275
14352,c5,98
14353,c5,800
14354,c5,705
14355,c234,811
14356,c1,600
14357,c234,466
14358,c234,142
14359,c234,117
14360,c5,170
14361,c5,118
14362,c1,56
14363,c234,229
14364,c1,12
14365,c5,127
14366,c5,126
14367,c234,195
14368,c5,142
14369,c5,506
14370,c1,419
14371,c234,60
14372,c1,62
14373,c1,81
14374,c234,470
14375,c234,125
14376,c1,321
14377,c5,111
14378,c5,153
14379,c5,706
14380,c5,520
14381,c5,237
14382,c5,781
14383,c5,171
14384,c234,878
14385,c5,175
14386,c1,145
14387,c234,708
14388,c234,165
14389,c5,364
14390,c1,289
14391,c1,868
14392,c234,425
14393,c5,113
14394,c1,88
14395,c234,90
14396,c1,385
14397,c5,35
14398,c5,279
14399,c1,640
14400,c234,93
14401,c5,157
14402,c234,401
14403,c5,109
14404,c234,47
14405,c1,49
14406,c5,158
14407,c1,137
14408,c5,388
14409,c1,96
14410,c234,279
14411,c234,759
14412,c234,391
14413,c1,403
14414,c1,189
14415,c5,206
14416,c5,267
14417,c5,216
14418,c1,212
14419,c5,232
14420,c5,369
14421,c5,147
14422,c234,169
14423,c1,134
14424,c1,157
14425,c234,220
14426,c1,102
14427,c234,160
14428,c5,418
14429,c1,182
14430,c5,261
14431,c1,171
14432,c1,290
14433,c5,40
14434,c5,127
14435,c234,1095
14436,c1,262
14437,c5,73
14438,c5,154
14439,c234,657
14440,c1,141
14441,c5,236
14442,c234,123
14443,c5,68
14444,c234,169
14445,c5,289
14446,c1,170
14447,c1,368
14448,c1,175
14449,c234,169
14450,c1,48
14451,c1,189
14452,c5,111
14453,c234,357
14454,c1,53
14455,c234,539
14456,c5,181
14457,c1,40
14458,c234,52
14459,c234,318
14460,c1,344
14461,c5,141
14462,c234,193
14463,c234,709
14464,c1,15
14465,c1,381
14466,c5,263
14467,c5,415
14468,c234,237
14469,c234,218
14470,c234,45
14471,c1,44
14472,c5,287
14473,c5,15
14474,c234,74
14475,c234,496
14476,c234,32
14477,c234,290
14478,c1,198
14479,c5,221
14480,c5,159
14481,c1,45
14482,c1,148
14483,c1,174
14484,c5,670
14485,c1,172
14486,c1,191
14487,c5,225
14488,c1,166
14489,c1,116
14490,c234,50
14491,c234,58
14492,c1,270
14493,c234,293
14494,c234,313
14495,c234,223
14496,c234,81
14497,c1,48
14498,c234,31
14499,c1,42
14500,c1,182
14501,c234,914
14502,c5,348
14503,c1,845
14504,c5,294
14505,c234,108
14506,c5,33
14507,c5,237
14508,c234,34
14509,c234,470
14510,c1,56
14511,c234,110
14512,c1,336
14513,c234,482
14514,c234,62
14515,c5,405
14516,c5,47
14517,c1,965
14518,c5,379
14519,c5,49
14520,c1,27
14521,c234,302
14522,c1,176
14523,c234,366
14524,c234,718
14525,c1,13
14526,c234,194
14527,c5,75
14528,c5,142
14529,c1,818
14530,c234,515
14531,c1,11
14532,c5,92
14533,c1,269
14534,c1,369
14535,c5,208
14536,c234,486
14537,c234,106
14538,c234,334
14539,c234,349
14540,c1,416
14541,c234,112
14542,c234,327
14543,c234,738
14544,c234,183
14545,c234,616
14546,c234,614
14547,c234,116
14548,c1,174
14549,c5,68
14550,c5,181
14551,c234,57
14552,c5,607
14553,c1,118
14554,c5,76
14555,c234,523
14556,c234,122
14557,c1,54
14558,c234,395
14559,c234,463
14560,c1,553
14561,c5,38
14562,c1,391
14563,c5,265
14564,c1,576
14565,c1,191
14566,c1,465
14567,c1,204
14568,c5,545
14569,c234,432
14570,c1,164
14571,c234,6
14572,c5,126
14573,c5,353
14574,c234,224
14575,c234,172
14576,c1,130
14577,c234,203
14578,c1,122
14579,c5,78
14580,c5,63
14581,c5,161
14582,c5,322
14583,c5,22
14584,c5,104
14585,c1,172
14586,c5,43
14587,c1,82
14588,c234,55
14589,c1,222
14590,c1,282
14591,c1,161
14592,c1,15
14593,c234,637
14594,c5,57
14595,c5,110
14596,c5,66
14597,c234,380
14598,c1,359
14599,c234,62
14600,c1,94
14601,c5,128
14602,c5,102
14603,c1,666
14604,c234,201
14605,c5,320
14606,c1,192
14607,c234,635
14608,c5,489
14609,c234,272
14610,c234,155
14611,c234,13
14612,c234,181
14613,c234,322
14614,c1,303
14615,c1,43
14616,c5,202
14617,c234,346
14618,c5,275
14619,c1,174
14620,c1,488
14621,c234,903
14622,c234,198
14623,c234,458
14624,c1,457
14625,c1,59
14626,c5,499
14627,c5,110
14628,c234,173
14629,c5,66
14630,c234,713
14631,c1,314
14632,c5,223
14633,c1,280
14634,c234,321
14635,c234,323
14636,c5,503
14637,c234,1157
14638,c1,214
14639,c234,727
14640,c1,58
14641,c234,832
14642,c1,63
14643,c5,364
14644,c1,586
14645,c5,116
14646,c1,102
14647,c234,575
14648,c5,269
14649,c1,140
14650,c234,217
14651,c1,69
14652,c234,218
14653,c234,867
14654,c234,1590
14655,c1,307
14656,c1,328
14657,c5,912
14658,c1,43
14659,c5,317
14660,c234,288
14661,c5,104
14662,c1,83
14663,c5,426
14664,c234,100
14665,c234,447
14666,c234,135
14667,c1,488
14668,c234,205
14669,c234,1270
14670,c5,110
14671,c234,91
14672,c234,266
14673,c1,172
14674,c5,102
14675,c1,114
14676,c1,807
14677,c5,184
14678,c1,406
14679,c5,29
14680,c234,424
14681,c5,174
14682,c234,63
14683,c1,282
14684,c5,133
14685,c1,249
14686,c1,401
14687,c5,280
14688,c1,52
14689,c5,119
14690,c5,172
14691,c5,97
14692,c5,452
14693,c1,282
14694,c234,26
14695,c5,168
14696,c234,174
14697,c5,526
14698,c1,77
14699,c1,214
14700,c234,48
14701,c1,100
14702,c234,79
14703,c5,75
14704,c1,208
14705,c234,401
14706,c5,73
14707,c1,995
14708,c5,488
14709,c1,116
14710,c1,48
14711,c234,264
14712,c5,168
14713,c234,122
14714,c234,1259
14715,c234,627
14716,c234,15
14717,c5,1443
14718,c234,282
14719,c1,168
14720,c5,17
14721,c5,333
14722,c234,149
14723,c234,184
14724,c5,703
14725,c234,693
14726,c5,100
14727,c1,224
14728,c5,54
14729,c5,382
14730,c234,41
14731,c5,291
14732,c1,83
14733,c234,1299
14734,c234,47
14735,c1,14
14736,c234,81
14737,c234,172
14738,c234,172
14739,c234,413
14740,c1,697
14741,c5,67
14742,c1,505
14743,c234,93
14744,c5,35
14745,c234,424
14746,c5,104
14747,c5,63
14748,c234,142
14749,c5,123
14750,c1,73
14751,c5,486
14752,c1,100
14753,c5,319
14754,c1,96
14755,c1,857
14756,c1,415
14757,c1,800
14758,c234,199
14759,c5,52
14760,c1,342
14761,c5,502
14762,c234,112
14763,c234,46
14764,c1,81
14765,c1,412
14766,c5,115
14767,c234,1189
14768,c1,287
14769,c1,20
14770,c5,171
14771,c234,179
14772,c5,728
14773,c1,220
14774,c234,282
14775,c1,54
14776,c1,397
14777,c234,157
14778,c1,1105
14779,c234,75
14780,c1,19
14781,c1,37
14782,c5,75
14783,c1,559
14784,c1,272
14785,c1,127
14786,c234,265
14787,c5,401
14788,c234,221
14789,c5,170
14790,c1,512
14791,c5,30
14792,c5,179
14793,c1,61
14794,c1,568
14795,c1,120
14796,c5,145
14797,c1,90
14798,c1,161
14799,c1,274
14800,c1,51
14801,c5,30
14802,c1,339
14803,c1,605
14804,c5,179
14805,c5,79
14806,c5,57
14807,c5,29
14808,c1,179
14809,c1,648
14810,c234,513
14811,c5,106
14812,c5,54
14813,c234,401
14814,c5,231
14815,c1,128
14816,c1,294
14817,c1,58
14818,c5,122
14819,c234,167
14820,c5,52
14821,c234,292
14822,c5,208
14823,c1,112
14824,c1,10
14825,c1,611
14826,c234,99
14827,c234,273
14828,c234,104
14829,c234,417
14830,c234,287
14831,c1,62
14832,c1,110
14833,c5,99
14834,c5,146
14835,c234,236
14836,c5,711
14837,c234,179
14838,c1,46
14839,c1,372
14840,c234,160
14841,c234,362
14842,c234,256
14843,c1,632
14844,c1,234
14845,c5,276
14846,c234,93
14847,c1,389
14848,c1,182
14849,c5,124
14850,c234,377
14851,c234,539
14852,c234,257
14853,c5,171
14854,c5,171
14855,c5,235
14856,c234,225
14857,c5,282
14858,c1,337
14859,c234,356
14860,c1,111
14861,c5,84
14862,c1,23
14863,c5,90
14864,c1,204
14865,c1,90
14866,c234,305
14867,c5,98
14868,c1,119
14869,c234,222
14870,c1,105
14871,c5,430
14872,c1,223
14873,c5,206
14874,c5,46
14875,c1,219
14876,c5,76
14877,c1,351
14878,c1,243
14879,c5,164
14880,c1,33
14881,c1,143
14882,c5,349
14883,c1,364
14884,c234,529
14885,c1,314
14886,c1,96
14887,c5,22
14888,c5,81
14889,c234,497
14890,c234,415
14891,c234,531
14892,c5,52
14893,c234,35
14894,c234,575
14895,c234,321
14896,c1,384
14897,c234,193
14898,c234,159
14899,c234,72
14900,c1,1297
14901,c5,20
14902,c5,318
14903,c5,137
14904,c5,207
14905,c5,262
14906,c5,40
14907,c1,199
14908,c5,68
14909,c1,23
14910,c1,101
14911,c1,160
14912,c234,34
14913,c234,172
14914,c5,150
14915,c1,81
14916,c1,32
14917,c5,133
14918,c234,257
14919,c1,430
14920,c5,18
14921,c5,32
14922,c234,81
14923,c234,236
14924,c234,374
14925,c1,79
14926,c5,85
14927,c5,32
14928,c5,89
14929,c234,214
14930,c234,882
14931,c5,215
14932,c234,777
14933,c5,270
14934,c234,404
14935,c5,41
14936,c234,91
14937,c234,9
14938,c234,528
14939,c1,58
14940,c234,171
14941,c5,108
14942,c1,470
14943,c5,11
14944,c234,422
14945,c1,296
14946,c234,133
14947,c5,46
14948,c1,42
14949,c1,805
14950,c5,363
14951,c5,44
14952,c1,46
14953,c1,201
14954,c234,130
14955,c1,106
14956,c234,40
14957,c234,278
14958,c1,500
14959,c234,384
14960,c234,554
14961,c1,440
14962,c234,448
14963,c234,466
14964,c5,92
14965,c5,97
14966,c5,362
14967,c234,42
14968,c234,374
14969,c1,457
14970,c1,306
14971,c1,82
14972,c234,144
14973,c1,334
14974,c5,212
14975,c1,154
14976,c1,66
14977,c5,100
14978,c234,791
14979,c5,439
14980,c234,1346
14981,c234,362
14982,c5,38
14983,c5,138
14984,c5,350
14985,c5,102
14986,c1,265
14987,c1,47
14988,c5,15
14989,c5,50
14990,c5,41
14991,c234,401
14992,c234,50
14993,c234,531
14994,c234,28
14995,c5,317
14996,c234,38
14997,c5,19
14998,c5,138
14999,c1,153
15000,c1,440
15001,c1,462
15002,c234,17
15003,c234,54
15004,c1,119
15005,c1,8
15006,c1,149
15007,c5,159
15008,c234,603
15009,c1,1048
15010,c5,236
15011,c5,257
15012,c234,798
15013,c5,83
15014,c5,176
15015,c234,240
15016,c234,609
15017,c234,130
15018,c5,72
15019,c234,140
15020,c234,280
15021,c5,199
15022,c234,380
15023,c234,249
15024,c1,251
15025,c234,227
15026,c5,454
15027,c5,270
15028,c1,284
15029,c234,533
15030,c5,559
15031,c5,256
15032,c1,104
15033,c5,19
15034,c5,76
15035,c5,60
15036,c1,97
15037,c5,265
15038,c5,106
15039,c5,67
15040,c234,12
15041,c234,239
15042,c1,282
15043,c5,122
15044,c234,63
15045,c5,550
15046,c234,25
15047,c5,48
15048,c234,408
15049,c234,175
15050,c1,243
15051,c5,194
15052,c5,9
15053,c234,86
15054,c234,173
15055,c234,232
15056,c1,683
15057,c5,209
15058,c234,675
15059,c234,50
15060,c1,102
15061,c1,42
15062,c234,15
15063,c234,324
15064,c234,1519
15065,c5,193
15066,c1,160
15067,c5,44
15068,c234,294
15069,c5,371
15070,c5,101
15071,c1,133
15072,c234,256
15073,c1,40
15074,c234,112
15075,c5,478
15076,c1,472
15077,c1,146
15078,c234,200
15079,c5,201
15080,c234,89
15081,c1,145
15082,c1,150
15083,c5,284
15084,c234,130
15085,c1,217
15086,c5,119
15087,c5,43
15088,c5,809
15089,c5,31
15090,c1,401
15091,c234,417
15092,c5,322
15093,c234,552
15094,c234,218
15095,c5,250
15096,c1,174
15097,c1,207
15098,c234,106
15099,c5,338
15100,c234,131
15101,c1,326
15102,c5,75
15103,c234,542
15104,c1,70
15105,c234,362
15106,c5,165
15107,c234,660
15108,c5,343
15109,c1,511
15110,c5,291
15111,c1,555
15112,c234,41
15113,c234,452
15114,c5,234
15115,c1,180
15116,c1,1450
15117,c1,59
15118,c234,371
15119,c5,131
15120,c5,34
15121,c5,471
15122,c1,174
15123,c5,42
15124,c1,273
15125,c234,275
15126,c234,149
15127,c234,231
15128,c234,126
15129,c234,233
15130,c234,27
15131,c5,342
15132,c5,30
15133,c234,604
15134,c234,618
15135,c5,238
15136,c5,229
15137,c5,74
15138,c5,46
15139,c5,136
15140,c1,188
15141,c1,413
15142,c234,871
15143,c234,151
15144,c5,783
15145,c5,484
15146,c5,138
15147,c5,315
15148,c5,277
15149,c1,240
15150,c234,113
15151,c5,38
15152,c234,527
15153,c234,1031
15154,c5,10
15155,c1,165
15156,c234,3103
15157,c5,957
15158,c5,212
15159,c234,228
15160,c234,450
15161,c5,554
15162,c1,166
15163,c1,60
15164,c5,85
15165,c234,11
15166,c234,101
15167,c1,203
15168,c1,554
15169,c1,73
15170,c234,85
15171,c234,212
15172,c234,286
15173,c5,164
15174,c5,9
15175,c234,355
15176,c1,554
15177,c1,98
15178,c1,514
15179,c5,52
15180,c1,128
15181,c1,73
15182,c234,68
15183,c5,18
15184,c234,804
15185,c1,65
15186,c1,155
15187,c1,799
15188,c234,401
15189,c1,247
15190,c1,245
15191,c5,154
15192,c1,284
15193,c234,586
15194,c234,296
15195,c234,75
15196,c234,272
15197,c5,196
15198,c234,274
15199,c234,490
15200,c5,463
15201,c234,39
15202,c234,1635
15203,c1,650
15204,c1,44
15205,c5,253
15206,c234,841
15207,c234,840
15208,c1,325
15209,c5,172
15210,c1,581
15211,c5,102
15212,c5,13
15213,c234,183
15214,c1,115
15215,c5,32
15216,c5,93
15217,c234,290
15218,c5,330
15219,c234,531
15220,c1,63
15221,c5,485
15222,c234,130
15223,c234,27
15224,c1,214
15225,c1,20
15226,c234,116
15227,c5,91
15228,c234,459
15229,c5,261
15230,c234,115
15231,c234,227
15232,c234,77
15233,c234,370
15234,c1,282
15235,c234,68
15236,c5,99
15237,c5,407
15238,c1,224
15239,c5,62
15240,c5,61
15241,c1,746
15242,c234,36
15243,c234,18
15244,c1,113
15245,c5,416
15246,c234,728
15247,c234,243
15248,c234,108
15249,c1,304
15250,c1,365
15251,c5,523
15252,c1,167
15253,c234,383
15254,c234,91
15255,c1,583
15256,c5,137
15257,c234,133
15258,c5,292
15259,c1,86
15260,c5,168
15261,c1,36
15262,c1,239
15263,c234,323
15264,c1,162
15265,c1,1019
15266,c234,529
15267,c1,79
15268,c1,774
15269,c1,391
15270,c1,286
15271,c234,234
15272,c1,166
15273,c234,384
15274,c5,655
15275,c5,364
15276,c5,714
15277,c5,81
15278,c5,146
15279,c234,172
15280,c234,146
15281,c234,259
15282,c5,673
15283,c234,521
15284,c5,498
15285,c1,130
15286,c234,38
15287,c234,28
15288,c5,334
15289,c1,125
15290,c1,584
15291,c234,262
15292,c234,288
15293,c5,370
15294,c234,338
15295,c234,215
15296,c1,279
15297,c234,852
15298,c1,55
15299,c234,386
15300,c234,147
15301,c234,346
15302,c234,44
15303,c5,160
15304,c5,143
15305,c5,416
15306,c1,240
15307,c234,511
15308,c1,449
15309,c5,51
15310,c1,111
15311,c1,320
15312,c1,31
15313,c5,23
15314,c5,71
15315,c1,99
15316,c234,215
15317,c234,638
15318,c1,101
15319,c5,300
15320,c5,214
15321,c1,377
15322,c5,87
15323,c234,947
15324,c1,383
15325,c234,396
15326,c5,107
15327,c1,157
15328,c1,334
15329,c234,439
15330,c234,752
15331,c1,18
15332,c234,88
15333,c1,53
15334,c234,49
15335,c5,678
15336,c5,78
15337,c1,492
15338,c1,624
15339,c234,418
15340,c234,749
15341,c234,81
15342,c1,523
15343,c5,196
15344,c5,264
15345,c234,37
15346,c5,72
15347,c5,102
15348,c234,77
15349,c5,241
15350,c234,219
15351,c5,176
15352,c1,162
15353,c5,385
15354,c5,485
15355,c1,300
15356,c1,305
15357,c234,30
15358,c1,998
15359,c234,251
15360,c1,553
15361,c234,515
15362,c234,156
15363,c1,479
15364,c1,48
15365,c5,91
15366,c5,137
15367,c234,74
15368,c1,468
15369,c1,349
15370,c1,113
15371,c234,48
15372,c234,73
15373,c5,78
15374,c234,1075
15375,c5,176
15376,c234,34
15377,c5,53
15378,c234,215
15379,c5,149
15380,c234,125
15381,c234,201
15382,c1,97
15383,c1,122
15384,c1,216
15385,c1,246
15386,c234,118
15387,c1,337
15388,c1,205
15389,c5,28
15390,c5,386
15391,c5,330
15392,c234,106
15393,c1,79
15394,c5,139
15395,c1,321
15396,c1,352
15397,c1,646
15398,c5,96
15399,c5,91
15400,c5,270
15401,c5,80
15402,c5,572
15403,c5,83
15404,c234,444
15405,c234,269
15406,c1,154
15407,c5,481
15408,c5,171
15409,c5,41
15410,c5,147
15411,c1,88
15412,c5,41
15413,c234,264
15414,c5,42
15415,c1,401
15416,c234,139
15417,c5,80
15418,c1,254
15419,c234,241
15420,c5,663
15421,c234,663
15422,c5,60
15423,c5,61
15424,c1,278
15425,c5,58
15426,c1,574
15427,c1,39
15428,c5,230
15429,c234,69
15430,c5,259
15431,c234,107
15432,c5,153
15433,c5,311
15434,c234,64
15435,c5,503
15436,c5,63
15437,c5,467
15438,c1,22
15439,c234,359
15440,c5,259
15441,c1,1477
15442,c5,341
15443,c1,476
15444,c1,75
15445,c5,189
15446,c5,63
15447,c5,479
15448,c5,76
15449,c5,111
15450,c1,381
15451,c5,28
15452,c5,890
15453,c234,883
15454,c234,363
15455,c5,221
15456,c5,550
15457,c234,311
15458,c1,158
15459,c1,242
15460,c1,170
15461,c234,95
15462,c1,173
15463,c5,359
15464,c234,793
15465,c1,8
15466,c1,344
15467,c1,985
15468,c5,50
15469,c234,635
15470,c234,317
15471,c1,70
15472,c5,121
15473,c234,570
15474,c234,118
15475,c1,68
15476,c5,674
15477,c1,64
15478,c1,391
15479,c1,191
15480,c234,77
15481,c234,108
15482,c5,753
15483,c234,935
15484,c234,190
15485,c1,553
15486,c1,452
15487,c5,367
15488,c1,140
15489,c1,236
15490,c5,70
15491,c5,44
15492,c5,31
15493,c1,30
15494,c1,126
15495,c1,1107
15496,c1,279
15497,c1,401
15498,c234,34
15499,c5,143
15500,c5,42
15501,c1,295
15502,c1,488
15503,c1,180
15504,c1,454
15505,c234,130
15506,c5,225
15507,c1,38
15508,c1,279
15509,c1,82
15510,c234,424
15511,c1,388
15512,c1,87
15513,c234,1494
15514,c5,486
15515,c1,162
15516,c5,201
15517,c234,9
15518,c5,81
15519,c234,202
15520,c5,211
15521,c5,157
15522,c234,199
15523,c234,212
15524,c234,103
15525,c5,146
15526,c234,232
15527,c234,413
15528,c234,86
15529,c5,182
15530,c234,342
15531,c1,568
15532,c1,746
15533,c234,534
15534,c1,294
15535,c5,48
15536,c5,175
15537,c1,93
15538,c1,98
15539,c234,101
15540,c5,131
15541,c1,444
15542,c5,296
15543,c5,44
15544,c5,157
15545,c234,208
15546,c5,82
15547,c1,128
15548,c1,570
15549,c5,195
15550,c234,416
15551,c234,168
15552,c234,246
15553,c5,331
15554,c5,88
15555,c5,168
15556,c5,249
15557,c1,417
15558,c1,372
15559,c1,23
15560,c1,44
15561,c234,31
15562,c234,6
15563,c234,392
15564,c1,70
15565,c5,109
15566,c234,544
15567,c5,105
15568,c234,135
15569,c234,271
15570,c5,207
15571,c5,850
15572,c5,677
15573,c1,282
15574,c1,283
15575,c1,277
15576,c234,300
15577,c234,262
15578,c5,153
15579,c1,269
15580,c1,1436
15581,c1,82
15582,c234,174
15583,c234,192
15584,c1,201
15585,c1,1502
15586,c1,229
15587,c1,364
15588,c5,126
15589,c5,403
15590,c1,262
15591,c234,1195
15592,c234,325
15593,c234,122
15594,c234,168
15595,c5,154
15596,c234,113
15597,c5,47
15598,c5,54
15599,c5,88
15600,c234,125
15601,c5,115
15602,c234,95
15603,c5,33
15604,c5,106
15605,c1,383
15606,c234,91
15607,c234,87
15608,c5,30
15609,c234,450
15610,c234,388
15611,c1,137
15612,c5,426
15613,c1,76
15614,c5,172
15615,c5,23
15616,c1,155
15617,c1,517
15618,c234,150
15619,c234,363
15620,c5,44
15621,c5,70
15622,c1,278
15623,c5,194
15624,c5,103
15625,c5,184
15626,c1,17
15627,c1,216
15628,c1,7
15629,c234,791
15630,c1,559
15631,c234,116
15632,c5,142
15633,c5,167
15634,c234,377
15635,c5,257
15636,c1,14
15637,c1,299
15638,c5,164
15639,c1,264
15640,c5,79
15641,c5,325
15642,c1,571
15643,c5,207
15644,c1,408
15645,c5,158
15646,c5,82
15647,c1,168
15648,c1,362
15649,c1,333
15650,c1,311
15651,c1,279
15652,c5,377
15653,c1,27
15654,c234,24
15655,c5,84
15656,c234,479
15657,c234,13
15658,c1,30
15659,c1,1827
15660,c1,170
15661,c234,407
15662,c234,224
15663,c234,15
15664,c1,116
15665,c5,11
15666,c1,9
15667,c234,71
15668,c5,370
15669,c1,85
15670,c1,133
15671,c1,176
15672,c5,198
15673,c1,543
15674,c234,236
15675,c1,358
15676,c1,322
15677,c5,185
15678,c1,293
15679,c234,1122
15680,c1,860
15681,c1,88
15682,c1,242
15683,c1,71
15684,c5,369
15685,c5,27
15686,c234,930
15687,c234,388
15688,c1,318
15689,c1,238
15690,c1,497
15691,c5,289
15692,c1,152
15693,c5,49
15694,c1,442
15695,c234,149
15696,c5,158
15697,c5,32
15698,c1,56
15699,c234,63
15700,c234,247
15701,c5,166
15702,c5,43
15703,c234,138
15704,c234,329
15705,c5,96
15706,c1,796
15707,c234,237
15708,c5,40
15709,c234,106
15710,c5,501
15711,c1,38
15712,c5,486
15713,c5,338
15714,c5,2088
15715,c234,369
15716,c5,211
15717,c5,42
15718,c1,350
15719,c234,444
15720,c5,373
15721,c5,47
15722,c5,187
15723,c5,398
15724,c1,137
15725,c5,171
15726,c234,85
15727,c234,100
15728,c5,231
15729,c234,42
15730,c5,57
15731,c1,115
15732,c5,101
15733,c5,233
15734,c234,249
15735,c1,419
15736,c234,358
15737,c1,487
15738,c5,72
15739,c1,247
15740,c1,36
15741,c5,710
15742,c1,158
15743,c5,112
15744,c1,282
15745,c5,251
15746,c1,43
15747,c1,487
15748,c1,551
15749,c5,274
15750,c5,79
15751,c5,353
15752,c1,1093
15753,c234,84
15754,c234,98
15755,c234,117
15756,c5,144
15757,c234,98
15758,c5,51
15759,c234,331
15760,c1,181
15761,c5,73
15762,c5,96
15763,c5,368
15764,c5,56
15765,c5,56
15766,c1,201
15767,c234,85
15768,c1,1632
15769,c234,611
15770,c234,1656
15771,c1,380
15772,c5,384
15773,c5,500
15774,c1,474
15775,c234,123
15776,c234,525
15777,c5,307
15778,c1,38
15779,c234,138
15780,c234,129
15781,c1,764
15782,c1,296
15783,c234,72
15784,c5,682
15785,c1,235
15786,c1,155
15787,c234,162
15788,c5,142
15789,c234,376
15790,c1,45
15791,c1,360
15792,c234,39
15793,c234,170
15794,c5,232
15795,c5,104
15796,c234,290
15797,c234,242
15798,c5,91
15799,c234,57
15800,c5,278
15801,c1,19
15802,c1,242
15803,c5,22
15804,c5,285
15805,c5,80
15806,c1,290
15807,c5,26
15808,c5,285
15809,c5,69
15810,c1,44
15811,c1,342
15812,c5,227
15813,c1,431
15814,c5,100
15815,c1,337
15816,c234,154
15817,c1,744
15818,c5,39
15819,c1,91
15820,c234,772
15821,c1,58
15822,c5,306
15823,c234,135
15824,c1,63
15825,c5,89
15826,c234,26
15827,c5,27
15828,c5,168
15829,c234,254
15830,c234,115
15831,c5,246
15832,c5,84
15833,c234,736
15834,c234,58
15835,c5,800
15836,c234,174
15837,c234,135
15838,c5,238
15839,c5,152
15840,c234,231
15841,c1,51
15842,c5,106
15843,c234,151
15844,c234,49
15845,c1,29
15846,c5,145
15847,c1,390
15848,c5,500
15849,c5,202
15850,c1,58
15851,c1,226
15852,c1,62
15853,c5,213
15854,c1,753
15855,c1,63
15856,c234,167
15857,c1,91
15858,c5,32
15859,c234,307
15860,c5,46
15861,c5,484
15862,c1,266
15863,c1,17
15864,c234,509
15865,c1,67
15866,c234,419
15867,c5,170
15868,c234,441
15869,c234,168
15870,c1,247
15871,c1,69
15872,c5,8
15873,c234,888
15874,c1,211
15875,c234,96
15876,c234,359
15877,c1,114
15878,c234,84
15879,c234,295
15880,c234,112
15881,c5,213
15882,c234,736
15883,c234,785
15884,c5,681
15885,c1,115
15886,c234,162
15887,c234,340
15888,c1,836
15889,c5,160
15890,c5,546
15891,c5,376
15892,c1,393
15893,c1,97
15894,c5,155
15895,c234,112
15896,c1,245
15897,c5,157
15898,c5,42
15899,c1,914
15900,c234,472
15901,c234,145
15902,c234,32
15903,c1,39
15904,c234,311
15905,c234,281
15906,c5,1243
15907,c5,425
15908,c234,995
15909,c234,104
15910,c5,450
15911,c1,263
15912,c234,121
15913,c234,488
15914,c234,78
15915,c1,59
15916,c5,79
15917,c5,86
15918,c234,25
15919,c234,284
15920,c234,291
15921,c234,168
15922,c1,40
15923,c1,137
15924,c5,58
15925,c5,229
15926,c234,947
15927,c5,562
15928,c5,24
15929,c1,15
15930,c5,243
15931,c5,47
15932,c234,97
15933,c1,341
15934,c234,337
15935,c1,56
15936,c1,160
15937,c234,134
15938,c234,56
15939,c1,397
15940,c234,224
15941,c1,169
15942,c5,272
15943,c234,206
15944,c234,427
15945,c1,178
15946,c234,129
15947,c234,207
15948,c5,99
15949,c234,268
15950,c5,119
15951,c5,92
15952,c234,92
15953,c234,271
15954,c234,140
15955,c1,270
15956,c234,755
15957,c234,778
15958,c5,65
15959,c234,294
15960,c234,533
15961,c5,126
15962,c234,86
15963,c1,126
15964,c5,544
15965,c5,252
15966,c5,93
15967,c1,531
15968,c234,196
15969,c1,271
15970,c5,595
15971,c5,116
15972,c1,192
15973,c1,216
15974,c234,180
15975,c5,24
15976,c5,155
15977,c1,63
15978,c234,183
15979,c234,423
15980,c1,81
15981,c1,192
15982,c234,85
15983,c5,14
15984,c1,167
15985,c1,45
15986,c234,249
15987,c5,97
15988,c1,29
15989,c234,184
15990,c234,325
15991,c234,91
15992,c5,100
15993,c5,36
15994,c1,191
15995,c1,75
15996,c5,70
15997,c234,312
15998,c234,191
15999,c5,627
16000,c1,153
16001,c1,16
16002,c5,710
16003,c234,773
16004,c5,91
16005,c1,467
16006,c234,223
16007,c5,108
16008,c234,320
16009,c1,81
16010,c5,406
16011,c1,334
16012,c1,228
16013,c234,533
16014,c5,79
16015,c234,96
16016,c1,67
16017,c1,76
16018,c1,591
16019,c234,403
16020,c234,930
16021,c1,249
16022,c1,330
16023,c5,203
16024,c1,494
16025,c234,890
16026,c234,221
16027,c234,46
16028,c234,325
16029,c5,81
16030,c5,229
16031,c5,817
16032,c5,128
16033,c5,269
16034,c1,335
16035,c1,86
16036,c5,175
16037,c5,89
16038,c5,141
16039,c5,203
16040,c1,98
16041,c1,37
16042,c1,182
16043,c234,243
16044,c5,99
16045,c234,869
16046,c5,127
16047,c1,220
16048,c234,547
16049,c1,253
16050,c234,536
16051,c5,279
16052,c234,19
16053,c234,92
16054,c234,92
16055,c234,281
16056,c234,103
16057,c5,94
16058,c5,29
16059,c5,169
16060,c5,38
16061,c234,305
16062,c5,35
16063,c234,52
16064,c234,413
16065,c1,404
16066,c1,124
16067,c1,405
16068,c5,184
16069,c1,307
16070,c5,149
16071,c5,296
16072,c5,8
16073,c234,66
16074,c234,34
16075,c1,81
16076,c1,54
16077,c234,305
16078,c234,814
16079,c5,207
16080,c1,481
16081,c5,204
16082,c234,282
16083,c1,1364
16084,c1,65
16085,c1,301
16086,c1,212
16087,c234,283
16088,c1,190
16089,c1,349
16090,c234,81
16091,c234,240
16092,c5,8
16093,c1,207
16094,c1,53
16095,c234,109
16096,c234,371
16097,c5,37
16098,c234,247
16099,c5,192
16100,c5,252
16101,c5,358
16102,c1,133
16103,c1,296
16104,c1,191
16105,c5,612
16106,c1,276
16107,c234,227
16108,c1,81
16109,c5,224
16110,c234,457
16111,c234,67
16112,c234,117
16113,c5,76
16114,c5,38
16115,c5,174
16116,c1,102
16117,c234,279
16118,c1,640
16119,c5,122
16120,c1,627
16121,c5,19
16122,c234,443
16123,c234,282
16124,c1,286
16125,c1,341
16126,c5,813
16127,c1,69
16128,c234,487
16129,c5,538
16130,c234,383
16131,c5,216
16132,c5,127
16133,c234,708
16134,c1,561
16135,c1,30
16136,c5,44
16137,c1,109
16138,c234,27
16139,c5,49
16140,c234,169
16141,c1,345
16142,c234,285
16143,c5,95
16144,c234,1058
16145,c5,132
16146,c5,59
16147,c234,872
16148,c5,128
16149,c5,857
16150,c234,97
16151,c234,113
16152,c1,321
16153,c234,130
16154,c1,144
16155,c234,161
16156,c5,91
16157,c234,50
16158,c5,356
16159,c5,282
16160,c234,289
16161,c5,106
16162,c234,203
16163,c234,49
16164,c5,113
16165,c234,317
16166,c234,20
16167,c1,362
16168,c5,476
16169,c5,88
16170,c234,26
16171,c234,615
16172,c5,74
16173,c1,21
16174,c5,16
16175,c1,361
16176,c234,242
16177,c1,215
16178,c234,214
16179,c1,263
16180,c5,35
16181,c5,226
16182,c234,214
16183,c234,106
16184,c5,44
16185,c234,334
16186,c5,323
16187,c5,8
16188,c234,418
16189,c1,1066
16190,c5,66
16191,c1,15
16192,c1,395
16193,c5,274
16194,c234,165
16195,c1,34
16196,c234,151
16197,c5,212
16198,c1,89
16199,c1,336
16200,c5,355
16201,c234,362
16202,c1,544
16203,c234,258
16204,c5,59
16205,c1,81
16206,c1,315
16207,c1,7
16208,c5,152
16209,c234,309
16210,c5,114
16211,c5,418
16212,c234,182
16213,c5,46
16214,c234,282
16215,c1,152
16216,c1,63
16217,c5,96
16218,c234,1038
16219,c1,256
16220,c234,191
16221,c5,13
16222,c5,616
16223,c234,124
16224,c234,30
16225,c1,217
16226,c1,284
16227,c234,56
16228,c5,45
16229,c234,98
16230,c1,319
16231,c1,321
16232,c5,372
16233,c5,43
16234,c234,111
16235,c5,140
16236,c5,164
16237,c5,559
16238,c1,48
16239,c234,145
16240,c1,15
16241,c1,278
16242,c234,540
16243,c234,240
16244,c1,469
16245,c5,684
16246,c234,61
16247,c234,166
16248,c5,231
16249,c1,574
16250,c234,173
16251,c234,322
16252,c5,195
16253,c234,308
16254,c1,112
16255,c5,629
16256,c234,61
16257,c234,443
16258,c1,501
16259,c234,444
16260,c234,462
16261,c234,247
16262,c234,457
16263,c5,87
16264,c5,242
16265,c1,853
16266,c234,271
16267,c1,867
16268,c1,81
16269,c234,219
16270,c234,213
16271,c5,868
16272,c1,120
16273,c234,277
16274,c5,23
16275,c234,31
16276,c1,301
16277,c1,663
16278,c5,763
16279,c234,454
16280,c1,84
16281,c1,99
16282,c234,326
16283,c5,130
16284,c5,483
16285,c5,25
16286,c5,137
16287,c1,168
16288,c1,581
16289,c234,57
16290,c234,343
16291,c1,216
16292,c5,184
16293,c5,465
16294,c5,456
16295,c1,455
16296,c5,118
16297,c1,201
16298,c234,186
16299,c1,443
16300,c1,105
16301,c1,86
16302,c234,278
16303,c234,1605
16304,c234,465
16305,c234,287
16306,c5,159
16307,c234,193
16308,c5,118
16309,c234,292
16310,c5,301
16311,c5,109
16312,c1,369
16313,c1,81
16314,c1,50
16315,c1,116
16316,c234,251
16317,c5,78
16318,c5,466
16319,c1,235
16320,c234,115
16321,c5,53
16322,c234,32
16323,c5,417
16324,c234,130
16325,c234,378
16326,c234,288
16327,c5,87
16328,c234,462
16329,c234,541
16330,c5,32
16331,c5,494
16332,c1,163
16333,c234,82
16334,c234,752
16335,c1,273
16336,c1,210
16337,c5,238
16338,c1,807
16339,c234,281
16340,c234,168
16341,c1,348
16342,c5,135
16343,c234,259
16344,c234,180
16345,c5,90
16346,c234,113
16347,c1,141
16348,c1,392
16349,c234,182
16350,c1,316
16351,c234,306
16352,c5,416
16353,c1,93
16354,c234,705
16355,c234,44
16356,c234,51
16357,c1,95
16358,c5,32
16359,c1,328
16360,c234,500
16361,c1,203
16362,c1,483
16363,c1,175
16364,c234,1385
16365,c234,526
16366,c234,460
16367,c1,122
16368,c5,1053
16369,c5,59
16370,c234,118
16371,c234,448
16372,c1,470
16373,c234,144
16374,c1,26
16375,c5,50
16376,c5,129
16377,c5,265
16378,c234,138
16379,c5,49
16380,c234,159
16381,c5,99
16382,c1,265
16383,c234,801
16384,c5,55
16385,c1,137
16386,c1,480
16387,c234,482
16388,c1,196
16389,c234,512
16390,c1,207
16391,c5,176
16392,c234,461
16393,c234,293
16394,c1,541
16395,c5,286
16396,c5,194
16397,c234,312
16398,c5,456
16399,c5,116
16400,c234,139
16401,c5,151
16402,c234,305
16403,c5,137
16404,c5,91
16405,c234,163
16406,c5,35
16407,c5,158
16408,c1,815
16409,c5,285
16410,c234,578
16411,c234,318
16412,c5,89
16413,c234,525
16414,c234,230
16415,c5,55
16416,c5,304
16417,c234,82
16418,c5,148
16419,c1,822
16420,c1,139
16421,c1,24
16422,c5,716
16423,c5,392
16424,c5,149
16425,c5,35
16426,c234,41
16427,c234,457
16428,c234,113
16429,c234,688
16430,c234,674
16431,c234,116
16432,c1,223
16433,c234,145
16434,c5,538
16435,c234,59
16436,c5,682
16437,c1,117
16438,c234,285
16439,c234,307
16440,c1,366
16441,c1,353
16442,c5,57
16443,c234,187
16444,c234,104
16445,c5,1049
16446,c5,227
16447,c234,48
16448,c1,251
16449,c234,142
16450,c1,465
16451,c1,362
16452,c234,271
16453,c1,145
16454,c5,199
16455,c234,530
16456,c234,139
16457,c234,156
16458,c5,31
16459,c5,8
16460,c1,85
16461,c5,47
16462,c234,559
16463,c5,189
16464,c1,139
16465,c5,180
16466,c5,227
16467,c234,181
16468,c234,223
16469,c1,241
16470,c1,124
16471,c5,63
16472,c1,652
16473,c234,567
16474,c1,97
16475,c234,632
16476,c1,244
16477,c234,447
16478,c1,258
16479,c1,636
16480,c5,448
16481,c5,65
16482,c5,268
16483,c1,401
16484,c1,72
16485,c5,190
16486,c5,118
16487,c5,177
16488,c1,100
16489,c234,401
16490,c234,293
16491,c1,299
16492,c234,195
16493,c234,68
16494,c1,45
16495,c234,269
16496,c5,747
16497,c1,305
16498,c1,380
16499,c5,65
16500,c5,176
16501,c5,231
16502,c234,78
16503,c234,120
16504,c1,635
16505,c1,208
16506,c234,122
16507,c234,216
16508,c5,479
16509,c234,65
16510,c234,194
16511,c1,152
16512,c5,236
16513,c1,44
16514,c5,18
16515,c1,1364
16516,c1,82
16517,c234,218
16518,c234,508
16519,c5,296
16520,c234,1848
16521,c5,172
16522,c5,327
16523,c1,222
16524,c234,243
16525,c1,243
16526,c234,306
16527,c234,57
16528,c1,876
16529,c1,110
16530,c1,10
16531,c1,100
16532,c234,77
16533,c234,194
16534,c1,575
16535,c1,130
16536,c234,1067
16537,c1,322
16538,c1,113
16539,c234,95
16540,c234,555
16541,c1,113
16542,c234,402
16543,c1,117
16544,c234,80
16545,c1,384
16546,c5,26
16547,c1,277
16548,c234,153
16549,c5,86
16550,c5,144
16551,c234,598
16552,c1,244
16553,c5,4
16554,c1,282
16555,c1,98
16556,c234,353
16557,c1,1397
16558,c1,438
16559,c1,180
16560,c5,129
16561,c234,167
16562,c1,181
16563,c5,286
16564,c1,109
16565,c1,567
16566,c234,282
16567,c234,74
16568,c1,105
16569,c5,62
16570,c1,146
16571,c234,275
16572,c234,175
16573,c1,834
16574,c5,246
16575,c1,583
16576,c5,48
16577,c5,495
16578,c234,40
16579,c1,427
16580,c234,35
16581,c5,83
16582,c1,341
16583,c1,214
16584,c234,434
16585,c234,460
16586,c5,90
16587,c234,401
16588,c234,126
16589,c5,147
16590,c234,428
16591,c234,318
16592,c5,33
16593,c5,385
16594,c234,402
16595,c1,130
16596,c5,209
16597,c234,444
16598,c234,326
16599,c234,339
16600,c234,141
16601,c5,81
16602,c1,58
16603,c234,205
16604,c5,28
16605,c1,70
16606,c5,44
16607,c1,496
16608,c1,88
16609,c5,95
16610,c5,977
16611,c5,576
16612,c1,125
16613,c5,230
16614,c5,562
16615,c5,174
16616,c5,339
16617,c234,62
16618,c234,412
16619,c1,531
16620,c234,723
16621,c234,35
16622,c1,8
16623,c234,228
16624,c234,334
16625,c1,124
16626,c1,214
16627,c1,159
16628,c1,700
16629,c5,1016
16630,c234,66
16631,c234,73
16632,c234,176
16633,c5,239
16634,c234,1005
16635,c1,52
16636,c234,465
16637,c234,355
16638,c234,59
16639,c5,56
16640,c234,39
16641,c1,106
16642,c1,100
16643,c5,183
16644,c1,171
16645,c1,401
16646,c5,476
16647,c234,124
16648,c234,418
16649,c234,367
16650,c234,43
16651,c234,1024
16652,c234,195
16653,c5,664
16654,c5,283
16655,c234,15
16656,c1,222
16657,c5,56
16658,c1,79
16659,c5,63
16660,c5,32
16661,c1,319
16662,c234,140
16663,c5,216
16664,c234,187
16665,c5,442
16666,c5,147
16667,c234,215
16668,c1,767
16669,c5,259
16670,c5,11
16671,c1,183
16672,c1,402
16673,c234,190
16674,c1,109
16675,c5,153
16676,c234,233
16677,c1,151
16678,c1,223
16679,c1,448
16680,c5,386
16681,c1,356
16682,c5,26
16683,c1,271
16684,c234,60
16685,c234,156
16686,c234,174
16687,c1,40
16688,c5,420
16689,c5,1154
16690,c1,68
16691,c1,559
16692,c5,443
16693,c1,65
16694,c234,130
16695,c234,450
16696,c234,310
16697,c5,203
16698,c5,100
16699,c234,385
16700,c5,352
16701,c1,219
16702,c234,129
16703,c5,85
16704,c5,99
16705,c234,802
16706,c5,96
16707,c5,267
16708,c234,394
16709,c5,141
16710,c234,121
16711,c1,282
16712,c5,7
16713,c5,22
16714,c1,290
16715,c234,78
16716,c234,173
16717,c234,230
16718,c234,202
16719,c1,639
16720,c234,25
16721,c1,284
16722,c234,26
16723,c234,76
16724,c234,119
16725,c234,96
16726,c5,501
16727,c1,177
16728,c5,379
16729,c234,87
16730,c5,140
16731,c5,173
16732,c234,145
16733,c1,165
16734,c1,42
16735,c5,9
16736,c234,52
16737,c1,70
16738,c5,348
16739,c5,362
16740,c1,145
16741,c234,220
16742,c5,79
16743,c5,382
16744,c1,374
16745,c234,29
16746,c1,56
16747,c5,82
16748,c234,289
16749,c5,257
16750,c1,151
16751,c234,63
16752,c5,67
16753,c5,665
16754,c234,67
16755,c1,48
16756,c234,45
16757,c1,280
16758,c5,159
16759,c234,1176
16760,c234,264
16761,c1,892
16762,c1,53
16763,c1,330
16764,c1,313
16765,c5,121
16766,c234,134
16767,c5,100
16768,c1,455
16769,c234,183
16770,c234,234
16771,c5,75
16772,c1,327
16773,c1,24
16774,c234,155
16775,c5,258
16776,c234,209
16777,c5,203
16778,c1,683
16779,c234,391
16780,c234,66
16781,c5,51
16782,c1,140
16783,c234,73
16784,c234,293
16785,c5,41
16786,c5,160
16787,c234,106
16788,c234,140
16789,c5,30
16790,c234,43
16791,c1,170
16792,c1,192
16793,c5,300
16794,c234,762
16795,c1,817
16796,c5,180
16797,c234,994
16798,c5,138
16799,c234,158
16800,c5,803
16801,c1,87
16802,c5,66
16803,c5,179
16804,c5,440
16805,c234,785
16806,c5,133
16807,c5,31
16808,c1,290
16809,c234,240
16810,c5,171
16811,c1,417
16812,c1,615
16813,c1,252
16814,c234,36
16815,c234,552
16816,c5,178
16817,c5,476
16818,c5,43
16819,c234,198
16820,c234,121
16821,c1,22
16822,c5,203
16823,c5,84
16824,c1,104
16825,c5,93
16826,c1,207
16827,c5,314
16828,c1,340
16829,c234,188
16830,c5,78
16831,c5,343
16832,c1,205
16833,c1,440
16834,c5,119
16835,c5,46
16836,c1,212
16837,c234,228
16838,c1,362
16839,c234,24
16840,c234,226
16841,c234,54
16842,c1,120
16843,c1,515
16844,c5,77
16845,c5,172
16846,c1,65
16847,c1,353
16848,c234,291
16849,c1,151
16850,c234,466
16851,c1,395
16852,c5,56
16853,c234,86
16854,c1,217
16855,c234,32
16856,c234,18
16857,c234,136
16858,c1,161
16859,c5,345
16860,c234,249
16861,c5,96
16862,c5,15
16863,c234,111
16864,c5,97
16865,c234,528
16866,c1,148
16867,c234,68
16868,c234,35
16869,c1,235
16870,c5,164
16871,c5,70
16872,c234,21
16873,c1,1097
16874,c234,285
16875,c1,121
16876,c5,117
16877,c1,359
16878,c234,180
16879,c5,249
16880,c1,454
16881,c234,141
16882,c5,184
16883,c5,122
16884,c1,389
16885,c234,225
16886,c1,95
16887,c5,390
16888,c5,290
16889,c234,127
16890,c1,85
16891,c1,528
16892,c1,1490
16893,c234,167
16894,c234,262
16895,c234,115
16896,c5,504
16897,c5,114
16898,c5,72
16899,c1,164
16900,c5,390
16901,c1,165
16902,c234,8
16903,c234,288
16904,c234,640
16905,c234,259
16906,c5,770
16907,c5,53
16908,c1,97
16909,c5,297
16910,c5,108
16911,c1,245
16912,c234,80
16913,c1,151
16914,c234,440
16915,c234,253
16916,c1,70
16917,c5,145
16918,c234,81
16919,c234,276
16920,c234,69
16921,c5,38
16922,c5,135
16923,c234,164
16924,c5,209
16925,c234,29
16926,c1,51
16927,c234,244
16928,c1,32
16929,c234,196
16930,c234,1072
16931,c5,127
16932,c1,120
16933,c1,297
16934,c1,62
16935,c1,366
16936,c5,27
16937,c234,424
16938,c234,112
16939,c1,950
16940,c234,1078
16941,c5,292
16942,c1,62
16943,c1,231
16944,c5,334
16945,c234,292
16946,c1,57
16947,c1,23
16948,c1,43
16949,c5,369
16950,c5,126
16951,c234,94
16952,c234,46
16953,c5,64
16954,c5,273
16955,c234,369
16956,c5,288
16957,c5,102
16958,c234,153
16959,c1,306
16960,c234,183
16961,c1,189
16962,c234,95
16963,c1,162
16964,c234,80
16965,c1,26
16966,c5,157
16967,c234,258
16968,c5,34
16969,c5,68
16970,c5,279
16971,c234,1010
16972,c234,172
16973,c5,68
16974,c5,602
16975,c1,127
16976,c5,288
16977,c234,666
16978,c1,89
16979,c5,1000
16980,c5,137
16981,c5,128
16982,c5,24
16983,c5,112
16984,c5,335
16985,c5,85
16986,c1,323
16987,c5,79
16988,c234,120
16989,c234,417
16990,c5,290
16991,c1,165
16992,c234,100
16993,c234,131
16994,c5,26
16995,c5,458
16996,c5,46
16997,c5,309
16998,c234,133
16999,c234,364
17000,c1,316
17001,c1,263
17002,c5,73
17003,c1,739
17004,c1,285
17005,c5,41
17006,c5,1415
17007,c5,168
17008,c5,224
17009,c234,118
17010,c5,35
17011,c1,233
17012,c5,259
17013,c234,264
17014,c5,148
17015,c5,63
17016,c1,23
17017,c234,96
17018,c1,226
17019,c5,231
17020,c5,118
17021,c5,193
17022,c234,262
17023,c1,67
17024,c234,170
17025,c1,255
17026,c234,213
17027,c1,23
17028,c5,418
17029,c5,32
17030,c1,699
17031,c1,262
17032,c234,309
17033,c1,155
17034,c234,898
17035,c234,47
17036,c5,316
17037,c1,1623
17038,c1,186
17039,c234,395
17040,c234,38
17041,c1,76
17042,c1,94
17043,c1,29
17044,c5,36
17045,c1,272
17046,c1,674
17047,c5,11
17048,c234,280
17049,c5,73
17050,c1,25
17051,c5,608
17052,c1,398
17053,c234,555
17054,c1,61
17055,c1,41
17056,c5,211
17057,c1,137
17058,c5,146
17059,c5,61
17060,c1,248
17061,c234,202
17062,c5,24
17063,c234,311
17064,c1,118
17065,c5,55
17066,c1,1034
17067,c5,115
17068,c1,244
17069,c234,202
17070,c234,163
17071,c5,76
17072,c5,256
17073,c5,152
17074,c1,255
17075,c1,70
17076,c5,90
17077,c234,249
17078,c234,52
17079,c234,15
17080,c5,200
17081,c1,175
17082,c234,160
17083,c234,86
17084,c1,214
17085,c5,53
17086,c234,686
17087,c5,164
17088,c234,648
17089,c5,15
17090,c234,30
17091,c5,252
17092,c5,52
17093,c5,211
17094,c5,208
17095,c1,28
17096,c5,66
17097,c1,151
17098,c1,794
17099,c234,317
17100,c5,729
17101,c1,213
17102,c234,247
17103,c1,94
17104,c234,297
17105,c1,109
17106,c1,96
17107,c5,210
17108,c234,31
17109,c5,94
17110,c234,699
17111,c1,566
17112,c5,268
17113,c5,31
17114,c234,553
17115,c1,6
17116,c234,300
17117,c1,391
17118,c1,54
17119,c1,531
17120,c234,98
17121,c5,66
17122,c234,64
17123,c234,218
17124,c1,292
17125,c234,197
17126,c1,139
17127,c234,53
17128,c234,416
17129,c1,64
17130,c5,62
17131,c234,142
17132,c234,103
17133,c1,246
17134,c1,355
17135,c1,31
17136,c1,61
17137,c5,325
17138,c5,60
17139,c234,91
17140,c5,60
17141,c234,380
17142,c234,390
17143,c5,113
17144,c234,338
17145,c234,1143
17146,c234,84
17147,c234,140
17148,c5,323
17149,c1,153
17150,c234,156
17151,c1,166
17152,c1,294
17153,c5,369
17154,c5,149
17155,c5,315
17156,c5,1239
17157,c234,203
17158,c234,382
17159,c1,377
17160,c1,336
17161,c1,133
17162,c5,56
17163,c5,91
17164,c234,40
17165,c234,173
17166,c234,216
17167,c234,419
17168,c1,395
17169,c5,272
17170,c234,468
17171,c1,32
17172,c1,83
17173,c1,23
17174,c234,216
17175,c234,137
17176,c5,152
17177,c5,501
17178,c1,1050
17179,c234,436
17180,c1,150
17181,c5,192
17182,c234,170
17183,c234,8
17184,c5,33
17185,c1,93
17186,c5,419
17187,c1,21
17188,c5,226
17189,c5,11
17190,c1,68
17191,c234,1050
17192,c234,54
17193,c5,26
17194,c234,273
17195,c234,425
17196,c234,320
17197,c5,45
17198,c1,231
17199,c234,282
17200,c5,54
17201,c234,466
17202,c234,128
17203,c234,415
17204,c5,44
17205,c1,192
17206,c1,423
17207,c234,54
17208,c234,225
17209,c234,733
17210,c5,66
17211,c234,451
17212,c5,180
17213,c234,207
17214,c5,310
17215,c5,163
17216,c1,32
17217,c5,1033
17218,c234,282
17219,c5,521
17220,c1,263
17221,c234,110
17222,c5,99
17223,c5,243
17224,c234,24
17225,c234,361
17226,c5,431
17227,c1,65
17228,c234,442
17229,c5,292
17230,c234,110
17231,c234,332
17232,c234,109
17233,c5,78
17234,c5,25
17235,c5,271
17236,c234,30
17237,c5,127
17238,c1,219
17239,c234,445
17240,c5,49
17241,c234,223
17242,c234,221
17243,c1,454
17244,c234,116
17245,c234,159
17246,c5,71
17247,c5,302
17248,c5,58
17249,c5,505
17250,c5,38
17251,c234,82
17252,c5,391
17253,c5,125
17254,c1,94
17255,c5,424
17256,c5,51
17257,c234,307
17258,c5,469
17259,c1,165
17260,c1,109
17261,c5,153
17262,c5,83
17263,c5,299
17264,c5,381
17265,c234,108
17266,c5,139
17267,c1,255
17268,c1,373
17269,c1,541
17270,c5,123
17271,c1,136
17272,c1,107
17273,c1,796
17274,c234,116
17275,c234,418
17276,c5,108
17277,c5,132
17278,c5,315
17279,c234,485
17280,c1,288
17281,c234,397
17282,c5,182
17283,c1,480
17284,c1,163
17285,c1,131
17286,c1,82
17287,c1,98
17288,c234,345
17289,c1,372
17290,c1,361
17291,c5,695
17292,c234,540
17293,c5,567
17294,c5,167
17295,c5,247
17296,c234,525
17297,c1,530
17298,c234,394
17299,c1,125
17300,c5,246
17301,c1,93
17302,c234,93
17303,c5,129
17304,c5,85
17305,c5,323
17306,c5,113
17307,c234,77
17308,c1,45
17309,c1,83
17310,c234,533
17311,c1,62
17312,c1,61
17313,c1,255
17314,c1,110
17315,c5,276
17316,c234,469
17317,c5,247
17318,c1,244
17319,c5,231
17320,c5,812
17321,c234,235
17322,c234,363
17323,c234,353
17324,c5,152
17325,c1,365
17326,c5,56
17327,c234,330
17328,c5,154
17329,c1,224
17330,c234,117
17331,c234,159
17332,c5,208
17333,c5,27
17334,c5,194
17335,c1,612
17336,c5,96
17337,c1,224
17338,c1,129
17339,c5,296
17340,c5,179
17341,c5,68
17342,c5,138
17343,c5,66
17344,c5,148
17345,c1,237
17346,c5,614
17347,c1,85
17348,c5,128
17349,c234,80
17350,c5,102
17351,c1,153
17352,c1,89
17353,c5,395
17354,c234,200
17355,c5,417
17356,c234,108
17357,c234,310
17358,c1,182
17359,c5,106
17360,c1,151
17361,c5,209
17362,c5,45
17363,c234,151
17364,c1,218
17365,c5,187
17366,c234,50
17367,c234,1162
17368,c1,332
17369,c1,1631
17370,c234,233
17371,c5,526
17372,c234,199
17373,c234,19
17374,c5,42
17375,c5,582
17376,c234,120
17377,c5,83
17378,c234,53
17379,c234,82
17380,c234,440
17381,c234,9
17382,c1,193
17383,c234,711
17384,c1,514
17385,c5,97
17386,c5,584
17387,c234,7
17388,c234,67
17389,c5,248
17390,c5,110
17391,c234,320
17392,c1,115
17393,c1,131
17394,c5,119
17395,c1,292
17396,c5,580
17397,c5,545
17398,c234,87
17399,c5,182
17400,c5,262
17401,c1,428
17402,c1,370
17403,c1,178
17404,c1,299
17405,c1,91
17406,c234,194
17407,c1,58
17408,c234,215
17409,c234,88
17410,c234,613
17411,c5,254
17412,c234,302
17413,c234,211
17414,c5,383
17415,c234,125
17416,c234,101
17417,c1,32
17418,c234,187
17419,c234,474
17420,c1,54
17421,c234,211
17422,c5,127
17423,c1,65
17424,c234,501
17425,c1,455
17426,c234,987
17427,c1,159
17428,c5,397
17429,c1,145
17430,c1,124
17431,c234,160
17432,c234,156
17433,c1,361
17434,c1,155
17435,c1,142
17436,c234,282
17437,c234,623
17438,c234,233
17439,c234,267
17440,c234,94
17441,c1,813
17442,c1,110
17443,c5,168
17444,c234,741
17445,c1,676
17446,c234,267
17447,c234,268
17448,c1,86
17449,c5,46
17450,c1,357
17451,c1,118
17452,c234,252
17453,c5,50
17454,c5,204
17455,c234,153
17456,c5,27
17457,c5,174
17458,c5,884
17459,c234,439
17460,c5,65
17461,c5,77
17462,c234,528
17463,c5,1025
17464,c1,143
17465,c234,397
17466,c234,141
17467,c234,82
17468,c5,283
17469,c1,197
17470,c234,157
17471,c1,170
17472,c1,242
17473,c5,43
17474,c1,307
17475,c1,327
17476,c234,290
17477,c234,237
17478,c5,135
17479,c1,18
17480,c1,256
17481,c1,82
17482,c5,706
17483,c5,54
17484,c234,423
17485,c1,407
17486,c5,83
17487,c1,45
17488,c234,485
17489,c1,54
17490,c5,222
17491,c234,75
17492,c1,869
17493,c5,117
17494,c1,399
17495,c1,207
17496,c234,195
17497,c234,179
17498,c1,179
17499,c1,70
17500,c5,84
17501,c234,281
17502,c1,81
17503,c5,107
17504,c1,100
17505,c5,1068
17506,c5,68
17507,c234,131
17508,c234,88
17509,c234,962
17510,c234,47
17511,c1,521
17512,c234,89
17513,c5,444
17514,c234,448
17515,c5,179
17516,c5,129
17517,c1,445
17518,c234,351
17519,c234,153
17520,c5,19
17521,c5,368
17522,c234,463
17523,c1,29
17524,c5,378
17525,c1,368
17526,c5,40
17527,c1,56
17528,c5,42
17529,c5,297
17530,c234,322
17531,c1,84
17532,c234,79
17533,c1,670
17534,c1,284
17535,c1,236
17536,c5,85
17537,c5,118
17538,c234,208
17539,c5,152
17540,c234,1108
17541,c234,406
17542,c5,202
17543,c234,453
17544,c1,310
17545,c234,232
17546,c5,168
17547,c5,28
17548,c5,127
17549,c234,223
17550,c234,161
17551,c5,271
17552,c5,257
17553,c234,497
17554,c1,440
17555,c1,39
17556,c234,288
17557,c5,487
17558,c1,53
17559,c234,126
17560,c5,230
17561,c5,97
17562,c1,322
17563,c5,258
17564,c5,167
17565,c1,164
17566,c1,279
17567,c1,22
17568,c234,183
17569,c234,219
17570,c5,84
17571,c5,115
17572,c1,44
17573,c5,433
17574,c5,178
17575,c5,384
17576,c1,27
17577,c5,191
17578,c1,48
17579,c5,482
17580,c234,196
17581,c1,578
17582,c234,586
17583,c234,61
17584,c234,342
17585,c1,182
17586,c234,475
17587,c1,282
17588,c5,98
17589,c1,461
17590,c234,299
17591,c1,192
17592,c5,1410
17593,c5,30
17594,c1,250
17595,c5,54
17596,c234,653
17597,c1,86
17598,c1,170
17599,c5,251
17600,c5,44
17601,c1,279
17602,c234,293
17603,c234,120
17604,c234,296
17605,c234,124
17606,c234,405
17607,c234,1341
17608,c1,60
17609,c234,41
17610,c1,42
17611,c5,27
17612,c1,457
17613,c234,91
17614,c5,50
17615,c234,961
17616,c234,198
17617,c1,119
17618,c234,76
17619,c234,323
17620,c5,137
17621,c234,121
17622,c1,559
17623,c1,607
17624,c5,156
17625,c5,21
17626,c234,44
17627,c5,7
17628,c5,403
17629,c234,265
17630,c234,367
17631,c5,38
17632,c1,292
17633,c5,245
17634,c5,24
17635,c1,322
17636,c1,36
17637,c5,49
17638,c1,53
17639,c1,119
17640,c234,391
17641,c5,489
17642,c1,133
17643,c1,103
17644,c1,430
17645,c1,157
17646,c5,212
17647,c234,86
17648,c1,455
17649,c5,111
17650,c1,250
17651,c5,115
17652,c1,365
17653,c1,395
17654,c1,291
17655,c234,709
17656,c234,357
17657,c1,398
17658,c1,289
17659,c5,112
17660,c5,601
17661,c1,110
17662,c5,110
17663,c1,101
17664,c1,181
17665,c234,64
17666,c5,397
17667,c5,256
17668,c5,148
17669,c234,247
17670,c234,366
17671,c234,309
17672,c1,108
17673,c1,584
17674,c234,139
17675,c1,235
17676,c234,219
17677,c1,137
17678,c5,117
17679,c234,174
17680,c1,151
17681,c5,300
17682,c234,1752
17683,c1,428
17684,c234,54
17685,c234,481
17686,c5,84
17687,c5,82
17688,c5,234
17689,c5,378
17690,c234,418
17691,c1,62
17692,c234,63
17693,c1,124
17694,c234,735
17695,c234,165
17696,c1,186
17697,c234,97
17698,c1,489
17699,c5,1024
17700,c5,33
17701,c234,230
17702,c234,1284
17703,c5,598
17704,c1,272
17705,c1,810
17706,c234,401
17707,c234,81
17708,c234,125
17709,c5,271
17710,c1,104
17711,c1,151
17712,c234,95
17713,c1,336
17714,c234,326
17715,c1,29
17716,c5,198
17717,c234,153
17718,c1,201
17719,c1,140
17720,c5,266
17721,c234,307
17722,c234,31
17723,c234,191
17724,c5,84
17725,c5,9
17726,c234,121
17727,c5,193
17728,c234,622
17729,c1,596
17730,c5,445
17731,c234,231
17732,c234,1085
17733,c1,221
17734,c1,273
17735,c234,87
17736,c1,560
17737,c5,82
17738,c5,276
17739,c1,342
17740,c234,376
17741,c1,271
17742,c5,549
17743,c1,157
17744,c5,601
17745,c5,308
17746,c5,1143
17747,c234,225
17748,c1,446
17749,c234,282
17750,c1,577
17751,c5,124
17752,c5,11
17753,c1,122
17754,c234,114
17755,c5,231
17756,c5,37
17757,c234,9
17758,c1,341
17759,c234,42
17760,c5,81
17761,c234,300
17762,c1,474
17763,c1,8
17764,c5,570
17765,c234,150
17766,c1,146
17767,c5,166
17768,c234,132
17769,c234,308
17770,c234,746
17771,c234,635
17772,c5,154
17773,c5,233
17774,c5,72
17775,c5,292
17776,c234,920
17777,c234,150
17778,c234,223
17779,c234,263
17780,c5,174
17781,c234,75
17782,c1,333
17783,c1,30
17784,c234,146
17785,c1,191
17786,c5,56
17787,c1,177
17788,c234,188
17789,c234,73
17790,c1,136
17791,c234,154
17792,c5,151
17793,c234,152
17794,c1,290
17795,c234,865
17796,c5,149
17797,c5,205
17798,c1,107
17799,c5,118
17800,c234,39
17801,c5,31
17802,c5,212
17803,c1,404
17804,c1,256
17805,c5,93
17806,c5,304
17807,c234,413
17808,c234,151
17809,c5,271
17810,c5,33
17811,c5,97
17812,c5,214
17813,c234,444
17814,c5,766
17815,c1,55
17816,c5,54
17817,c234,370
17818,c234,420
17819,c234,184
17820,c5,292
17821,c1,235
17822,c234,508
17823,c5,525
17824,c5,61
17825,c234,487
17826,c5,288
17827,c1,62
17828,c1,516
17829,c1,195
17830,c234,383
17831,c5,330
17832,c1,206
17833,c5,59
17834,c1,46
17835,c1,18
17836,c1,169
17837,c1,58
17838,c5,81
17839,c234,279
17840,c234,253
17841,c5,172
17842,c234,82
17843,c1,50
17844,c234,130
17845,c234,213
17846,c1,522
17847,c1,237
17848,c5,218
17849,c5,186
17850,c1,126
17851,c5,28
17852,c234,748
17853,c1,262
17854,c1,79
17855,c234,475
17856,c1,123
17857,c5,240
17858,c1,420
17859,c1,292
17860,c5,116
17861,c5,91
17862,c1,284
17863,c234,331
17864,c234,219
17865,c5,320
17866,c234,166
17867,c234,365
17868,c5,103
17869,c234,34
17870,c5,112
17871,c1,376
17872,c234,107
17873,c5,404
17874,c5,211
17875,c1,70
17876,c5,60
17877,c1,501
17878,c5,279
17879,c5,293
17880,c5,146
17881,c234,154
17882,c1,153
17883,c5,61
17884,c234,371
17885,c234,50
17886,c5,99
17887,c5,567
17888,c234,257
17889,c5,332
17890,c5,44
17891,c5,238
17892,c5,85
17893,c1,461
17894,c234,432
17895,c234,146
17896,c1,401
17897,c234,26
17898,c1,174
17899,c5,325
17900,c5,412
17901,c5,42
17902,c234,52
17903,c5,372
17904,c234,401
17905,c234,158
17906,c1,91
17907,c1,301
17908,c5,870
17909,c234,262
17910,c234,117
17911,c1,422
17912,c1,23
17913,c5,774
17914,c234,726
17915,c5,292
17916,c234,54
17917,c1,91
17918,c5,348
17919,c5,81
17920,c5,49
17921,c1,222
17922,c234,35
17923,c5,43
17924,c234,618
17925,c1,359
17926,c5,73
17927,c234,187
17928,c234,303
17929,c5,117
17930,c5,604
17931,c5,162
17932,c5,88
17933,c234,503
17934,c234,430
17935,c1,173
17936,c234,144
17937,c234,364
17938,c5,282
17939,c1,111
17940,c234,295
17941,c5,178
17942,c1,39
17943,c234,406
17944,c5,68
17945,c5,56
17946,c234,53
17947,c1,49
17948,c5,89
17949,c1,121
17950,c1,153
17951,c1,33
17952,c234,306
17953,c1,587
17954,c1,30
17955,c1,234
17956,c5,189
17957,c234,147
17958,c5,95
17959,c1,290
17960,c234,194
17961,c1,46
17962,c1,157
17963,c234,438
17964,c234,418
17965,c234,127
17966,c234,189
17967,c1,57
17968,c1,156
17969,c5,99
17970,c234,677
17971,c5,35
17972,c234,456
17973,c234,160
17974,c234,148
17975,c1,377
17976,c234,114
17977,c234,155
17978,c234,373
17979,c1,135
17980,c5,155
17981,c234,374
17982,c1,49
17983,c1,387
17984,c234,425
17985,c1,168
17986,c5,169
17987,c5,406
17988,c1,531
17989,c5,256
17990,c1,140
17991,c234,88
17992,c234,282
17993,c5,860
17994,c1,813
17995,c234,308
17996,c1,43
17997,c234,179
17998,c1,285
17999,c1,299
18000,c234,32
18001,c5,197
18002,c5,32
18003,c1,179
18004,c1,367
18005,c5,211
18006,c1,321
18007,c234,144
18008,c234,259
18009,c5,325
18010,c234,354
18011,c1,211
18012,c1,56
18013,c1,19
18014,c5,516
18015,c234,582
18016,c1,625
18017,c5,202
18018,c1,42
18019,c1,107
18020,c1,308
18021,c234,61
18022,c1,437
18023,c5,195
18024,c5,221
18025,c234,48
18026,c234,14
18027,c1,20
18028,c5,24
18029,c5,44
18030,c5,307
18031,c1,336
18032,c1,55
18033,c5,249
18034,c1,242
18035,c1,416
18036,c5,372
18037,c5,169
18038,c1,847
18039,c1,114
18040,c5,120
18041,c234,674
18042,c1,36
18043,c234,419
18044,c5,557
18045,c1,39
18046,c234,45
18047,c234,342
18048,c234,32
18049,c1,70
18050,c5,228
18051,c5,43
18052,c5,232
18053,c5,52
18054,c234,96
18055,c1,1080
18056,c1,298
18057,c5,221
18058,c1,364
18059,c234,78
18060,c5,169
18061,c1,45
18062,c1,105
18063,c5,208
18064,c234,344
18065,c5,445
18066,c1,10
18067,c5,138
18068,c234,682
18069,c1,261
18070,c234,208
18071,c234,205
18072,c1,100
18073,c5,550
18074,c234,225
18075,c5,67
18076,c1,808
18077,c234,66
18078,c5,482
18079,c1,43
18080,c5,478
18081,c5,76
18082,c1,123
18083,c5,27
18084,c234,202
18085,c234,43
18086,c234,71
18087,c5,63
18088,c5,312
18089,c234,65
18090,c234,743
18091,c234,212
18092,c5,483
18093,c1,56
18094,c234,59
18095,c234,367
18096,c1,333
18097,c1,155
18098,c1,211
18099,c234,149
18100,c5,178
18101,c234,121
18102,c1,563
18103,c1,49
18104,c5,29
18105,c234,312
18106,c234,287
18107,c1,630
18108,c1,231
18109,c1,481
18110,c1,463
18111,c234,25
18112,c1,206
18113,c1,631
18114,c5,336
18115,c5,30
18116,c1,222
18117,c1,105
18118,c234,164
18119,c1,126
18120,c234,49
18121,c5,221
18122,c1,111
18123,c5,153
18124,c5,130
18125,c1,437
18126,c234,78
18127,c5,107
18128,c1,82
18129,c5,216
18130,c234,405
18131,c5,212
18132,c5,231
18133,c1,268
18134,c234,15
18135,c1,113
18136,c1,62
18137,c1,391
18138,c1,29
18139,c5,320
18140,c5,297
18141,c5,39
18142,c5,269
18143,c234,289
18144,c5,204
18145,c5,264
18146,c234,675
18147,c5,50
18148,c1,13
18149,c5,77
18150,c5,279
18151,c234,69
18152,c5,112
18153,c234,463
18154,c234,16
18155,c1,96
18156,c1,424
18157,c234,84
18158,c5,828
18159,c234,400
18160,c5,156
18161,c234,440
18162,c5,97
18163,c234,382
18164,c234,215
18165,c1,234
18166,c1,16
18167,c234,139
18168,c1,52
18169,c234,105
18170,c234,157
18171,c1,104
18172,c234,494
18173,c1,557
18174,c1,687
18175,c234,167
18176,c5,743
18177,c1,325
18178,c5,43
18179,c234,116
18180,c1,186
18181,c234,311
18182,c1,602
18183,c5,268
18184,c1,1560
18185,c5,21
18186,c234,369
18187,c1,27
18188,c5,35
18189,c234,124
18190,c234,194
18191,c234,16
18192,c5,34
18193,c1,719
18194,c5,1215
18195,c234,117
18196,c234,220
18197,c5,132
18198,c1,36
18199,c234,168
18200,c234,81
18201,c5,145
18202,c5,1072
18203,c5,186
18204,c234,81
18205,c5,222
18206,c5,686
18207,c1,272
18208,c234,972
18209,c1,324
18210,c1,292
18211,c5,71
18212,c5,13
18213,c234,138
18214,c1,408
18215,c1,317
18216,c234,105
18217,c234,290
18218,c5,255
18219,c234,239
18220,c1,49
18221,c1,59
18222,c1,23
18223,c234,120
18224,c234,357
18225,c5,52
18226,c1,60
18227,c5,43
18228,c1,180
18229,c234,326
18230,c1,59
18231,c5,104
18232,c5,67
18233,c234,459
18234,c5,120
18235,c5,100
18236,c1,77
18237,c1,123
18238,c5,88
18239,c234,44
18240,c234,282
18241,c1,538
18242,c1,81
18243,c234,332
18244,c234,258
18245,c1,50
18246,c234,265
18247,c234,11
18248,c1,94
18249,c234,152
18250,c234,81
18251,c234,183
18252,c5,15
18253,c1,386
18254,c1,126
18255,c5,38
18256,c1,85
18257,c234,237
18258,c5,190
18259,c1,185
18260,c5,506
18261,c5,47
18262,c234,44
18263,c1,43
18264,c1,145
18265,c234,45
18266,c234,246
18267,c234,46
18268,c5,215
18269,c234,330
18270,c1,76
18271,c234,402
18272,c1,127
18273,c5,232
18274,c234,163
18275,c234,313
18276,c234,280
18277,c5,82
18278,c234,232
18279,c234,103
18280,c5,137
18281,c234,102
18282,c1,298
18283,c5,205
18284,c5,121
18285,c5,316
18286,c5,46
18287,c5,148
18288,c234,27
18289,c5,398
18290,c1,531
18291,c234,84
18292,c1,814
18293,c5,997
18294,c234,101
18295,c234,196
18296,c5,43
18297,c5,268
18298,c5,81
18299,c234,100
18300,c234,217
18301,c234,346
18302,c234,388
18303,c1,149
18304,c1,202
18305,c234,113
18306,c1,156
18307,c234,657
18308,c5,657
18309,c234,456
18310,c234,550
18311,c234,179
18312,c5,259
18313,c234,221
18314,c5,344
18315,c5,472
18316,c1,567
18317,c234,115
18318,c234,370
18319,c234,153
18320,c234,118
18321,c234,165
18322,c234,216
18323,c5,32
18324,c5,237
18325,c5,104
18326,c5,24
18327,c1,397
18328,c1,128
18329,c234,140
18330,c1,48
18331,c1,453
18332,c5,211
18333,c234,93
18334,c234,179
18335,c5,655
18336,c5,79
18337,c1,790
18338,c1,521
18339,c234,323
18340,c5,303
18341,c234,375
18342,c1,65
18343,c1,141
18344,c234,96
18345,c5,27
18346,c234,133
18347,c5,99
18348,c5,444
18349,c5,98
18350,c5,49
18351,c234,271
18352,c1,19
18353,c5,88
18354,c234,133
18355,c5,59
18356,c1,38
18357,c234,87
18358,c1,48
18359,c234,482
18360,c1,164
18361,c234,154
18362,c234,166
18363,c234,506
18364,c1,331
18365,c234,829
18366,c5,229
18367,c5,48
18368,c234,821
18369,c5,223
18370,c234,172
18371,c234,452
18372,c1,34
18373,c1,14
18374,c234,292
18375,c5,15
18376,c1,389
18377,c234,349
18378,c5,314
18379,c5,203
18380,c1,430
18381,c1,972
18382,c5,36
18383,c1,96
18384,c1,71
18385,c1,172
18386,c234,172
18387,c5,75
18388,c234,55
18389,c1,296
18390,c5,211
18391,c1,212
18392,c234,501
18393,c234,326
18394,c5,264
18395,c234,192
18396,c234,1130
18397,c5,216
18398,c234,48
18399,c1,127
18400,c234,225
18401,c5,606
18402,c1,390
18403,c5,372
18404,c5,89
18405,c1,44
18406,c234,47
18407,c5,120
18408,c234,73
18409,c234,436
18410,c5,23
18411,c234,268
18412,c5,307
18413,c5,64
18414,c1,479
18415,c234,153
18416,c5,373
18417,c234,206
18418,c234,236
18419,c5,42
18420,c234,95
18421,c1,124
18422,c1,132
18423,c1,44
18424,c5,256
18425,c5,650
18426,c5,213
18427,c5,353
18428,c234,167
18429,c1,472
18430,c5,199
18431,c1,613
18432,c1,180
18433,c1,165
18434,c234,178
18435,c1,134
18436,c1,286
18437,c234,110
18438,c5,427
18439,c1,48
18440,c1,525
18441,c5,210
18442,c5,116
18443,c234,280
18444,c234,216
18445,c234,201
18446,c1,389
18447,c5,171
18448,c234,90
18449,c1,795
18450,c5,51
18451,c5,172
18452,c234,258
18453,c1,344
18454,c1,35
18455,c234,246
18456,c5,155
18457,c234,352
18458,c5,117
18459,c5,290
18460,c234,34
18461,c5,295
18462,c1,755
18463,c234,94
18464,c234,63
18465,c5,535
18466,c234,294
18467,c5,140
18468,c1,428
18469,c1,107
18470,c5,151
18471,c1,172
18472,c5,104
18473,c234,810
18474,c1,43
18475,c5,55
18476,c5,377
18477,c1,290
18478,c234,119
18479,c1,298
18480,c5,254
18481,c5,342
18482,c1,114
18483,c5,51
18484,c5,394
18485,c1,59
18486,c5,22
18487,c5,65
18488,c5,117
18489,c5,403
18490,c5,265
18491,c5,154
18492,c5,150
18493,c5,212
18494,c1,263
18495,c5,233
18496,c234,36
18497,c1,823
18498,c5,514
18499,c5,44
18500,c5,200
18501,c5,421
18502,c234,52
18503,c234,779
18504,c234,324
18505,c234,25
18506,c234,370
18507,c5,980
18508,c1,55
18509,c234,26
18510,c1,49
18511,c234,490
18512,c234,81
18513,c1,733
18514,c234,370
18515,c5,796
18516,c5,59
18517,c234,285
18518,c1,490
18519,c1,305
18520,c234,100
18521,c1,132
18522,c5,247
18523,c5,175
18524,c5,113
18525,c1,214
18526,c5,147
18527,c5,88
18528,c234,332
18529,c1,116
18530,c5,28
18531,c234,316
18532,c234,140
18533,c5,388
18534,c1,127
18535,c1,112
18536,c1,172
18537,c234,119
18538,c1,65
18539,c5,220
18540,c5,612
18541,c5,74
18542,c5,118
18543,c5,321
18544,c5,100
18545,c1,286
18546,c5,459
18547,c234,402
18548,c1,390
18549,c1,215
18550,c234,125
18551,c1,153
18552,c5,478
18553,c1,889
18554,c1,32
18555,c1,146
18556,c1,198
18557,c5,269
18558,c1,81
18559,c5,146
18560,c234,210
18561,c5,6
18562,c234,145
18563,c234,593
18564,c5,361
18565,c1,342
18566,c1,423
18567,c234,1934
18568,c1,423
18569,c1,55
18570,c1,578
18571,c1,306
18572,c1,417
18573,c1,164
18574,c5,50
18575,c234,321
18576,c1,470
18577,c5,40
18578,c1,186
18579,c5,95
18580,c5,336
18581,c5,205
18582,c1,169
18583,c1,59
18584,c1,52
18585,c5,69
18586,c234,60
18587,c234,589
18588,c234,64
18589,c234,364
18590,c5,186
18591,c234,50
18592,c1,621
18593,c1,269
18594,c1,126
18595,c234,357
18596,c234,192
18597,c234,105
18598,c5,80
18599,c234,213
18600,c234,143
18601,c5,141
18602,c5,138
18603,c5,286
18604,c5,119
18605,c234,191
18606,c234,97
18607,c5,227
18608,c5,493
18609,c234,81
18610,c234,408
18611,c5,270
18612,c1,204
18613,c5,31
18614,c5,170
18615,c234,242
18616,c234,21
18617,c1,551
18618,c1,287
18619,c5,95
18620,c234,244
18621,c5,28
18622,c1,143
18623,c5,69
18624,c234,9
18625,c234,153
18626,c5,579
18627,c234,529
18628,c5,208
18629,c1,72
18630,c1,23
18631,c1,168
18632,c234,105
18633,c1,134
18634,c5,339
18635,c234,81
18636,c5,210
18637,c1,231
18638,c234,61
18639,c5,351
18640,c234,214
18641,c5,91
18642,c5,220
18643,c1,1824
18644,c234,1689
18645,c234,227
18646,c5,67
18647,c1,136
18648,c1,174
18649,c5,680
18650,c5,272
18651,c1,392
18652,c234,160
18653,c5,501
18654,c5,126
18655,c5,346
18656,c5,280
18657,c234,71
18658,c5,280
18659,c1,823
18660,c5,113
18661,c1,265
18662,c5,279
18663,c5,135
18664,c234,149
18665,c234,273
18666,c1,493
18667,c234,482
18668,c234,58
18669,c1,683
18670,c5,135
18671,c1,354
18672,c1,721
18673,c234,680
18674,c5,25
18675,c234,271
18676,c1,185
18677,c5,394
18678,c1,161
18679,c234,1046
18680,c234,123
18681,c1,65
18682,c234,75
18683,c5,64
18684,c5,87
18685,c1,450
18686,c1,522
18687,c234,224
18688,c234,156
18689,c234,217
18690,c234,429
18691,c234,15
18692,c5,112
18693,c234,155
18694,c234,251
18695,c5,273
18696,c1,630
18697,c234,8
18698,c5,193
18699,c5,180
18700,c5,83
18701,c1,226
18702,c5,604
18703,c234,86
18704,c5,59
18705,c234,81
18706,c5,30
18707,c1,211
18708,c5,131
18709,c234,48
18710,c5,244
18711,c5,35
18712,c1,421
18713,c234,37
18714,c5,116
18715,c5,215
18716,c234,451
18717,c1,278
18718,c5,300
18719,c234,861
18720,c5,423
18721,c1,168
18722,c1,227
18723,c234,104
18724,c5,172
18725,c5,204
18726,c1,582
18727,c5,1445
18728,c1,78
18729,c234,122
18730,c234,423
18731,c234,378
18732,c5,15
18733,c234,96
18734,c5,81
18735,c234,621
18736,c5,397
18737,c5,85
18738,c1,108
18739,c5,161
18740,c234,87
18741,c1,120
18742,c5,441
18743,c234,86
18744,c234,207
18745,c5,115
18746,c5,274
18747,c234,802
18748,c234,105
18749,c5,508
18750,c1,167
18751,c5,240
18752,c1,418
18753,c1,200
18754,c1,82
18755,c1,228
18756,c234,40
18757,c234,104
18758,c1,105
18759,c1,126
18760,c5,39
18761,c5,177
18762,c1,265
18763,c1,341
18764,c234,256
18765,c234,118
18766,c5,71
18767,c5,226
18768,c1,331
18769,c1,237
18770,c234,146
18771,c1,290
18772,c234,330
18773,c5,60
18774,c1,606
18775,c5,161
18776,c234,274
18777,c5,319
18778,c1,32
18779,c5,310
18780,c234,180
18781,c234,52
18782,c5,94
18783,c234,228
18784,c1,277
18785,c234,125
18786,c1,142
18787,c234,424
18788,c5,51
18789,c1,36
18790,c5,251
18791,c234,65
18792,c5,564
18793,c1,60
18794,c1,145
18795,c5,529
18796,c5,302
18797,c5,132
18798,c234,145
18799,c234,468
18800,c234,1135
18801,c1,15
18802,c5,81
18803,c234,547
18804,c5,549
18805,c234,101
18806,c234,25
18807,c5,277
18808,c1,26
18809,c234,35
18810,c5,183
18811,c5,298
18812,c234,161
18813,c234,1223
18814,c5,296
18815,c234,86
18816,c5,248
18817,c1,9
18818,c5,30
18819,c5,315
18820,c234,207
18821,c1,108
18822,c5,344
18823,c1,244
18824,c234,9
18825,c5,437
18826,c234,437
18827,c234,78
18828,c1,217
18829,c1,26
18830,c1,68
18831,c1,124
18832,c1,279
18833,c5,59
18834,c5,418
18835,c1,70
18836,c1,79
18837,c5,266
18838,c5,79
18839,c234,68
18840,c5,77
18841,c1,264
18842,c234,276
18843,c234,117
18844,c234,36
18845,c5,537
18846,c1,119
18847,c234,122
18848,c5,402
18849,c5,141
18850,c1,227
18851,c234,27
18852,c5,115
18853,c234,443
18854,c1,84
18855,c1,211
18856,c5,326
18857,c5,336
18858,c1,96
18859,c1,616
18860,c234,3103
18861,c1,966
18862,c234,507
18863,c5,150
18864,c234,551
18865,c1,566
18866,c5,136
18867,c1,6
18868,c5,279
18869,c1,49
18870,c5,41
18871,c1,29
18872,c234,210
18873,c5,35
18874,c234,56
18875,c1,1173
18876,c1,164
18877,c1,143
18878,c234,62
18879,c234,237
18880,c234,772
18881,c5,155
18882,c5,245
18883,c234,694
18884,c234,174
18885,c1,545
18886,c1,222
18887,c5,97
18888,c234,146
18889,c5,173
18890,c1,59
18891,c5,213
18892,c1,93
18893,c234,340
18894,c234,132
18895,c234,1318
18896,c1,116
18897,c5,97
18898,c1,262
18899,c234,30
18900,c234,401
18901,c1,52
18902,c5,57
18903,c1,104
18904,c5,100
18905,c5,29
18906,c234,715
18907,c234,78
18908,c5,58
18909,c234,130
18910,c5,116
18911,c1,358
18912,c234,84
18913,c5,49
18914,c5,122
18915,c234,551
18916,c234,133
18917,c1,443
18918,c5,36
18919,c234,389
18920,c5,686
18921,c1,49
18922,c5,380
18923,c1,247
18924,c1,792
18925,c234,32
18926,c1,74
18927,c1,149
18928,c234,33
18929,c234,118
18930,c5,366
18931,c234,311
18932,c1,230
18933,c5,1105
18934,c1,481
18935,c234,146
18936,c234,178
18937,c234,387
18938,c234,225
18939,c5,149
18940,c5,159
18941,c1,10
18942,c5,147
18943,c234,1204
18944,c234,296
18945,c1,128
18946,c234,452
18947,c5,403
18948,c234,409
18949,c5,204
18950,c234,107
18951,c1,308
18952,c1,885
18953,c5,79
18954,c5,1154
18955,c234,202
18956,c234,148
18957,c1,246
18958,c1,274
18959,c5,266
18960,c234,340
18961,c1,654
18962,c5,128
18963,c5,303
18964,c5,214
18965,c5,641
18966,c234,436
18967,c1,255
18968,c234,46
18969,c234,48
18970,c1,358
18971,c234,42
18972,c234,446
18973,c234,772
18974,c234,456
18975,c5,28
18976,c5,447
18977,c1,321
18978,c1,44
18979,c5,347
18980,c234,163
18981,c5,284
18982,c234,178
18983,c234,672
18984,c234,173
18985,c1,588
18986,c5,33
18987,c5,682
18988,c5,280
18989,c234,41
18990,c234,441
18991,c234,286
18992,c234,3103
18993,c5,328
18994,c1,353
18995,c5,382
18996,c5,2113
18997,c234,319
18998,c5,197
18999,c1,793
19000,c5,180
19001,c1,249
19002,c234,173
19003,c234,66
19004,c5,69
19005,c1,57
19006,c5,380
19007,c234,308
19008,c234,121
19009,c234,251
19010,c234,378
19011,c234,576
19012,c1,451
19013,c5,121
19014,c5,154
19015,c234,377
19016,c1,99
19017,c234,1076
19018,c234,244
19019,c1,282
19020,c5,117
19021,c1,364
19022,c234,117
19023,c234,122
19024,c5,22
19025,c1,524
19026,c5,264
19027,c5,96
19028,c1,10
19029,c234,87
19030,c234,252
19031,c1,893
19032,c234,1513
19033,c1,251
19034,c5,186
19035,c234,321
19036,c5,85
19037,c5,143
19038,c5,141
19039,c5,75
19040,c5,406
19041,c1,242
19042,c234,30
19043,c1,208
19044,c1,196
19045,c234,190
19046,c234,36
19047,c234,311
19048,c234,304
19049,c234,249
19050,c234,376
19051,c234,514
19052,c234,29
19053,c1,17
19054,c1,787
19055,c5,120
19056,c5,643
19057,c234,187
19058,c5,917
19059,c1,100
19060,c5,143
19061,c1,66
19062,c5,84
19063,c1,65
19064,c234,574
19065,c1,329
19066,c5,46
19067,c1,244
19068,c234,139
19069,c1,470
19070,c234,313
19071,c234,67
19072,c1,201
19073,c1,112
19074,c1,330
19075,c1,100
19076,c1,29
19077,c1,632
19078,c234,997
19079,c5,822
19080,c5,69
19081,c1,672
19082,c1,175
19083,c234,32
19084,c5,115
19085,c234,9
19086,c1,620
19087,c1,34
19088,c5,142
19089,c234,339
19090,c234,149
19091,c5,461
19092,c234,216
19093,c234,1202
19094,c234,356
19095,c234,100
19096,c1,384
19097,c234,401
19098,c1,375
19099,c5,27
19100,c234,108
19101,c1,53
19102,c1,65
19103,c234,332
19104,c5,109
19105,c234,364
19106,c5,142
19107,c234,64
19108,c234,108
19109,c5,240
19110,c234,328
19111,c1,93
19112,c234,177
19113,c5,86
19114,c234,443
19115,c234,176
19116,c5,67
19117,c234,801
19118,c1,85
19119,c5,146
19120,c234,408
19121,c5,171
19122,c5,303
19123,c1,81
19124,c1,454
19125,c1,305
19126,c1,299
19127,c234,197
19128,c234,285
19129,c1,418
19130,c5,190
19131,c1,9
19132,c5,186
19133,c1,441
19134,c5,74
19135,c1,218
19136,c1,46
19137,c234,144
19138,c234,204
19139,c1,441
19140,c5,685
19141,c5,171
19142,c5,17
19143,c234,195
19144,c5,130
19145,c1,503
19146,c1,137
19147,c5,102
19148,c234,168
19149,c1,276
19150,c234,698
19151,c234,99
19152,c1,11
19153,c5,288
19154,c234,663
19155,c1,485
19156,c234,543
19157,c1,238
19158,c5,232
19159,c5,126
19160,c5,481
19161,c5,93
19162,c234,308
19163,c5,42
19164,c1,394
19165,c234,392
19166,c1,116
19167,c234,172
19168,c234,79
19169,c1,55
19170,c1,324
19171,c234,162
19172,c234,83
19173,c5,220
19174,c5,218
19175,c234,67
19176,c1,81
19177,c5,172
19178,c5,324
19179,c234,320
19180,c1,157
19181,c1,59
19182,c5,97
19183,c234,354
19184,c234,421
19185,c5,702
19186,c5,421
19187,c234,269
19188,c234,311
19189,c1,11
19190,c5,1917
19191,c5,132
19192,c1,91
19193,c234,593
19194,c1,828
19195,c234,272
19196,c5,81
19197,c234,140
19198,c5,100
19199,c1,1520
19200,c1,101
19201,c234,285
19202,c5,50
19203,c234,145
19204,c1,292
19205,c1,107
19206,c5,28
19207,c5,174
19208,c5,231
19209,c234,21
19210,c5,375
19211,c5,374
19212,c1,86
19213,c234,595
19214,c1,98
19215,c5,84
19216,c5,35
19217,c1,312
19218,c1,244
19219,c234,53
19220,c1,130
19221,c1,40
19222,c5,389
19223,c5,7
19224,c1,413
19225,c1,87
19226,c234,240
19227,c234,223
19228,c1,152
19229,c5,301
19230,c234,199
19231,c1,336
19232,c234,292
19233,c5,22
19234,c234,150
19235,c5,110
19236,c234,115
19237,c5,351
19238,c5,73
19239,c5,14
19240,c1,124
19241,c5,88
19242,c234,242
19243,c5,93
19244,c1,93
19245,c234,82
19246,c5,239
19247,c1,148
19248,c234,380
19249,c1,60
19250,c234,88
19251,c234,341
19252,c234,444
19253,c1,413
19254,c5,26
19255,c1,57
19256,c234,262
19257,c1,13
19258,c234,263
19259,c1,158
19260,c5,86
19261,c5,43
19262,c1,192
19263,c234,119
19264,c1,336
19265,c234,60
19266,c1,533
19267,c1,246
19268,c5,357
19269,c234,1076
19270,c5,164
19271,c5,8
19272,c1,740
19273,c234,452
19274,c5,39
19275,c234,136
19276,c1,223
19277,c5,47
19278,c1,126
19279,c1,218
19280,c234,108
19281,c5,1102
19282,c1,153
19283,c5,2009
19284,c5,93
19285,c5,17
19286,c5,545
19287,c5,52
19288,c1,754
19289,c5,126
19290,c5,800
19291,c234,144
19292,c234,250
19293,c5,683
19294,c234,297
19295,c1,366
19296,c1,733
19297,c5,55
19298,c1,336
19299,c234,456
19300,c234,559
19301,c234,280
19302,c234,628
19303,c1,199
19304,c1,155
19305,c234,217
19306,c5,94
19307,c1,203
19308,c5,23
19309,c5,7
19310,c1,1080
19311,c234,310
19312,c1,44
19313,c5,487
19314,c234,146
19315,c1,153
19316,c234,462
19317,c234,97
19318,c5,303
19319,c234,483
19320,c234,178
19321,c5,89
19322,c1,231
19323,c1,29
19324,c234,84
19325,c234,671
19326,c5,69
19327,c234,40
19328,c234,105
19329,c5,69
19330,c5,730
19331,c1,140
19332,c234,1938
19333,c1,33
19334,c234,94
19335,c234,18
19336,c1,1053
19337,c1,177
19338,c1,246
19339,c234,204
19340,c5,85
19341,c1,952
19342,c1,194
19343,c1,378
19344,c234,341
19345,c5,70
19346,c234,504
19347,c5,193
19348,c5,244
19349,c234,845
19350,c234,342
19351,c5,201
19352,c5,56
19353,c5,398
19354,c1,120
19355,c5,107
19356,c1,282
19357,c234,271
19358,c234,684
19359,c5,69
19360,c5,215
19361,c5,119
19362,c5,19
19363,c5,207
19364,c234,1132
19365,c234,137
19366,c1,105
19367,c1,413
19368,c5,198
19369,c234,270
19370,c1,383
19371,c1,284
19372,c234,168
19373,c5,278
19374,c1,1200
19375,c1,638
19376,c1,401
19377,c5,245
19378,c5,395
19379,c234,290
19380,c234,303
19381,c1,119
19382,c5,318
19383,c234,71
19384,c1,48
19385,c5,152
19386,c5,151
19387,c1,478
19388,c234,373
19389,c1,261
19390,c5,111
19391,c1,358
19392,c1,250
19393,c234,318
19394,c5,210
19395,c1,102
19396,c5,375
19397,c234,80
19398,c1,489
19399,c5,181
19400,c5,234
19401,c234,56
19402,c1,460
19403,c234,58
19404,c5,168
19405,c5,13
19406,c234,146
19407,c5,129
19408,c1,25
19409,c5,349
19410,c234,138
19411,c5,261
19412,c5,121
19413,c1,279
19414,c1,375
19415,c5,130
19416,c1,354
19417,c5,223
19418,c1,393
19419,c5,114
19420,c5,329
19421,c5,550
19422,c5,263
19423,c234,167
19424,c5,149
19425,c234,79
19426,c234,89
19427,c234,100
19428,c1,82
19429,c234,184
19430,c234,766
19431,c5,125
19432,c5,207
19433,c234,121
19434,c5,994
19435,c234,45
19436,c5,530
19437,c1,145
19438,c5,221
19439,c5,177
19440,c234,274
19441,c5,226
19442,c5,167
19443,c5,96
19444,c1,301
19445,c1,98
19446,c234,419
19447,c5,91
19448,c5,301
19449,c1,482
19450,c234,303
19451,c5,241
19452,c5,26
19453,c5,96
19454,c234,50
19455,c234,551
19456,c1,57
19457,c1,487
19458,c5,86
19459,c234,123
19460,c5,238
19461,c1,30
19462,c234,109
19463,c5,156
19464,c5,385
19465,c5,178
19466,c5,463
19467,c5,178
19468,c234,118
19469,c234,418
19470,c234,746
19471,c5,229
19472,c5,238
19473,c1,373
19474,c234,233
19475,c1,41
19476,c1,796
19477,c1,123
19478,c234,80
19479,c234,24
19480,c1,81
19481,c5,44
19482,c5,225
19483,c234,318
19484,c1,210
19485,c1,81
19486,c234,247
19487,c234,290
19488,c1,123
19489,c234,95
19490,c1,137
19491,c1,25
19492,c234,114
19493,c1,212
19494,c5,14
19495,c1,123
19496,c234,185
19497,c1,196
19498,c5,1583
19499,c5,156
19500,c1,168
19501,c5,71
19502,c5,430
19503,c234,45
19504,c5,273
19505,c1,73
19506,c1,480
19507,c1,63
19508,c5,91
19509,c234,6
19510,c1,355
19511,c1,239
19512,c5,371
19513,c1,251
19514,c234,196
19515,c234,97
19516,c234,392
19517,c5,338
19518,c234,95
19519,c5,153
19520,c5,112
19521,c1,119
19522,c1,27
19523,c5,230
19524,c5,153
19525,c1,78
19526,c234,37
19527,c1,609
19528,c234,110
19529,c234,288
19530,c5,441
19531,c5,81
19532,c1,491
19533,c234,974
19534,c234,454
19535,c1,1051
19536,c234,82
19537,c5,204
19538,c1,403
19539,c234,91
19540,c1,139
19541,c5,90
19542,c1,335
19543,c5,394
19544,c1,250
19545,c1,106
19546,c1,364
19547,c1,749
19548,c234,75
19549,c234,100
19550,c5,449
19551,c5,255
19552,c234,61
19553,c234,201
19554,c234,168
19555,c1,184
19556,c1,943
19557,c234,29
19558,c1,335
19559,c5,123
19560,c234,26
19561,c5,107
19562,c1,201
19563,c234,36
19564,c234,520
19565,c1,179
19566,c1,107
19567,c234,236
19568,c5,141
19569,c5,173
19570,c5,8
19571,c5,286
19572,c234,175
19573,c1,360
19574,c234,406
19575,c234,67
19576,c5,87
19577,c1,262
19578,c5,292
19579,c1,177
19580,c5,525
19581,c234,57
19582,c5,197
19583,c234,197
19584,c1,81
19585,c1,145
19586,c234,544
19587,c5,81
19588,c5,171
19589,c234,723
19590,c234,199
19591,c5,32
19592,c1,109
19593,c5,122
19594,c234,67
19595,c5,40
19596,c5,51
19597,c1,41
19598,c5,52
19599,c234,164
19600,c5,51
19601,c5,107
19602,c1,402
19603,c5,98
19604,c234,226
19605,c1,311
19606,c1,105
19607,c234,555
19608,c5,252
19609,c5,69
19610,c1,156
19611,c5,126
19612,c234,52
19613,c5,36
19614,c234,12
19615,c1,296
19616,c1,58
19617,c234,74
19618,c234,166
19619,c1,146
19620,c234,390
19621,c1,295
19622,c234,574
19623,c1,259
19624,c5,118
19625,c234,65
19626,c1,51
19627,c234,180
19628,c234,538
19629,c234,411
19630,c234,443
19631,c5,1068
19632,c5,243
19633,c1,211
19634,c1,531
19635,c234,1055
19636,c234,35
19637,c1,166
19638,c5,159
19639,c1,205
19640,c234,48
19641,c1,85
19642,c234,186
19643,c234,26
19644,c234,449
19645,c5,80
19646,c5,28
19647,c5,203
19648,c1,49
19649,c1,390
19650,c5,131
19651,c234,736
19652,c1,44
19653,c5,49
19654,c1,225
19655,c5,217
19656,c234,41
19657,c1,356
19658,c234,359
19659,c234,723
19660,c1,399
19661,c5,94
19662,c234,22
19663,c5,102
19664,c5,32
19665,c1,348
19666,c1,65
19667,c234,306
19668,c5,363
19669,c234,157
19670,c234,125
19671,c1,143
19672,c1,170
19673,c1,211
19674,c5,51
19675,c234,259
19676,c234,97
19677,c234,1030
19678,c234,7
19679,c234,194
19680,c5,519
19681,c1,863
19682,c5,40
19683,c5,57
19684,c1,81
19685,c5,319
19686,c1,152
19687,c5,83
19688,c5,281
19689,c234,313
19690,c5,106
19691,c1,157
19692,c234,71
19693,c1,647
19694,c1,166
19695,c5,25
19696,c234,302
19697,c234,81
19698,c1,191
19699,c1,107
19700,c1,1678
19701,c234,713
19702,c5,168
19703,c1,81
19704,c5,813
19705,c5,166
19706,c5,142
19707,c234,653
19708,c5,125
19709,c1,229
19710,c234,790
19711,c1,158
19712,c234,341
19713,c1,75
19714,c1,363
19715,c234,118
19716,c234,45
19717,c1,212
19718,c5,251
19719,c1,634
19720,c234,179
19721,c5,64
19722,c1,749
19723,c5,123
19724,c5,77
19725,c5,299
19726,c234,494
19727,c1,119
19728,c1,475
19729,c234,847
19730,c5,126
19731,c5,198
19732,c5,375
19733,c234,291
19734,c234,117
19735,c5,131
19736,c234,282
19737,c234,191
19738,c1,15
19739,c1,356
19740,c5,66
19741,c234,162
19742,c1,344
19743,c234,257
19744,c1,740
19745,c5,143
19746,c1,292
19747,c234,23
19748,c5,55
19749,c5,152
19750,c234,754
19751,c234,370
19752,c5,68
19753,c5,53
19754,c5,220
19755,c234,73
19756,c234,84
19757,c5,47
19758,c1,530
19759,c1,255
19760,c5,132
19761,c1,124
19762,c234,68
19763,c1,386
19764,c1,168
19765,c5,14
19766,c234,90
19767,c5,85
19768,c234,306
19769,c1,130
19770,c5,333
19771,c5,138
19772,c1,83
19773,c1,69
19774,c234,90
19775,c5,72
19776,c5,178
19777,c234,373
19778,c5,157
19779,c1,222
19780,c234,87
19781,c5,93
19782,c234,126
19783,c5,276
19784,c1,272
19785,c5,236
19786,c234,278
19787,c234,80
19788,c1,402
19789,c1,715
19790,c234,104
19791,c234,667
19792,c234,320
19793,c234,240
19794,c5,76
19795,c5,142
19796,c5,141
19797,c234,125
19798,c234,667
19799,c5,325
19800,c1,9
19801,c5,34
19802,c5,372
19803,c5,458
19804,c234,239
19805,c1,73
19806,c234,211
19807,c5,329
19808,c5,273
19809,c234,376
19810,c5,161
19811,c1,83
19812,c1,228
19813,c234,222
19814,c1,186
19815,c234,63
19816,c5,171
19817,c234,251
19818,c5,49
19819,c234,30
19820,c5,66
19821,c1,229
19822,c5,33
19823,c5,190
19824,c1,45
19825,c5,88
19826,c1,149
19827,c1,466
19828,c234,139
19829,c1,246
19830,c234,68
19831,c234,393
19832,c1,318
19833,c5,830
19834,c234,331
19835,c234,546
19836,c234,384
19837,c5,484
19838,c234,321
19839,c1,741
19840,c234,79
19841,c1,221
19842,c234,52
19843,c1,32
19844,c234,80
19845,c234,12
19846,c234,467
19847,c1,226
19848,c5,308
19849,c234,122
19850,c5,118
19851,c1,96
19852,c234,64
19853,c1,118
19854,c234,1401
19855,c1,601
19856,c5,262
19857,c234,334
19858,c234,573
19859,c234,54
19860,c5,184
19861,c5,27
19862,c234,219
19863,c1,418
19864,c234,443
19865,c1,287
19866,c5,139
19867,c5,133
19868,c5,6
19869,c1,500
19870,c5,655
19871,c5,44
19872,c5,180
19873,c1,224
19874,c1,101
19875,c1,678
19876,c5,11
19877,c234,94
19878,c5,25
19879,c1,152
19880,c1,61
19881,c1,323
19882,c5,471
19883,c5,61
19884,c234,178
19885,c234,470
19886,c234,133
19887,c1,289
19888,c5,15
19889,c234,166
19890,c1,165
19891,c1,315
19892,c1,235
19893,c234,81
19894,c1,54
19895,c5,282
19896,c234,409
19897,c234,58
19898,c1,352
19899,c5,164
19900,c234,74
19901,c5,478
19902,c5,180
19903,c234,304
19904,c234,39
19905,c5,265
19906,c5,80
19907,c1,353
19908,c5,96
19909,c234,141
19910,c1,308
19911,c234,103
19912,c234,143
19913,c1,491
19914,c1,228
19915,c1,372
19916,c234,244
19917,c5,308
19918,c234,308
19919,c1,306
19920,c5,119
19921,c5,14
19922,c234,532
19923,c1,105
19924,c1,464
19925,c5,299
19926,c5,242
19927,c1,554
19928,c5,87
19929,c1,73
19930,c234,252
19931,c5,206
19932,c5,45
19933,c234,280
19934,c5,70
19935,c234,35
19936,c5,153
19937,c5,258
19938,c234,207
19939,c234,187
19940,c5,2105
19941,c5,57
19942,c1,89
19943,c234,292
19944,c234,1879
19945,c1,191
19946,c234,750
19947,c1,47
19948,c234,106
19949,c1,81
19950,c1,288
19951,c5,194
19952,c5,376
19953,c234,132
19954,c5,117
19955,c234,10
19956,c234,278
19957,c234,126
19958,c234,236
19959,c234,381
19960,c234,407
19961,c234,152
19962,c1,76
19963,c234,413
19964,c234,113
19965,c1,107
19966,c1,147
19967,c5,415
19968,c5,133
19969,c1,351
19970,c5,77
19971,c234,98
19972,c1,1109
19973,c234,169
19974,c234,555
19975,c1,32
19976,c234,131
19977,c1,644
19978,c5,87
19979,c5,54
19980,c5,99
19981,c234,212
19982,c1,188
19983,c1,279
19984,c234,229
19985,c5,94
19986,c1,321
19987,c5,503
19988,c1,134
19989,c5,179
19990,c1,157
19991,c234,303
19992,c5,995
19993,c5,694
19994,c234,127
19995,c234,28
19996,c5,530
19997,c234,35
19998,c234,248
19999,c5,49
20000,c1,317
20001,c1,230
20002,c5,122
20003,c1,91
20004,c234,607
20005,c234,231
20006,c234,229
20007,c5,425
20008,c234,94
20009,c234,182
20010,c1,97
20011,c1,232
20012,c1,143
20013,c5,219
20014,c234,573
20015,c234,15
20016,c1,40
20017,c234,141
20018,c5,38
20019,c1,162
20020,c1,170
20021,c234,137
20022,c5,107
20023,c5,351
20024,c5,95
20025,c234,246
20026,c1,12
20027,c234,63
20028,c234,321
20029,c234,247
20030,c5,273
20031,c1,247
20032,c5,60
20033,c234,443
20034,c1,216
20035,c5,198
20036,c234,145
20037,c5,263
20038,c1,43
20039,c1,99
20040,c1,242
20041,c1,240
20042,c234,146
20043,c234,26
20044,c234,114
20045,c1,120
20046,c1,29
20047,c234,27
20048,c5,29
20049,c5,49
20050,c1,122
20051,c1,87
20052,c5,492
20053,c234,312
20054,c5,183
20055,c1,258
20056,c1,81
20057,c1,365
20058,c234,138
20059,c234,271
20060,c234,244
20061,c1,193
20062,c5,223
20063,c234,235
20064,c5,115
20065,c234,373
20066,c234,287
20067,c234,53
20068,c1,307
20069,c1,353
20070,c234,36
20071,c234,305
20072,c5,74
20073,c1,156
20074,c1,34
20075,c5,517
20076,c5,59
20077,c5,127
20078,c1,282
20079,c234,303
20080,c5,359
20081,c234,673
20082,c234,536
20083,c1,357
20084,c234,237
20085,c234,161
20086,c5,114
20087,c1,62
20088,c1,139
20089,c1,67
20090,c1,152
20091,c5,368
